subcity,bedrooms,bathrooms,area_sqm,has_water_tank,has_generator,is_furnished,description_text,rent_price_etb
Kolfe,2,2,92.4,0,0,0,2-bedroom unit in Kolfe for long-term rental. Floor space of 92 square metres. Well maintained apartment. Ideal for families or professionals.,26500.0
Kirkos,5,3,147.4,0,0,0,"5-bedroom apartment in Kirkos available for rent. 147 square metres, well laid out. Well maintained apartment. Quiet neighbourhood with good access to transport.",62000.0
Lidetta,1,1,56.0,0,0,1,1-bedroom unit in Lidetta for long-term rental. About 56 square metres of living space. Furnished and ready to move in. Well maintained and secure.,17500.0
Gulele,3,1,111.1,1,0,0,3-bedroom apartment in Gulele available for rent. Floor space of 111 square metres. Features a private water tank. Close to schools and markets.,34500.0
Bole,5,3,131.9,0,0,0,"Apartment with 5 bedrooms in Bole, now available. Floor space of 132 square metres. Well maintained apartment. Quiet neighbourhood with good access to transport.",59500.0
Addis Ketema,5,3,160.4,0,0,0,5-bedroom unit in Addis Ketema for long-term rental. Floor space of 160 square metres. Well maintained apartment. Well maintained and secure.,47500.0
Kolfe,2,1,74.6,1,1,0,2-bedroom unit in Kolfe for long-term rental. Floor space of 75 square metres. Features a private water tank. Comes with a backup generator. Well maintained and secure.,26000.0
Kolfe,4,3,134.4,1,0,0,4-bedroom apartment in Kolfe available for rent. Floor space of 134 square metres. Features a private water tank. Well maintained and secure.,43000.0
Bole,1,1,57.7,1,0,0,1-bedroom apartment in Bole available for rent. Floor space of 58 square metres. Features a private water tank. Close to schools and markets.,25000.0
Arada,1,1,60.8,0,0,0,"1-bedroom unit in Arada for long-term rental. 61 square metres, well laid out. Well maintained apartment. Close to schools and markets.",21500.0
Kirkos,2,1,76.9,0,0,0,2-bedroom unit in Kirkos for long-term rental. About 77 square metres of living space. Well maintained apartment. Close to schools and markets.,30000.0
Akaky Kaliti,5,3,150.1,1,0,0,"Apartment with 5 bedrooms in Akaky Kaliti, now available. 150 square metres, well laid out. Features a private water tank. Well maintained and secure.",45000.0
Nifas Silk,4,2,152.7,0,0,0,4-bedroom apartment in Nifas Silk available for rent. Floor space of 153 square metres. Well maintained apartment. Close to schools and markets.,48000.0
Kolfe,3,2,124.6,0,1,1,3-bedroom apartment in Kolfe available for rent. Floor space of 125 square metres. Comes with a backup generator. Furnished and ready to move in. Well maintained and secure.,44000.0
Kirkos,2,1,90.3,1,0,0,"Rent a 2-bedroom home located in Kirkos. 90 square metres, well laid out. Features a private water tank. Quiet neighbourhood with good access to transport.",36500.0
Yeka,1,1,63.7,0,0,0,"Rent a 1-bedroom home located in Yeka. 64 square metres, well laid out. Well maintained apartment. Well maintained and secure.",20500.0
Arada,2,2,96.1,0,0,0,2-bedroom apartment in Arada available for rent. About 96 square metres of living space. Well maintained apartment. Well maintained and secure.,35500.0
Bole,1,1,77.6,0,0,1,1-bedroom unit in Bole for long-term rental. About 78 square metres of living space. Furnished and ready to move in. Quiet neighbourhood with good access to transport.,34500.0
Kolfe,1,1,54.0,0,1,1,Rent a 1-bedroom home located in Kolfe. About 54 square metres of living space. Comes with a backup generator. Furnished and ready to move in. Quiet neighbourhood with good access to transport.,20500.0
Nifas Silk,4,2,129.1,1,0,0,Rent a 4-bedroom home located in Nifas Silk. Floor space of 129 square metres. Features a private water tank. Close to schools and markets.,44000.0
Kolfe,1,1,42.1,1,1,0,"Rent a 1-bedroom home located in Kolfe. 42 square metres, well laid out. Features a private water tank. Comes with a backup generator. Close to schools and markets.",17000.0
Kirkos,1,1,77.5,0,0,1,"1-bedroom apartment in Kirkos available for rent. 78 square metres, well laid out. Furnished and ready to move in. Quiet neighbourhood with good access to transport.",32500.0
Addis Ketema,3,1,132.8,1,0,0,"Apartment with 3 bedrooms in Addis Ketema, now available. 133 square metres, well laid out. Features a private water tank. Close to schools and markets.",37000.0
Akaky Kaliti,2,1,87.0,1,0,0,Rent a 2-bedroom home located in Akaky Kaliti. Floor space of 87 square metres. Features a private water tank. Quiet neighbourhood with good access to transport.,24000.0
Kolfe,3,2,82.5,1,1,0,"Rent a 3-bedroom home located in Kolfe. 82 square metres, well laid out. Features a private water tank. Comes with a backup generator. Quiet neighbourhood with good access to transport.",31000.0
Yeka,1,1,71.3,0,0,0,"1-bedroom apartment in Yeka available for rent. 71 square metres, well laid out. Well maintained apartment. Well maintained and secure.",22500.0
Arada,2,2,75.2,1,0,0,Rent a 2-bedroom home located in Arada. About 75 square metres of living space. Features a private water tank. Quiet neighbourhood with good access to transport.,31000.0
Bole,3,1,100.0,1,0,0,"Apartment with 3 bedrooms in Bole, now available. Floor space of 100 square metres. Features a private water tank. Close to schools and markets.",43500.0
Bole,4,2,137.5,0,0,0,Rent a 4-bedroom home located in Bole. Floor space of 138 square metres. Well maintained apartment. Quiet neighbourhood with good access to transport.,58000.0
Gulele,3,2,111.1,1,1,1,"Apartment with 3 bedrooms in Gulele, now available. About 111 square metres of living space. Features a private water tank. Comes with a backup generator. Furnished and ready to move in. Close to schools and markets.",44000.0
Gulele,3,2,102.1,1,0,0,"Rent a 3-bedroom home located in Gulele. 102 square metres, well laid out. Features a private water tank. Ideal for families or professionals.",34000.0
Addis Ketema,3,2,100.2,0,0,0,Rent a 3-bedroom home located in Addis Ketema. Floor space of 100 square metres. Well maintained apartment. Ideal for families or professionals.,29500.0
Kirkos,2,1,87.5,0,0,0,"Rent a 2-bedroom home located in Kirkos. 88 square metres, well laid out. Well maintained apartment. Well maintained and secure.",33500.0
Kirkos,2,2,81.1,1,0,1,2-bedroom apartment in Kirkos available for rent. About 81 square metres of living space. Features a private water tank. Furnished and ready to move in. Quiet neighbourhood with good access to transport.,39500.0
Arada,3,2,94.7,0,1,1,"Apartment with 3 bedrooms in Arada, now available. About 95 square metres of living space. Comes with a backup generator. Furnished and ready to move in. Ideal for families or professionals.",46000.0
Yeka,1,1,60.0,0,0,0,1-bedroom unit in Yeka for long-term rental. About 60 square metres of living space. Well maintained apartment. Quiet neighbourhood with good access to transport.,19500.0
Bole,4,2,134.1,0,0,1,4-bedroom apartment in Bole available for rent. About 134 square metres of living space. Furnished and ready to move in. Quiet neighbourhood with good access to transport.,65500.0
Arada,4,3,127.9,0,0,1,"Apartment with 4 bedrooms in Arada, now available. 128 square metres, well laid out. Furnished and ready to move in. Quiet neighbourhood with good access to transport.",58500.0
Yeka,2,1,69.0,0,0,1,"Apartment with 2 bedrooms in Yeka, now available. About 69 square metres of living space. Furnished and ready to move in. Quiet neighbourhood with good access to transport.",27500.0
Gulele,2,1,97.9,0,1,0,"Rent a 2-bedroom home located in Gulele. 98 square metres, well laid out. Comes with a backup generator. Quiet neighbourhood with good access to transport.",30000.0
Kirkos,2,1,53.1,0,0,1,"2-bedroom unit in Kirkos for long-term rental. 53 square metres, well laid out. Furnished and ready to move in. Quiet neighbourhood with good access to transport.",26000.0
Lidetta,4,2,124.6,0,0,1,4-bedroom apartment in Lidetta available for rent. About 125 square metres of living space. Furnished and ready to move in. Close to schools and markets.,43000.0
Gulele,4,3,122.6,0,0,0,4-bedroom apartment in Gulele available for rent. Floor space of 123 square metres. Well maintained apartment. Well maintained and secure.,40000.0
Yeka,1,1,65.8,0,0,0,1-bedroom apartment in Yeka available for rent. About 66 square metres of living space. Well maintained apartment. Quiet neighbourhood with good access to transport.,21000.0
Lidetta,3,2,114.7,0,0,1,3-bedroom apartment in Lidetta available for rent. Floor space of 115 square metres. Furnished and ready to move in. Close to schools and markets.,38000.0
Kolfe,1,1,77.5,0,0,1,Rent a 1-bedroom home located in Kolfe. About 78 square metres of living space. Furnished and ready to move in. Quiet neighbourhood with good access to transport.,23000.0
Kirkos,3,3,99.5,0,0,0,"3-bedroom unit in Kirkos for long-term rental. 100 square metres, well laid out. Well maintained apartment. Well maintained and secure.",42000.0
Yeka,2,1,93.0,0,1,0,Rent a 2-bedroom home located in Yeka. About 93 square metres of living space. Comes with a backup generator. Close to schools and markets.,33000.0
Gulele,2,2,88.3,1,1,1,2-bedroom apartment in Gulele available for rent. About 88 square metres of living space. Features a private water tank. Comes with a backup generator. Furnished and ready to move in. Well maintained and secure.,35500.0
Bole,3,2,87.5,1,0,1,3-bedroom apartment in Bole available for rent. About 88 square metres of living space. Features a private water tank. Furnished and ready to move in. Well maintained and secure.,46500.0
Yeka,2,1,108.8,0,0,1,2-bedroom apartment in Yeka available for rent. About 109 square metres of living space. Furnished and ready to move in. Well maintained and secure.,39500.0
Bole,2,1,68.7,0,0,0,"2-bedroom apartment in Bole available for rent. 69 square metres, well laid out. Well maintained apartment. Quiet neighbourhood with good access to transport.",29000.0
Kolfe,4,2,135.0,1,0,0,"Apartment with 4 bedrooms in Kolfe, now available. About 135 square metres of living space. Features a private water tank. Well maintained and secure.",42000.0
Gulele,5,3,156.7,0,0,0,"5-bedroom unit in Gulele for long-term rental. 157 square metres, well laid out. Well maintained apartment. Ideal for families or professionals.",50000.0
Gulele,1,1,67.3,0,0,0,"1-bedroom apartment in Gulele available for rent. 67 square metres, well laid out. Well maintained apartment. Well maintained and secure.",18500.0
Kolfe,2,1,80.1,1,0,0,2-bedroom apartment in Kolfe available for rent. About 80 square metres of living space. Features a private water tank. Ideal for families or professionals.,24500.0
Arada,5,3,161.9,0,0,1,"Apartment with 5 bedrooms in Arada, now available. Floor space of 162 square metres. Furnished and ready to move in. Close to schools and markets.",72500.0
Nifas Silk,3,2,89.3,1,1,0,"Apartment with 3 bedrooms in Nifas Silk, now available. 89 square metres, well laid out. Features a private water tank. Comes with a backup generator. Close to schools and markets.",35000.0
Bole,2,2,85.2,0,0,0,"Rent a 2-bedroom home located in Bole. 85 square metres, well laid out. Well maintained apartment. Ideal for families or professionals.",36000.0
Bole,3,2,101.2,1,0,0,3-bedroom apartment in Bole available for rent. About 101 square metres of living space. Features a private water tank. Ideal for families or professionals.,45000.0
Gulele,1,2,55.9,1,1,1,"1-bedroom unit in Gulele for long-term rental. 56 square metres, well laid out. Features a private water tank. Comes with a backup generator. Furnished and ready to move in. Quiet neighbourhood with good access to transport.",25000.0
Arada,1,1,69.1,0,0,0,1-bedroom apartment in Arada available for rent. Floor space of 69 square metres. Well maintained apartment. Well maintained and secure.,24000.0
Nifas Silk,4,2,142.9,0,1,0,"Apartment with 4 bedrooms in Nifas Silk, now available. About 143 square metres of living space. Comes with a backup generator. Close to schools and markets.",48000.0
Kolfe,3,1,103.9,1,1,0,Rent a 3-bedroom home located in Kolfe. Floor space of 104 square metres. Features a private water tank. Comes with a backup generator. Ideal for families or professionals.,34500.0
Nifas Silk,4,3,139.4,1,0,0,4-bedroom unit in Nifas Silk for long-term rental. Floor space of 139 square metres. Features a private water tank. Well maintained and secure.,47500.0
Arada,2,2,86.6,1,0,0,2-bedroom unit in Arada for long-term rental. About 87 square metres of living space. Features a private water tank. Well maintained and secure.,34500.0
Arada,5,3,141.3,1,0,0,"Apartment with 5 bedrooms in Arada, now available. 141 square metres, well laid out. Features a private water tank. Quiet neighbourhood with good access to transport.",59000.0
Yeka,3,2,104.9,0,0,0,"Apartment with 3 bedrooms in Yeka, now available. 105 square metres, well laid out. Well maintained apartment. Ideal for families or professionals.",37000.0
Bole,4,3,126.4,0,0,0,"Apartment with 4 bedrooms in Bole, now available. Floor space of 126 square metres. Well maintained apartment. Well maintained and secure.",55500.0
Kirkos,1,1,55.6,0,1,0,Rent a 1-bedroom home located in Kirkos. About 56 square metres of living space. Comes with a backup generator. Close to schools and markets.,24000.0
Yeka,1,1,69.1,1,0,1,1-bedroom apartment in Yeka available for rent. About 69 square metres of living space. Features a private water tank. Furnished and ready to move in. Close to schools and markets.,27000.0
Kirkos,4,2,132.8,0,1,1,4-bedroom unit in Kirkos for long-term rental. Floor space of 133 square metres. Comes with a backup generator. Furnished and ready to move in. Well maintained and secure.,64500.0
Lidetta,5,3,132.9,0,0,0,Rent a 5-bedroom home located in Lidetta. Floor space of 133 square metres. Well maintained apartment. Well maintained and secure.,42500.0
Yeka,5,2,132.2,1,0,0,"Apartment with 5 bedrooms in Yeka, now available. Floor space of 132 square metres. Features a private water tank. Well maintained and secure.",50000.0
Bole,2,2,91.1,1,0,1,"2-bedroom unit in Bole for long-term rental. 91 square metres, well laid out. Features a private water tank. Furnished and ready to move in. Ideal for families or professionals.",45500.0
Yeka,1,1,54.2,1,0,0,"Apartment with 1 bedrooms in Yeka, now available. About 54 square metres of living space. Features a private water tank. Quiet neighbourhood with good access to transport.",19500.0
Yeka,5,3,155.6,1,0,0,5-bedroom unit in Yeka for long-term rental. Floor space of 156 square metres. Features a private water tank. Quiet neighbourhood with good access to transport.,57500.0
Gulele,4,3,139.4,1,0,0,"Rent a 4-bedroom home located in Gulele. 139 square metres, well laid out. Features a private water tank. Well maintained and secure.",45500.0
Arada,2,1,70.7,1,0,1,2-bedroom unit in Arada for long-term rental. Floor space of 71 square metres. Features a private water tank. Furnished and ready to move in. Quiet neighbourhood with good access to transport.,33000.0
Kolfe,4,2,113.1,1,0,0,4-bedroom apartment in Kolfe available for rent. About 113 square metres of living space. Features a private water tank. Well maintained and secure.,37500.0
Gulele,5,3,172.1,1,0,0,5-bedroom unit in Gulele for long-term rental. Floor space of 172 square metres. Features a private water tank. Well maintained and secure.,55000.0
Kirkos,2,2,90.2,1,0,1,"Apartment with 2 bedrooms in Kirkos, now available. 90 square metres, well laid out. Features a private water tank. Furnished and ready to move in. Well maintained and secure.",43000.0
Kolfe,4,2,125.0,1,0,0,Rent a 4-bedroom home located in Kolfe. Floor space of 125 square metres. Features a private water tank. Ideal for families or professionals.,40000.0
Bole,4,2,118.8,0,0,0,"Apartment with 4 bedrooms in Bole, now available. 119 square metres, well laid out. Well maintained apartment. Quiet neighbourhood with good access to transport.",51500.0
Bole,3,2,101.9,0,0,0,"Apartment with 3 bedrooms in Bole, now available. About 102 square metres of living space. Well maintained apartment. Ideal for families or professionals.",43500.0
Bole,4,3,115.7,0,0,0,"Apartment with 4 bedrooms in Bole, now available. About 116 square metres of living space. Well maintained apartment. Quiet neighbourhood with good access to transport.",51500.0
Gulele,2,1,96.6,1,0,1,Rent a 2-bedroom home located in Gulele. About 97 square metres of living space. Features a private water tank. Furnished and ready to move in. Well maintained and secure.,33500.0
Arada,5,3,142.7,0,0,1,5-bedroom apartment in Arada available for rent. About 143 square metres of living space. Furnished and ready to move in. Ideal for families or professionals.,66000.0
Bole,5,3,165.1,0,0,1,"5-bedroom unit in Bole for long-term rental. 165 square metres, well laid out. Furnished and ready to move in. Quiet neighbourhood with good access to transport.",81500.0
Arada,5,3,147.2,0,0,1,"5-bedroom apartment in Arada available for rent. 147 square metres, well laid out. Furnished and ready to move in. Ideal for families or professionals.",67500.0
Bole,4,2,117.5,0,0,0,"Apartment with 4 bedrooms in Bole, now available. 118 square metres, well laid out. Well maintained apartment. Quiet neighbourhood with good access to transport.",51000.0
Gulele,1,1,58.9,1,0,1,1-bedroom unit in Gulele for long-term rental. About 59 square metres of living space. Features a private water tank. Furnished and ready to move in. Quiet neighbourhood with good access to transport.,21000.0
Kirkos,2,1,54.5,1,0,0,"Apartment with 2 bedrooms in Kirkos, now available. 54 square metres, well laid out. Features a private water tank. Well maintained and secure.",25000.0
Kirkos,3,2,106.6,0,0,1,3-bedroom apartment in Kirkos available for rent. About 107 square metres of living space. Furnished and ready to move in. Close to schools and markets.,49500.0
Yeka,5,2,150.0,0,1,1,"Apartment with 5 bedrooms in Yeka, now available. About 150 square metres of living space. Comes with a backup generator. Furnished and ready to move in. Well maintained and secure.",64000.0
Nifas Silk,3,1,117.9,1,0,1,Rent a 3-bedroom home located in Nifas Silk. About 118 square metres of living space. Features a private water tank. Furnished and ready to move in. Quiet neighbourhood with good access to transport.,43500.0
Kirkos,3,2,85.4,0,0,0,"3-bedroom unit in Kirkos for long-term rental. 85 square metres, well laid out. Well maintained apartment. Quiet neighbourhood with good access to transport.",36500.0
Bole,1,1,77.9,1,0,0,1-bedroom apartment in Bole available for rent. Floor space of 78 square metres. Features a private water tank. Ideal for families or professionals.,31500.0
Bole,4,3,139.8,1,0,0,"Rent a 4-bedroom home located in Bole. 140 square metres, well laid out. Features a private water tank. Quiet neighbourhood with good access to transport.",61500.0
Addis Ketema,2,1,101.0,0,0,1,"2-bedroom apartment in Addis Ketema available for rent. 101 square metres, well laid out. Furnished and ready to move in. Close to schools and markets.",30500.0
Akaky Kaliti,1,1,63.4,1,0,0,1-bedroom apartment in Akaky Kaliti available for rent. Floor space of 63 square metres. Features a private water tank. Well maintained and secure.,17000.0
Gulele,5,3,164.2,0,0,0,"5-bedroom apartment in Gulele available for rent. 164 square metres, well laid out. Well maintained apartment. Quiet neighbourhood with good access to transport.",51500.0
Yeka,1,1,46.3,0,1,0,"Apartment with 1 bedrooms in Yeka, now available. Floor space of 46 square metres. Comes with a backup generator. Well maintained and secure.",18500.0
Addis Ketema,1,1,72.6,0,1,1,1-bedroom apartment in Addis Ketema available for rent. About 73 square metres of living space. Comes with a backup generator. Furnished and ready to move in. Well maintained and secure.,24000.0
Kolfe,1,1,54.7,0,1,0,1-bedroom unit in Kolfe for long-term rental. Floor space of 55 square metres. Comes with a backup generator. Close to schools and markets.,18000.0
Gulele,3,1,88.2,1,0,1,Rent a 3-bedroom home located in Gulele. About 88 square metres of living space. Features a private water tank. Furnished and ready to move in. Ideal for families or professionals.,34000.0
Kirkos,1,1,50.5,0,0,0,"1-bedroom unit in Kirkos for long-term rental. 50 square metres, well laid out. Well maintained apartment. Well maintained and secure.",19500.0
Yeka,5,3,152.1,0,0,0,Rent a 5-bedroom home located in Yeka. Floor space of 152 square metres. Well maintained apartment. Well maintained and secure.,55000.0
Bole,3,2,98.1,0,0,0,"Apartment with 3 bedrooms in Bole, now available. 98 square metres, well laid out. Well maintained apartment. Well maintained and secure.",42500.0
Akaky Kaliti,2,1,90.5,1,1,0,2-bedroom apartment in Akaky Kaliti available for rent. About 90 square metres of living space. Features a private water tank. Comes with a backup generator. Well maintained and secure.,27000.0
Arada,1,1,42.3,1,0,0,"1-bedroom unit in Arada for long-term rental. 42 square metres, well laid out. Features a private water tank. Well maintained and secure.",18000.0
Yeka,3,2,82.5,1,0,0,"Apartment with 3 bedrooms in Yeka, now available. 82 square metres, well laid out. Features a private water tank. Close to schools and markets.",32500.0
Yeka,1,1,80.5,1,0,1,1-bedroom apartment in Yeka available for rent. About 80 square metres of living space. Features a private water tank. Furnished and ready to move in. Ideal for families or professionals.,30500.0
Nifas Silk,5,3,162.8,1,0,0,"Apartment with 5 bedrooms in Nifas Silk, now available. About 163 square metres of living space. Features a private water tank. Ideal for families or professionals.",55500.0
Bole,2,1,73.4,0,1,1,2-bedroom apartment in Bole available for rent. About 73 square metres of living space. Comes with a backup generator. Furnished and ready to move in. Ideal for families or professionals.,38000.0
Lidetta,3,2,108.0,1,0,1,3-bedroom unit in Lidetta for long-term rental. About 108 square metres of living space. Features a private water tank. Furnished and ready to move in. Quiet neighbourhood with good access to transport.,38500.0
Kolfe,1,1,76.2,1,0,0,"Rent a 1-bedroom home located in Kolfe. 76 square metres, well laid out. Features a private water tank. Well maintained and secure.",21500.0
Gulele,1,1,69.0,1,0,0,"Apartment with 1 bedrooms in Gulele, now available. About 69 square metres of living space. Features a private water tank. Close to schools and markets.",20500.0
Kirkos,2,1,87.8,1,0,0,"2-bedroom apartment in Kirkos available for rent. 88 square metres, well laid out. Features a private water tank. Close to schools and markets.",35500.0
Nifas Silk,1,1,77.1,0,0,0,"Apartment with 1 bedrooms in Nifas Silk, now available. 77 square metres, well laid out. Well maintained apartment. Close to schools and markets.",22000.0
Nifas Silk,4,2,121.2,1,1,1,"Apartment with 4 bedrooms in Nifas Silk, now available. 121 square metres, well laid out. Features a private water tank. Comes with a backup generator. Furnished and ready to move in. Well maintained and secure.",51500.0
Nifas Silk,5,3,152.4,1,0,0,"Apartment with 5 bedrooms in Nifas Silk, now available. Floor space of 152 square metres. Features a private water tank. Well maintained and secure.",53000.0
Bole,5,3,151.8,1,0,1,Rent a 5-bedroom home located in Bole. About 152 square metres of living space. Features a private water tank. Furnished and ready to move in. Ideal for families or professionals.,78000.0
Kirkos,2,1,82.7,0,0,0,"2-bedroom apartment in Kirkos available for rent. 83 square metres, well laid out. Well maintained apartment. Ideal for families or professionals.",32000.0
Bole,4,2,125.3,0,1,0,4-bedroom unit in Bole for long-term rental. Floor space of 125 square metres. Comes with a backup generator. Ideal for families or professionals.,56500.0
Arada,3,2,108.9,0,0,0,"3-bedroom apartment in Arada available for rent. 109 square metres, well laid out. Well maintained apartment. Well maintained and secure.",41500.0
Kirkos,1,1,64.4,0,0,0,Rent a 1-bedroom home located in Kirkos. Floor space of 64 square metres. Well maintained apartment. Close to schools and markets.,24000.0
Bole,1,1,51.4,0,0,0,"Apartment with 1 bedrooms in Bole, now available. Floor space of 51 square metres. Well maintained apartment. Close to schools and markets.",21000.0
Bole,3,2,117.6,0,0,0,"3-bedroom unit in Bole for long-term rental. 118 square metres, well laid out. Well maintained apartment. Quiet neighbourhood with good access to transport.",49000.0
Nifas Silk,3,3,96.3,0,0,1,3-bedroom unit in Nifas Silk for long-term rental. About 96 square metres of living space. Furnished and ready to move in. Well maintained and secure.,38500.0
Bole,1,1,61.4,0,0,0,"Apartment with 1 bedrooms in Bole, now available. About 61 square metres of living space. Well maintained apartment. Quiet neighbourhood with good access to transport.",24500.0
Akaky Kaliti,5,3,148.5,1,0,1,"5-bedroom unit in Akaky Kaliti for long-term rental. 148 square metres, well laid out. Features a private water tank. Furnished and ready to move in. Quiet neighbourhood with good access to transport.",51500.0
Nifas Silk,4,2,134.3,0,1,0,"Apartment with 4 bedrooms in Nifas Silk, now available. About 134 square metres of living space. Comes with a backup generator. Well maintained and secure.",46000.0
Kirkos,3,2,82.6,0,0,0,"Rent a 3-bedroom home located in Kirkos. 83 square metres, well laid out. Well maintained apartment. Well maintained and secure.",35500.0
Nifas Silk,5,3,162.7,1,0,0,"Rent a 5-bedroom home located in Nifas Silk. 163 square metres, well laid out. Features a private water tank. Ideal for families or professionals.",55500.0
Bole,5,3,143.9,0,0,0,5-bedroom apartment in Bole available for rent. Floor space of 144 square metres. Well maintained apartment. Close to schools and markets.,63500.0
Addis Ketema,5,3,166.6,0,0,0,Rent a 5-bedroom home located in Addis Ketema. About 167 square metres of living space. Well maintained apartment. Quiet neighbourhood with good access to transport.,49000.0
Arada,2,2,80.3,1,0,0,"Rent a 2-bedroom home located in Arada. 80 square metres, well laid out. Features a private water tank. Ideal for families or professionals.",32500.0
Kolfe,5,3,151.4,0,0,0,5-bedroom unit in Kolfe for long-term rental. About 151 square metres of living space. Well maintained apartment. Ideal for families or professionals.,47000.0
Bole,3,1,131.0,0,0,0,3-bedroom unit in Bole for long-term rental. Floor space of 131 square metres. Well maintained apartment. Quiet neighbourhood with good access to transport.,52500.0
Arada,4,3,126.7,0,0,0,4-bedroom apartment in Arada available for rent. About 127 square metres of living space. Well maintained apartment. Close to schools and markets.,50500.0
Arada,5,3,166.9,0,0,0,5-bedroom apartment in Arada available for rent. About 167 square metres of living space. Well maintained apartment. Close to schools and markets.,64500.0
Akaky Kaliti,1,1,64.5,0,0,0,"Apartment with 1 bedrooms in Akaky Kaliti, now available. 64 square metres, well laid out. Well maintained apartment. Quiet neighbourhood with good access to transport.",15500.0
Nifas Silk,3,2,113.0,1,0,1,"Apartment with 3 bedrooms in Nifas Silk, now available. About 113 square metres of living space. Features a private water tank. Furnished and ready to move in. Well maintained and secure.",43500.0
Arada,1,1,64.8,0,0,0,"1-bedroom apartment in Arada available for rent. 65 square metres, well laid out. Well maintained apartment. Ideal for families or professionals.",23000.0
Yeka,2,1,96.2,1,1,1,"Rent a 2-bedroom home located in Yeka. 96 square metres, well laid out. Features a private water tank. Comes with a backup generator. Furnished and ready to move in. Quiet neighbourhood with good access to transport.",41000.0
Kirkos,3,2,99.8,0,0,1,3-bedroom unit in Kirkos for long-term rental. Floor space of 100 square metres. Furnished and ready to move in. Well maintained and secure.,47000.0
Arada,5,3,140.2,0,0,0,"Rent a 5-bedroom home located in Arada. 140 square metres, well laid out. Well maintained apartment. Ideal for families or professionals.",56500.0
Kirkos,5,3,144.3,0,0,0,Rent a 5-bedroom home located in Kirkos. Floor space of 144 square metres. Well maintained apartment. Ideal for families or professionals.,61000.0
Bole,2,1,87.2,1,0,1,Rent a 2-bedroom home located in Bole. About 87 square metres of living space. Features a private water tank. Furnished and ready to move in. Ideal for families or professionals.,42500.0
Kolfe,2,1,83.4,0,0,0,Rent a 2-bedroom home located in Kolfe. Floor space of 83 square metres. Well maintained apartment. Close to schools and markets.,23500.0
Akaky Kaliti,3,2,116.5,0,1,0,"3-bedroom apartment in Akaky Kaliti available for rent. 116 square metres, well laid out. Comes with a backup generator. Close to schools and markets.",33500.0
Bole,5,3,167.7,0,0,0,"5-bedroom apartment in Bole available for rent. 168 square metres, well laid out. Well maintained apartment. Quiet neighbourhood with good access to transport.",71500.0
Arada,5,3,140.3,1,0,1,"5-bedroom apartment in Arada available for rent. 140 square metres, well laid out. Features a private water tank. Furnished and ready to move in. Quiet neighbourhood with good access to transport.",67500.0
Bole,2,1,77.2,0,0,1,Rent a 2-bedroom home located in Bole. About 77 square metres of living space. Furnished and ready to move in. Quiet neighbourhood with good access to transport.,36500.0
Gulele,1,1,46.8,1,0,1,"1-bedroom apartment in Gulele available for rent. 47 square metres, well laid out. Features a private water tank. Furnished and ready to move in. Quiet neighbourhood with good access to transport.",18000.0
Yeka,4,3,154.4,1,0,0,4-bedroom unit in Yeka for long-term rental. About 154 square metres of living space. Features a private water tank. Close to schools and markets.,55000.0
Nifas Silk,2,2,89.7,1,0,0,2-bedroom unit in Nifas Silk for long-term rental. Floor space of 90 square metres. Features a private water tank. Close to schools and markets.,30000.0
Gulele,1,1,69.8,0,0,1,"Rent a 1-bedroom home located in Gulele. 70 square metres, well laid out. Furnished and ready to move in. Quiet neighbourhood with good access to transport.",22000.0
Kolfe,1,1,47.9,1,0,0,"Apartment with 1 bedrooms in Kolfe, now available. 48 square metres, well laid out. Features a private water tank. Well maintained and secure.",15500.0
Bole,3,1,108.0,0,1,1,"Rent a 3-bedroom home located in Bole. 108 square metres, well laid out. Comes with a backup generator. Furnished and ready to move in. Close to schools and markets.",54000.0
Akaky Kaliti,2,2,92.1,0,0,0,"2-bedroom unit in Akaky Kaliti for long-term rental. 92 square metres, well laid out. Well maintained apartment. Well maintained and secure.",24500.0
Yeka,3,1,105.0,1,0,0,"3-bedroom unit in Yeka for long-term rental. 105 square metres, well laid out. Features a private water tank. Quiet neighbourhood with good access to transport.",37500.0
Bole,2,2,98.9,1,0,1,2-bedroom unit in Bole for long-term rental. About 99 square metres of living space. Features a private water tank. Furnished and ready to move in. Well maintained and secure.,48500.0
Arada,4,2,157.7,0,0,1,Rent a 4-bedroom home located in Arada. About 158 square metres of living space. Furnished and ready to move in. Ideal for families or professionals.,67500.0
Kirkos,4,3,118.6,0,1,0,4-bedroom apartment in Kirkos available for rent. Floor space of 119 square metres. Comes with a backup generator. Ideal for families or professionals.,53000.0
Kolfe,3,2,95.7,1,0,1,Rent a 3-bedroom home located in Kolfe. About 96 square metres of living space. Features a private water tank. Furnished and ready to move in. Well maintained and secure.,36000.0
Kolfe,1,1,53.5,1,1,1,"1-bedroom apartment in Kolfe available for rent. 54 square metres, well laid out. Features a private water tank. Comes with a backup generator. Furnished and ready to move in. Quiet neighbourhood with good access to transport.",22000.0
Yeka,3,2,127.3,0,0,0,3-bedroom apartment in Yeka available for rent. About 127 square metres of living space. Well maintained apartment. Ideal for families or professionals.,42500.0
Addis Ketema,4,3,142.5,0,0,0,4-bedroom unit in Addis Ketema for long-term rental. Floor space of 142 square metres. Well maintained apartment. Ideal for families or professionals.,41500.0
Yeka,2,2,84.4,0,0,1,2-bedroom unit in Yeka for long-term rental. About 84 square metres of living space. Furnished and ready to move in. Close to schools and markets.,33500.0
Arada,2,1,86.4,1,0,0,Rent a 2-bedroom home located in Arada. About 86 square metres of living space. Features a private water tank. Ideal for families or professionals.,33500.0
Yeka,3,2,98.2,1,0,0,"3-bedroom apartment in Yeka available for rent. 98 square metres, well laid out. Features a private water tank. Well maintained and secure.",37000.0
Akaky Kaliti,2,2,96.7,1,1,1,"Apartment with 2 bedrooms in Akaky Kaliti, now available. Floor space of 97 square metres. Features a private water tank. Comes with a backup generator. Furnished and ready to move in. Quiet neighbourhood with good access to transport.",34000.0
Bole,3,2,103.4,0,0,0,3-bedroom unit in Bole for long-term rental. Floor space of 103 square metres. Well maintained apartment. Well maintained and secure.,44000.0
Bole,2,1,82.9,0,1,1,"2-bedroom apartment in Bole available for rent. 83 square metres, well laid out. Comes with a backup generator. Furnished and ready to move in. Well maintained and secure.",42000.0
Kirkos,2,1,93.3,0,0,0,"Rent a 2-bedroom home located in Kirkos. 93 square metres, well laid out. Well maintained apartment. Well maintained and secure.",35500.0
Addis Ketema,4,2,127.7,1,0,0,"4-bedroom unit in Addis Ketema for long-term rental. 128 square metres, well laid out. Features a private water tank. Quiet neighbourhood with good access to transport.",39000.0
Akaky Kaliti,3,2,105.2,1,0,0,"3-bedroom unit in Akaky Kaliti for long-term rental. 105 square metres, well laid out. Features a private water tank. Quiet neighbourhood with good access to transport.",31000.0
Gulele,3,2,108.1,1,1,0,3-bedroom unit in Gulele for long-term rental. Floor space of 108 square metres. Features a private water tank. Comes with a backup generator. Close to schools and markets.,37500.0
Akaky Kaliti,4,3,139.5,1,0,0,4-bedroom apartment in Akaky Kaliti available for rent. About 140 square metres of living space. Features a private water tank. Ideal for families or professionals.,40500.0
Akaky Kaliti,2,1,105.8,1,0,0,Rent a 2-bedroom home located in Akaky Kaliti. Floor space of 106 square metres. Features a private water tank. Quiet neighbourhood with good access to transport.,27500.0
Arada,1,1,71.0,0,0,1,"Apartment with 1 bedrooms in Arada, now available. About 71 square metres of living space. Furnished and ready to move in. Ideal for families or professionals.",28500.0
Yeka,5,3,161.6,1,1,0,"Apartment with 5 bedrooms in Yeka, now available. About 162 square metres of living space. Features a private water tank. Comes with a backup generator. Ideal for families or professionals.",62000.0
Kolfe,1,1,61.6,1,1,0,"Apartment with 1 bedrooms in Kolfe, now available. About 62 square metres of living space. Features a private water tank. Comes with a backup generator. Close to schools and markets.",21000.0
Gulele,3,1,99.5,0,0,0,"3-bedroom unit in Gulele for long-term rental. 100 square metres, well laid out. Well maintained apartment. Ideal for families or professionals.",30000.0
Kirkos,2,1,93.8,0,1,0,"Rent a 2-bedroom home located in Kirkos. 94 square metres, well laid out. Comes with a backup generator. Well maintained and secure.",38000.0
Bole,2,1,88.1,1,0,0,2-bedroom unit in Bole for long-term rental. About 88 square metres of living space. Features a private water tank. Close to schools and markets.,37500.0
Gulele,1,1,46.9,0,0,0,"Apartment with 1 bedrooms in Gulele, now available. 47 square metres, well laid out. Well maintained apartment. Close to schools and markets.",14000.0
Yeka,5,3,148.1,0,1,0,5-bedroom apartment in Yeka available for rent. About 148 square metres of living space. Comes with a backup generator. Quiet neighbourhood with good access to transport.,56500.0
Akaky Kaliti,3,2,107.0,1,0,0,"Apartment with 3 bedrooms in Akaky Kaliti, now available. 107 square metres, well laid out. Features a private water tank. Quiet neighbourhood with good access to transport.",31000.0
Yeka,2,1,79.9,0,0,0,2-bedroom apartment in Yeka available for rent. Floor space of 80 square metres. Well maintained apartment. Ideal for families or professionals.,27000.0
Bole,4,3,147.8,0,0,0,4-bedroom apartment in Bole available for rent. Floor space of 148 square metres. Well maintained apartment. Close to schools and markets.,62500.0
Lidetta,1,1,69.8,0,0,0,1-bedroom apartment in Lidetta available for rent. About 70 square metres of living space. Well maintained apartment. Quiet neighbourhood with good access to transport.,18000.0
Bole,3,2,124.5,0,1,0,3-bedroom apartment in Bole available for rent. Floor space of 124 square metres. Comes with a backup generator. Quiet neighbourhood with good access to transport.,54000.0
Bole,3,2,111.2,0,0,0,Rent a 3-bedroom home located in Bole. About 111 square metres of living space. Well maintained apartment. Well maintained and secure.,47000.0
Nifas Silk,3,2,109.0,1,0,0,Rent a 3-bedroom home located in Nifas Silk. About 109 square metres of living space. Features a private water tank. Quiet neighbourhood with good access to transport.,37000.0
Lidetta,1,1,52.8,0,0,0,Rent a 1-bedroom home located in Lidetta. Floor space of 53 square metres. Well maintained apartment. Quiet neighbourhood with good access to transport.,14500.0
Yeka,5,3,152.1,1,0,1,Rent a 5-bedroom home located in Yeka. Floor space of 152 square metres. Features a private water tank. Furnished and ready to move in. Ideal for families or professionals.,65000.0
Yeka,2,1,86.2,1,0,1,2-bedroom apartment in Yeka available for rent. Floor space of 86 square metres. Features a private water tank. Furnished and ready to move in. Quiet neighbourhood with good access to transport.,35000.0
Kolfe,4,2,113.6,1,1,0,"4-bedroom unit in Kolfe for long-term rental. 114 square metres, well laid out. Features a private water tank. Comes with a backup generator. Ideal for families or professionals.",40000.0
Addis Ketema,4,2,123.5,1,0,0,4-bedroom apartment in Addis Ketema available for rent. About 124 square metres of living space. Features a private water tank. Well maintained and secure.,38500.0
Arada,2,1,82.1,0,0,0,2-bedroom unit in Arada for long-term rental. About 82 square metres of living space. Well maintained apartment. Well maintained and secure.,30000.0
Bole,1,1,69.0,0,0,1,"1-bedroom apartment in Bole available for rent. 69 square metres, well laid out. Furnished and ready to move in. Ideal for families or professionals.",31000.0
Bole,2,2,91.5,0,0,1,"2-bedroom apartment in Bole available for rent. 92 square metres, well laid out. Furnished and ready to move in. Close to schools and markets.",43500.0
Yeka,5,3,145.0,1,0,1,"Rent a 5-bedroom home located in Yeka. 145 square metres, well laid out. Features a private water tank. Furnished and ready to move in. Quiet neighbourhood with good access to transport.",63000.0
Bole,5,3,157.6,0,0,1,Rent a 5-bedroom home located in Bole. Floor space of 158 square metres. Furnished and ready to move in. Well maintained and secure.,78500.0
Gulele,5,3,149.8,0,0,1,"Rent a 5-bedroom home located in Gulele. 150 square metres, well laid out. Furnished and ready to move in. Close to schools and markets.",55500.0
Bole,2,2,51.6,0,0,0,"2-bedroom apartment in Bole available for rent. 52 square metres, well laid out. Well maintained apartment. Quiet neighbourhood with good access to transport.",24500.0
Arada,4,2,124.2,0,1,1,"Apartment with 4 bedrooms in Arada, now available. Floor space of 124 square metres. Comes with a backup generator. Furnished and ready to move in. Ideal for families or professionals.",58500.0
Gulele,1,1,76.9,1,0,0,1-bedroom apartment in Gulele available for rent. Floor space of 77 square metres. Features a private water tank. Quiet neighbourhood with good access to transport.,22500.0
Nifas Silk,4,2,109.8,1,1,0,4-bedroom unit in Nifas Silk for long-term rental. About 110 square metres of living space. Features a private water tank. Comes with a backup generator. Ideal for families or professionals.,42000.0
Yeka,3,2,109.4,1,1,0,3-bedroom apartment in Yeka available for rent. About 109 square metres of living space. Features a private water tank. Comes with a backup generator. Ideal for families or professionals.,42500.0
Kolfe,4,3,149.0,0,0,0,4-bedroom unit in Kolfe for long-term rental. Floor space of 149 square metres. Well maintained apartment. Close to schools and markets.,44500.0
Gulele,4,2,120.9,0,0,1,4-bedroom unit in Gulele for long-term rental. Floor space of 121 square metres. Furnished and ready to move in. Close to schools and markets.,44000.0
Gulele,5,3,152.0,1,0,0,Rent a 5-bedroom home located in Gulele. Floor space of 152 square metres. Features a private water tank. Well maintained and secure.,50500.0
Bole,3,2,92.4,0,0,0,"Apartment with 3 bedrooms in Bole, now available. 92 square metres, well laid out. Well maintained apartment. Quiet neighbourhood with good access to transport.",40500.0
Bole,2,1,105.5,0,1,1,Rent a 2-bedroom home located in Bole. Floor space of 106 square metres. Comes with a backup generator. Furnished and ready to move in. Ideal for families or professionals.,50500.0
Akaky Kaliti,3,1,107.0,1,1,0,3-bedroom unit in Akaky Kaliti for long-term rental. About 107 square metres of living space. Features a private water tank. Comes with a backup generator. Ideal for families or professionals.,32500.0
Kirkos,1,1,64.6,0,0,0,"Rent a 1-bedroom home located in Kirkos. 65 square metres, well laid out. Well maintained apartment. Quiet neighbourhood with good access to transport.",24000.0
Yeka,1,1,80.3,1,0,0,"1-bedroom apartment in Yeka available for rent. 80 square metres, well laid out. Features a private water tank. Quiet neighbourhood with good access to transport.",26500.0
Arada,3,2,115.9,0,1,0,3-bedroom apartment in Arada available for rent. About 116 square metres of living space. Comes with a backup generator. Ideal for families or professionals.,46500.0
Gulele,5,3,141.5,1,0,0,"5-bedroom apartment in Gulele available for rent. 142 square metres, well laid out. Features a private water tank. Quiet neighbourhood with good access to transport.",48000.0
Addis Ketema,3,3,100.2,0,0,0,Rent a 3-bedroom home located in Addis Ketema. About 100 square metres of living space. Well maintained apartment. Ideal for families or professionals.,30500.0
Yeka,4,2,135.9,1,0,1,"4-bedroom apartment in Yeka available for rent. 136 square metres, well laid out. Features a private water tank. Furnished and ready to move in. Close to schools and markets.",56500.0
Akaky Kaliti,1,1,56.5,0,0,1,1-bedroom apartment in Akaky Kaliti available for rent. About 56 square metres of living space. Furnished and ready to move in. Close to schools and markets.,16500.0
Bole,3,2,82.6,0,0,1,Rent a 3-bedroom home located in Bole. About 83 square metres of living space. Furnished and ready to move in. Quiet neighbourhood with good access to transport.,42500.0
Arada,4,2,129.4,0,0,0,Rent a 4-bedroom home located in Arada. Floor space of 129 square metres. Well maintained apartment. Well maintained and secure.,50000.0
Nifas Silk,2,1,68.2,1,0,0,2-bedroom apartment in Nifas Silk available for rent. Floor space of 68 square metres. Features a private water tank. Ideal for families or professionals.,24000.0
Bole,1,1,83.4,0,0,1,"Apartment with 1 bedrooms in Bole, now available. About 83 square metres of living space. Furnished and ready to move in. Quiet neighbourhood with good access to transport.",36500.0
Bole,1,1,66.1,0,1,0,1-bedroom unit in Bole for long-term rental. Floor space of 66 square metres. Comes with a backup generator. Ideal for families or professionals.,28500.0
Kirkos,5,3,141.1,1,1,1,5-bedroom apartment in Kirkos available for rent. About 141 square metres of living space. Features a private water tank. Comes with a backup generator. Furnished and ready to move in. Close to schools and markets.,74000.0
Addis Ketema,4,3,121.6,0,0,0,4-bedroom unit in Addis Ketema for long-term rental. Floor space of 122 square metres. Well maintained apartment. Quiet neighbourhood with good access to transport.,37500.0
Nifas Silk,2,1,63.3,1,1,1,Rent a 2-bedroom home located in Nifas Silk. About 63 square metres of living space. Features a private water tank. Comes with a backup generator. Furnished and ready to move in. Quiet neighbourhood with good access to transport.,29000.0
Akaky Kaliti,2,1,72.8,1,0,0,2-bedroom apartment in Akaky Kaliti available for rent. Floor space of 73 square metres. Features a private water tank. Ideal for families or professionals.,21000.0
Kolfe,1,1,76.2,1,0,0,"Apartment with 1 bedrooms in Kolfe, now available. 76 square metres, well laid out. Features a private water tank. Ideal for families or professionals.",21500.0
Arada,5,3,178.8,0,0,0,"Rent a 5-bedroom home located in Arada. 179 square metres, well laid out. Well maintained apartment. Quiet neighbourhood with good access to transport.",68000.0
Kolfe,1,1,72.7,1,0,1,"1-bedroom apartment in Kolfe available for rent. 73 square metres, well laid out. Features a private water tank. Furnished and ready to move in. Quiet neighbourhood with good access to transport.",24000.0
Bole,4,3,128.9,0,0,0,"4-bedroom apartment in Bole available for rent. 129 square metres, well laid out. Well maintained apartment. Well maintained and secure.",56000.0
Bole,2,2,80.8,1,1,0,"2-bedroom apartment in Bole available for rent. 81 square metres, well laid out. Features a private water tank. Comes with a backup generator. Quiet neighbourhood with good access to transport.",38500.0
Kolfe,2,1,74.5,1,0,1,"Apartment with 2 bedrooms in Kolfe, now available. Floor space of 74 square metres. Features a private water tank. Furnished and ready to move in. Close to schools and markets.",27000.0
Kolfe,2,2,110.7,1,0,0,"Apartment with 2 bedrooms in Kolfe, now available. 111 square metres, well laid out. Features a private water tank. Quiet neighbourhood with good access to transport.",32500.0
Yeka,5,2,149.7,0,0,1,5-bedroom unit in Yeka for long-term rental. About 150 square metres of living space. Furnished and ready to move in. Ideal for families or professionals.,61000.0
Arada,1,1,89.4,0,0,1,Rent a 1-bedroom home located in Arada. About 89 square metres of living space. Furnished and ready to move in. Well maintained and secure.,35000.0
Nifas Silk,2,1,102.7,1,0,0,2-bedroom apartment in Nifas Silk available for rent. Floor space of 103 square metres. Features a private water tank. Ideal for families or professionals.,32000.0
Lidetta,2,1,65.1,0,0,1,"Apartment with 2 bedrooms in Lidetta, now available. Floor space of 65 square metres. Furnished and ready to move in. Close to schools and markets.",22000.0
Nifas Silk,2,1,78.0,0,0,0,"2-bedroom apartment in Nifas Silk available for rent. 78 square metres, well laid out. Well maintained apartment. Ideal for families or professionals.",24500.0
Kirkos,1,1,56.0,1,0,0,Rent a 1-bedroom home located in Kirkos. Floor space of 56 square metres. Features a private water tank. Quiet neighbourhood with good access to transport.,23000.0
Kirkos,5,2,151.0,1,0,1,5-bedroom unit in Kirkos for long-term rental. About 151 square metres of living space. Features a private water tank. Furnished and ready to move in. Close to schools and markets.,73000.0
Kirkos,2,1,85.3,0,1,1,"2-bedroom apartment in Kirkos available for rent. 85 square metres, well laid out. Comes with a backup generator. Furnished and ready to move in. Ideal for families or professionals.",41000.0
Nifas Silk,3,2,144.0,1,1,0,"Apartment with 3 bedrooms in Nifas Silk, now available. 144 square metres, well laid out. Features a private water tank. Comes with a backup generator. Quiet neighbourhood with good access to transport.",48000.0
Lidetta,2,1,73.1,0,0,0,"Rent a 2-bedroom home located in Lidetta. 73 square metres, well laid out. Well maintained apartment. Quiet neighbourhood with good access to transport.",21000.0
Arada,5,2,154.7,0,0,0,5-bedroom apartment in Arada available for rent. Floor space of 155 square metres. Well maintained apartment. Quiet neighbourhood with good access to transport.,60000.0
Yeka,2,1,93.4,0,0,0,"2-bedroom unit in Yeka for long-term rental. 93 square metres, well laid out. Well maintained apartment. Quiet neighbourhood with good access to transport.",30500.0
Yeka,2,1,86.0,1,0,0,"2-bedroom apartment in Yeka available for rent. 86 square metres, well laid out. Features a private water tank. Well maintained and secure.",30000.0
Gulele,2,1,87.3,1,1,0,"2-bedroom unit in Gulele for long-term rental. 87 square metres, well laid out. Features a private water tank. Comes with a backup generator. Ideal for families or professionals.",29500.0
Kolfe,2,1,73.5,1,0,0,Rent a 2-bedroom home located in Kolfe. Floor space of 74 square metres. Features a private water tank. Well maintained and secure.,23000.0
Bole,1,1,65.3,0,0,0,Rent a 1-bedroom home located in Bole. About 65 square metres of living space. Well maintained apartment. Ideal for families or professionals.,25500.0
Bole,4,2,136.1,0,0,0,"Apartment with 4 bedrooms in Bole, now available. Floor space of 136 square metres. Well maintained apartment. Ideal for families or professionals.",57500.0
Nifas Silk,1,1,67.9,0,0,0,"1-bedroom apartment in Nifas Silk available for rent. 68 square metres, well laid out. Well maintained apartment. Well maintained and secure.",19500.0
Bole,2,1,92.8,0,0,1,"2-bedroom unit in Bole for long-term rental. 93 square metres, well laid out. Furnished and ready to move in. Well maintained and secure.",42500.0
Kolfe,2,1,103.0,0,1,0,Rent a 2-bedroom home located in Kolfe. Floor space of 103 square metres. Comes with a backup generator. Well maintained and secure.,30500.0
Yeka,2,2,97.2,1,0,1,2-bedroom unit in Yeka for long-term rental. About 97 square metres of living space. Features a private water tank. Furnished and ready to move in. Quiet neighbourhood with good access to transport.,39500.0
Bole,4,2,130.9,0,0,0,4-bedroom apartment in Bole available for rent. About 131 square metres of living space. Well maintained apartment. Well maintained and secure.,55500.0
Akaky Kaliti,3,2,93.9,1,0,1,3-bedroom apartment in Akaky Kaliti available for rent. About 94 square metres of living space. Features a private water tank. Furnished and ready to move in. Ideal for families or professionals.,33000.0
Bole,5,3,144.8,1,0,1,5-bedroom unit in Bole for long-term rental. Floor space of 145 square metres. Features a private water tank. Furnished and ready to move in. Ideal for families or professionals.,75500.0
Yeka,2,1,83.4,1,0,0,"Rent a 2-bedroom home located in Yeka. 83 square metres, well laid out. Features a private water tank. Ideal for families or professionals.",29500.0
Bole,5,3,155.0,0,0,1,"Rent a 5-bedroom home located in Bole. 155 square metres, well laid out. Furnished and ready to move in. Ideal for families or professionals.",77500.0
Bole,1,1,58.3,0,0,0,"Rent a 1-bedroom home located in Bole. 58 square metres, well laid out. Well maintained apartment. Ideal for families or professionals.",23000.0
Bole,3,2,96.8,0,0,1,"Apartment with 3 bedrooms in Bole, now available. Floor space of 97 square metres. Furnished and ready to move in. Quiet neighbourhood with good access to transport.",48000.0
Bole,4,3,115.7,0,0,0,"4-bedroom apartment in Bole available for rent. 116 square metres, well laid out. Well maintained apartment. Ideal for families or professionals.",51500.0
Bole,3,2,88.2,0,0,1,Rent a 3-bedroom home located in Bole. Floor space of 88 square metres. Furnished and ready to move in. Quiet neighbourhood with good access to transport.,45000.0
Bole,5,3,149.2,0,0,0,5-bedroom apartment in Bole available for rent. Floor space of 149 square metres. Well maintained apartment. Close to schools and markets.,65500.0
Nifas Silk,2,1,68.4,1,0,0,"Apartment with 2 bedrooms in Nifas Silk, now available. Floor space of 68 square metres. Features a private water tank. Well maintained and secure.",24000.0
Gulele,1,1,52.0,1,0,0,"1-bedroom unit in Gulele for long-term rental. 52 square metres, well laid out. Features a private water tank. Quiet neighbourhood with good access to transport.",17000.0
Kirkos,4,3,125.3,0,0,1,"Apartment with 4 bedrooms in Kirkos, now available. Floor space of 125 square metres. Furnished and ready to move in. Quiet neighbourhood with good access to transport.",60500.0
Yeka,1,1,48.0,1,0,1,1-bedroom unit in Yeka for long-term rental. About 48 square metres of living space. Features a private water tank. Furnished and ready to move in. Close to schools and markets.,20500.0
Arada,4,2,134.6,1,0,0,4-bedroom apartment in Arada available for rent. Floor space of 135 square metres. Features a private water tank. Well maintained and secure.,53500.0
Lidetta,4,2,138.9,1,0,1,"Apartment with 4 bedrooms in Lidetta, now available. About 139 square metres of living space. Features a private water tank. Furnished and ready to move in. Quiet neighbourhood with good access to transport.",48500.0
Lidetta,5,3,145.4,1,1,1,"Apartment with 5 bedrooms in Lidetta, now available. 145 square metres, well laid out. Features a private water tank. Comes with a backup generator. Furnished and ready to move in. Well maintained and secure.",57000.0
Bole,3,1,102.8,0,0,1,"3-bedroom apartment in Bole available for rent. 103 square metres, well laid out. Furnished and ready to move in. Ideal for families or professionals.",49000.0
Yeka,5,3,158.4,1,0,0,5-bedroom apartment in Yeka available for rent. Floor space of 158 square metres. Features a private water tank. Quiet neighbourhood with good access to transport.,58500.0
Yeka,1,1,55.4,1,0,0,"1-bedroom unit in Yeka for long-term rental. 55 square metres, well laid out. Features a private water tank. Quiet neighbourhood with good access to transport.",20000.0
Yeka,3,1,98.6,0,1,0,"Apartment with 3 bedrooms in Yeka, now available. About 99 square metres of living space. Comes with a backup generator. Ideal for families or professionals.",36500.0
Nifas Silk,1,1,78.4,0,0,0,"1-bedroom apartment in Nifas Silk available for rent. 78 square metres, well laid out. Well maintained apartment. Quiet neighbourhood with good access to transport.",22000.0
Kirkos,4,3,140.6,0,0,0,4-bedroom unit in Kirkos for long-term rental. About 141 square metres of living space. Well maintained apartment. Ideal for families or professionals.,57500.0
Bole,4,3,137.2,0,0,0,"4-bedroom unit in Bole for long-term rental. 137 square metres, well laid out. Well maintained apartment. Quiet neighbourhood with good access to transport.",59000.0
Kirkos,5,3,163.1,0,0,0,"5-bedroom apartment in Kirkos available for rent. 163 square metres, well laid out. Well maintained apartment. Close to schools and markets.",67000.0
Arada,4,2,106.3,0,0,1,Rent a 4-bedroom home located in Arada. About 106 square metres of living space. Furnished and ready to move in. Quiet neighbourhood with good access to transport.,49500.0
Bole,2,1,102.2,0,0,0,"Rent a 2-bedroom home located in Bole. 102 square metres, well laid out. Well maintained apartment. Quiet neighbourhood with good access to transport.",40500.0
Lidetta,1,1,68.7,0,0,0,"Apartment with 1 bedrooms in Lidetta, now available. 69 square metres, well laid out. Well maintained apartment. Quiet neighbourhood with good access to transport.",18000.0
Bole,5,3,164.1,0,0,0,"5-bedroom unit in Bole for long-term rental. 164 square metres, well laid out. Well maintained apartment. Ideal for families or professionals.",70500.0
Akaky Kaliti,3,2,112.6,1,0,0,3-bedroom apartment in Akaky Kaliti available for rent. About 113 square metres of living space. Features a private water tank. Ideal for families or professionals.,32000.0
Bole,1,1,64.6,0,0,1,"Rent a 1-bedroom home located in Bole. 65 square metres, well laid out. Furnished and ready to move in. Quiet neighbourhood with good access to transport.",29000.0
Lidetta,5,3,148.7,0,0,0,"Rent a 5-bedroom home located in Lidetta. 149 square metres, well laid out. Well maintained apartment. Quiet neighbourhood with good access to transport.",46000.0
Akaky Kaliti,5,3,156.4,1,0,0,5-bedroom apartment in Akaky Kaliti available for rent. About 156 square metres of living space. Features a private water tank. Close to schools and markets.,46000.0
Addis Ketema,3,1,104.3,0,0,0,"3-bedroom unit in Addis Ketema for long-term rental. 104 square metres, well laid out. Well maintained apartment. Close to schools and markets.",29000.0
Kolfe,4,2,140.4,1,1,0,4-bedroom apartment in Kolfe available for rent. Floor space of 140 square metres. Features a private water tank. Comes with a backup generator. Well maintained and secure.,46000.0
Kolfe,1,1,45.0,1,0,0,"1-bedroom apartment in Kolfe available for rent. 45 square metres, well laid out. Features a private water tank. Well maintained and secure.",15000.0
Nifas Silk,1,1,57.5,1,0,1,1-bedroom unit in Nifas Silk for long-term rental. About 58 square metres of living space. Features a private water tank. Furnished and ready to move in. Well maintained and secure.,22000.0
Kolfe,2,2,110.5,0,1,0,2-bedroom apartment in Kolfe available for rent. About 110 square metres of living space. Comes with a backup generator. Well maintained and secure.,33000.0
Bole,4,2,122.5,0,0,1,4-bedroom apartment in Bole available for rent. About 122 square metres of living space. Furnished and ready to move in. Close to schools and markets.,61000.0
Arada,1,1,61.1,1,0,0,Rent a 1-bedroom home located in Arada. Floor space of 61 square metres. Features a private water tank. Ideal for families or professionals.,23500.0
Arada,1,1,53.4,0,0,0,"Apartment with 1 bedrooms in Arada, now available. 53 square metres, well laid out. Well maintained apartment. Well maintained and secure.",19500.0
Lidetta,4,3,134.0,0,0,0,Rent a 4-bedroom home located in Lidetta. Floor space of 134 square metres. Well maintained apartment. Quiet neighbourhood with good access to transport.,40500.0
Arada,4,3,121.2,0,0,0,4-bedroom apartment in Arada available for rent. About 121 square metres of living space. Well maintained apartment. Ideal for families or professionals.,49000.0
Kirkos,4,2,127.8,1,0,0,"4-bedroom unit in Kirkos for long-term rental. 128 square metres, well laid out. Features a private water tank. Quiet neighbourhood with good access to transport.",54000.0
Nifas Silk,4,3,140.2,0,0,0,Rent a 4-bedroom home located in Nifas Silk. About 140 square metres of living space. Well maintained apartment. Quiet neighbourhood with good access to transport.,46000.0
Yeka,5,3,143.6,1,0,0,"Rent a 5-bedroom home located in Yeka. 144 square metres, well laid out. Features a private water tank. Quiet neighbourhood with good access to transport.",54500.0
Bole,4,3,139.5,1,0,0,"Apartment with 4 bedrooms in Bole, now available. Floor space of 140 square metres. Features a private water tank. Well maintained and secure.",61500.0
Arada,3,2,117.9,1,1,0,"3-bedroom unit in Arada for long-term rental. 118 square metres, well laid out. Features a private water tank. Comes with a backup generator. Close to schools and markets.",49000.0
Kirkos,5,3,164.7,1,1,1,Rent a 5-bedroom home located in Kirkos. About 165 square metres of living space. Features a private water tank. Comes with a backup generator. Furnished and ready to move in. Close to schools and markets.,82500.0
Yeka,2,1,87.7,1,0,0,"2-bedroom unit in Yeka for long-term rental. 88 square metres, well laid out. Features a private water tank. Ideal for families or professionals.",30500.0
Kirkos,1,1,102.9,0,0,1,Rent a 1-bedroom home located in Kirkos. About 103 square metres of living space. Furnished and ready to move in. Ideal for families or professionals.,42000.0
Kirkos,4,2,142.7,0,0,1,Rent a 4-bedroom home located in Kirkos. About 143 square metres of living space. Furnished and ready to move in. Close to schools and markets.,65500.0
Kirkos,2,2,89.9,1,0,0,"Apartment with 2 bedrooms in Kirkos, now available. About 90 square metres of living space. Features a private water tank. Well maintained and secure.",37500.0
Kirkos,5,3,141.5,0,1,0,"Apartment with 5 bedrooms in Kirkos, now available. Floor space of 142 square metres. Comes with a backup generator. Close to schools and markets.",62500.0
Gulele,3,2,106.8,1,0,1,3-bedroom unit in Gulele for long-term rental. Floor space of 107 square metres. Features a private water tank. Furnished and ready to move in. Ideal for families or professionals.,40000.0
Yeka,5,3,169.1,0,0,1,"5-bedroom apartment in Yeka available for rent. 169 square metres, well laid out. Furnished and ready to move in. Close to schools and markets.",68500.0
Akaky Kaliti,1,1,84.5,0,0,0,"Apartment with 1 bedrooms in Akaky Kaliti, now available. About 84 square metres of living space. Well maintained apartment. Well maintained and secure.",19500.0
Akaky Kaliti,4,3,147.7,0,0,0,4-bedroom unit in Akaky Kaliti for long-term rental. About 148 square metres of living space. Well maintained apartment. Well maintained and secure.,40500.0
Arada,3,2,117.4,0,0,1,"Apartment with 3 bedrooms in Arada, now available. Floor space of 117 square metres. Furnished and ready to move in. Well maintained and secure.",51000.0
Kirkos,3,2,92.9,0,0,0,3-bedroom unit in Kirkos for long-term rental. About 93 square metres of living space. Well maintained apartment. Well maintained and secure.,38500.0
Arada,2,1,91.8,1,0,0,"2-bedroom unit in Arada for long-term rental. 92 square metres, well laid out. Features a private water tank. Ideal for families or professionals.",35000.0
Lidetta,5,3,137.1,1,0,0,5-bedroom unit in Lidetta for long-term rental. About 137 square metres of living space. Features a private water tank. Ideal for families or professionals.,45000.0
Nifas Silk,2,1,68.2,1,0,0,2-bedroom unit in Nifas Silk for long-term rental. Floor space of 68 square metres. Features a private water tank. Ideal for families or professionals.,24000.0
Kolfe,5,3,154.9,1,1,0,"Apartment with 5 bedrooms in Kolfe, now available. Floor space of 155 square metres. Features a private water tank. Comes with a backup generator. Close to schools and markets.",52500.0
Arada,3,2,114.3,0,0,1,"Apartment with 3 bedrooms in Arada, now available. About 114 square metres of living space. Furnished and ready to move in. Quiet neighbourhood with good access to transport.",50000.0
Nifas Silk,1,1,74.8,1,0,0,1-bedroom unit in Nifas Silk for long-term rental. Floor space of 75 square metres. Features a private water tank. Quiet neighbourhood with good access to transport.,23000.0
Yeka,5,3,158.0,0,1,0,5-bedroom apartment in Yeka available for rent. About 158 square metres of living space. Comes with a backup generator. Quiet neighbourhood with good access to transport.,59000.0
Gulele,1,1,70.4,0,0,0,1-bedroom unit in Gulele for long-term rental. Floor space of 70 square metres. Well maintained apartment. Well maintained and secure.,19000.0
Yeka,2,1,74.2,0,0,0,"2-bedroom apartment in Yeka available for rent. 74 square metres, well laid out. Well maintained apartment. Close to schools and markets.",25500.0
Gulele,5,3,150.7,0,0,0,5-bedroom unit in Gulele for long-term rental. Floor space of 151 square metres. Well maintained apartment. Well maintained and secure.,48500.0
Lidetta,5,2,133.9,1,0,1,"Rent a 5-bedroom home located in Lidetta. 134 square metres, well laid out. Features a private water tank. Furnished and ready to move in. Close to schools and markets.",50000.0
Bole,5,3,128.0,1,0,1,5-bedroom apartment in Bole available for rent. Floor space of 128 square metres. Features a private water tank. Furnished and ready to move in. Quiet neighbourhood with good access to transport.,69000.0
Nifas Silk,3,2,116.9,0,1,1,"Apartment with 3 bedrooms in Nifas Silk, now available. About 117 square metres of living space. Comes with a backup generator. Furnished and ready to move in. Well maintained and secure.",45500.0
Bole,4,2,121.0,0,0,0,"4-bedroom unit in Bole for long-term rental. 121 square metres, well laid out. Well maintained apartment. Quiet neighbourhood with good access to transport.",52500.0
Gulele,2,2,96.5,1,0,0,"2-bedroom apartment in Gulele available for rent. 96 square metres, well laid out. Features a private water tank. Quiet neighbourhood with good access to transport.",30500.0
Bole,4,2,143.3,0,0,0,"Rent a 4-bedroom home located in Bole. 143 square metres, well laid out. Well maintained apartment. Ideal for families or professionals.",60000.0
Akaky Kaliti,3,2,100.6,1,1,0,"3-bedroom apartment in Akaky Kaliti available for rent. 101 square metres, well laid out. Features a private water tank. Comes with a backup generator. Well maintained and secure.",32500.0
Bole,1,1,71.1,1,0,0,Rent a 1-bedroom home located in Bole. Floor space of 71 square metres. Features a private water tank. Well maintained and secure.,29500.0
Addis Ketema,3,1,100.1,1,1,0,"Apartment with 3 bedrooms in Addis Ketema, now available. 100 square metres, well laid out. Features a private water tank. Comes with a backup generator. Close to schools and markets.",32500.0
Kolfe,3,1,85.8,1,0,0,"Rent a 3-bedroom home located in Kolfe. 86 square metres, well laid out. Features a private water tank. Close to schools and markets.",28000.0
Nifas Silk,2,2,87.5,1,0,1,2-bedroom apartment in Nifas Silk available for rent. About 88 square metres of living space. Features a private water tank. Furnished and ready to move in. Well maintained and secure.,34000.0
Kolfe,2,1,80.3,0,0,0,"2-bedroom unit in Kolfe for long-term rental. 80 square metres, well laid out. Well maintained apartment. Well maintained and secure.",23000.0
Kolfe,3,1,102.7,1,1,1,Rent a 3-bedroom home located in Kolfe. About 103 square metres of living space. Features a private water tank. Comes with a backup generator. Furnished and ready to move in. Close to schools and markets.,39500.0
Akaky Kaliti,1,1,87.7,1,1,0,"Apartment with 1 bedrooms in Akaky Kaliti, now available. Floor space of 88 square metres. Features a private water tank. Comes with a backup generator. Close to schools and markets.",24500.0
Yeka,1,1,45.7,0,1,1,1-bedroom apartment in Yeka available for rent. About 46 square metres of living space. Comes with a backup generator. Furnished and ready to move in. Close to schools and markets.,21000.0
Nifas Silk,4,3,134.6,1,0,0,"Rent a 4-bedroom home located in Nifas Silk. 135 square metres, well laid out. Features a private water tank. Close to schools and markets.",46500.0
Bole,2,1,74.1,0,0,1,2-bedroom apartment in Bole available for rent. Floor space of 74 square metres. Furnished and ready to move in. Close to schools and markets.,35500.0
Nifas Silk,4,3,140.9,1,0,0,Rent a 4-bedroom home located in Nifas Silk. About 141 square metres of living space. Features a private water tank. Quiet neighbourhood with good access to transport.,48000.0
Bole,3,2,111.6,0,1,0,3-bedroom apartment in Bole available for rent. About 112 square metres of living space. Comes with a backup generator. Ideal for families or professionals.,49500.0
Nifas Silk,3,2,112.6,1,1,0,"Rent a 3-bedroom home located in Nifas Silk. 113 square metres, well laid out. Features a private water tank. Comes with a backup generator. Well maintained and secure.",40500.0
Nifas Silk,3,1,96.7,0,1,0,3-bedroom apartment in Nifas Silk available for rent. About 97 square metres of living space. Comes with a backup generator. Quiet neighbourhood with good access to transport.,33500.0
Arada,3,2,98.8,0,0,0,"Rent a 3-bedroom home located in Arada. 99 square metres, well laid out. Well maintained apartment. Quiet neighbourhood with good access to transport.",38500.0
Arada,5,3,163.1,1,0,0,Rent a 5-bedroom home located in Arada. Floor space of 163 square metres. Features a private water tank. Quiet neighbourhood with good access to transport.,65500.0
Kolfe,5,3,173.2,1,1,0,5-bedroom apartment in Kolfe available for rent. About 173 square metres of living space. Features a private water tank. Comes with a backup generator. Quiet neighbourhood with good access to transport.,56000.0
Kolfe,2,1,91.8,1,0,0,"2-bedroom unit in Kolfe for long-term rental. 92 square metres, well laid out. Features a private water tank. Well maintained and secure.",27000.0
Arada,4,3,119.2,0,0,0,"4-bedroom unit in Arada for long-term rental. 119 square metres, well laid out. Well maintained apartment. Close to schools and markets.",48000.0
Nifas Silk,5,3,156.1,1,1,0,"5-bedroom apartment in Nifas Silk available for rent. 156 square metres, well laid out. Features a private water tank. Comes with a backup generator. Ideal for families or professionals.",56500.0
Akaky Kaliti,1,1,93.1,1,0,0,"Apartment with 1 bedrooms in Akaky Kaliti, now available. 93 square metres, well laid out. Features a private water tank. Ideal for families or professionals.",23000.0
Bole,4,2,131.2,0,1,1,Rent a 4-bedroom home located in Bole. About 131 square metres of living space. Comes with a backup generator. Furnished and ready to move in. Quiet neighbourhood with good access to transport.,67000.0
Bole,3,2,125.5,0,1,1,3-bedroom apartment in Bole available for rent. Floor space of 126 square metres. Comes with a backup generator. Furnished and ready to move in. Close to schools and markets.,62500.0
Bole,5,3,143.1,0,1,1,Rent a 5-bedroom home located in Bole. Floor space of 143 square metres. Comes with a backup generator. Furnished and ready to move in. Quiet neighbourhood with good access to transport.,75500.0
Nifas Silk,3,2,107.5,1,0,1,"Apartment with 3 bedrooms in Nifas Silk, now available. 108 square metres, well laid out. Features a private water tank. Furnished and ready to move in. Ideal for families or professionals.",42000.0
Kirkos,5,3,159.4,0,0,1,"Rent a 5-bedroom home located in Kirkos. 159 square metres, well laid out. Furnished and ready to move in. Well maintained and secure.",75500.0
Kolfe,1,1,68.8,1,0,0,Rent a 1-bedroom home located in Kolfe. About 69 square metres of living space. Features a private water tank. Close to schools and markets.,20000.0
Gulele,1,1,54.8,1,0,0,"Apartment with 1 bedrooms in Gulele, now available. About 55 square metres of living space. Features a private water tank. Well maintained and secure.",17500.0
Kirkos,5,3,142.3,0,0,0,"5-bedroom unit in Kirkos for long-term rental. 142 square metres, well laid out. Well maintained apartment. Quiet neighbourhood with good access to transport.",60000.0
Akaky Kaliti,3,2,119.9,0,0,0,"Rent a 3-bedroom home located in Akaky Kaliti. 120 square metres, well laid out. Well maintained apartment. Close to schools and markets.",32000.0
Kolfe,3,2,122.3,1,0,0,"Apartment with 3 bedrooms in Kolfe, now available. About 122 square metres of living space. Features a private water tank. Close to schools and markets.",37000.0
Yeka,1,2,82.1,0,0,0,"Apartment with 1 bedrooms in Yeka, now available. Floor space of 82 square metres. Well maintained apartment. Close to schools and markets.",26500.0
Kirkos,2,1,107.6,0,0,1,Rent a 2-bedroom home located in Kirkos. Floor space of 108 square metres. Furnished and ready to move in. Quiet neighbourhood with good access to transport.,46000.0
Yeka,5,3,153.6,0,0,0,"Apartment with 5 bedrooms in Yeka, now available. Floor space of 154 square metres. Well maintained apartment. Close to schools and markets.",55500.0
Bole,2,1,82.3,0,0,1,"Rent a 2-bedroom home located in Bole. 82 square metres, well laid out. Furnished and ready to move in. Well maintained and secure.",38500.0
Bole,3,1,124.2,0,0,0,3-bedroom apartment in Bole available for rent. About 124 square metres of living space. Well maintained apartment. Quiet neighbourhood with good access to transport.,50000.0
Akaky Kaliti,2,1,94.6,1,0,0,Rent a 2-bedroom home located in Akaky Kaliti. Floor space of 95 square metres. Features a private water tank. Close to schools and markets.,25500.0
Kirkos,2,1,74.2,1,0,0,"2-bedroom unit in Kirkos for long-term rental. 74 square metres, well laid out. Features a private water tank. Ideal for families or professionals.",31000.0
Kirkos,1,1,51.6,1,0,1,"Apartment with 1 bedrooms in Kirkos, now available. About 52 square metres of living space. Features a private water tank. Furnished and ready to move in. Quiet neighbourhood with good access to transport.",25000.0
Gulele,5,3,157.9,1,0,0,"Apartment with 5 bedrooms in Gulele, now available. 158 square metres, well laid out. Features a private water tank. Quiet neighbourhood with good access to transport.",52000.0
Arada,5,3,149.9,0,0,1,5-bedroom apartment in Arada available for rent. About 150 square metres of living space. Furnished and ready to move in. Quiet neighbourhood with good access to transport.,68500.0
Akaky Kaliti,1,1,63.7,0,0,1,1-bedroom apartment in Akaky Kaliti available for rent. About 64 square metres of living space. Furnished and ready to move in. Quiet neighbourhood with good access to transport.,18000.0
Kolfe,2,2,98.9,0,0,1,"Rent a 2-bedroom home located in Kolfe. 99 square metres, well laid out. Furnished and ready to move in. Quiet neighbourhood with good access to transport.",32500.0
Arada,3,2,117.1,1,0,1,"Rent a 3-bedroom home located in Arada. 117 square metres, well laid out. Features a private water tank. Furnished and ready to move in. Quiet neighbourhood with good access to transport.",53000.0
Kirkos,2,1,102.0,0,1,0,2-bedroom unit in Kirkos for long-term rental. Floor space of 102 square metres. Comes with a backup generator. Well maintained and secure.,41000.0
Addis Ketema,4,3,106.8,0,1,0,Rent a 4-bedroom home located in Addis Ketema. About 107 square metres of living space. Comes with a backup generator. Ideal for families or professionals.,37000.0
Gulele,2,2,89.0,1,1,1,2-bedroom apartment in Gulele available for rent. About 89 square metres of living space. Features a private water tank. Comes with a backup generator. Furnished and ready to move in. Close to schools and markets.,36000.0
Addis Ketema,1,1,72.3,1,1,0,1-bedroom apartment in Addis Ketema available for rent. Floor space of 72 square metres. Features a private water tank. Comes with a backup generator. Well maintained and secure.,22500.0
Bole,2,1,67.7,0,0,0,2-bedroom apartment in Bole available for rent. About 68 square metres of living space. Well maintained apartment. Well maintained and secure.,28500.0
Lidetta,3,2,100.1,1,0,0,"3-bedroom apartment in Lidetta available for rent. 100 square metres, well laid out. Features a private water tank. Quiet neighbourhood with good access to transport.",32000.0
Nifas Silk,1,1,53.9,1,0,0,1-bedroom apartment in Nifas Silk available for rent. About 54 square metres of living space. Features a private water tank. Ideal for families or professionals.,18000.0
Bole,5,3,152.3,0,0,0,5-bedroom apartment in Bole available for rent. Floor space of 152 square metres. Well maintained apartment. Ideal for families or professionals.,66500.0
Nifas Silk,1,1,83.5,1,0,0,"Apartment with 1 bedrooms in Nifas Silk, now available. About 84 square metres of living space. Features a private water tank. Quiet neighbourhood with good access to transport.",25000.0
Gulele,1,1,88.3,1,1,0,1-bedroom apartment in Gulele available for rent. About 88 square metres of living space. Features a private water tank. Comes with a backup generator. Close to schools and markets.,27500.0
Bole,3,2,98.2,0,0,0,Rent a 3-bedroom home located in Bole. About 98 square metres of living space. Well maintained apartment. Well maintained and secure.,42500.0
Arada,3,2,114.3,0,0,0,3-bedroom apartment in Arada available for rent. Floor space of 114 square metres. Well maintained apartment. Well maintained and secure.,43500.0
Kolfe,2,1,92.7,0,0,0,2-bedroom unit in Kolfe for long-term rental. About 93 square metres of living space. Well maintained apartment. Quiet neighbourhood with good access to transport.,25500.0
Yeka,2,1,90.7,0,1,1,2-bedroom unit in Yeka for long-term rental. Floor space of 91 square metres. Comes with a backup generator. Furnished and ready to move in. Quiet neighbourhood with good access to transport.,37000.0
Arada,1,1,68.8,0,0,0,"Apartment with 1 bedrooms in Arada, now available. Floor space of 69 square metres. Well maintained apartment. Close to schools and markets.",24000.0
Kirkos,4,2,133.6,0,1,1,4-bedroom unit in Kirkos for long-term rental. Floor space of 134 square metres. Comes with a backup generator. Furnished and ready to move in. Quiet neighbourhood with good access to transport.,65000.0
Yeka,2,1,106.3,0,0,0,"Apartment with 2 bedrooms in Yeka, now available. About 106 square metres of living space. Well maintained apartment. Close to schools and markets.",34000.0
Akaky Kaliti,1,1,77.2,1,0,0,"Apartment with 1 bedrooms in Akaky Kaliti, now available. Floor space of 77 square metres. Features a private water tank. Close to schools and markets.",20000.0
Kolfe,2,1,73.3,1,1,0,"Apartment with 2 bedrooms in Kolfe, now available. Floor space of 73 square metres. Features a private water tank. Comes with a backup generator. Quiet neighbourhood with good access to transport.",26000.0
Bole,5,3,161.5,0,0,1,"Apartment with 5 bedrooms in Bole, now available. About 162 square metres of living space. Furnished and ready to move in. Quiet neighbourhood with good access to transport.",80000.0
Addis Ketema,2,1,96.7,0,1,0,2-bedroom apartment in Addis Ketema available for rent. Floor space of 97 square metres. Comes with a backup generator. Close to schools and markets.,28000.0
Lidetta,5,3,155.8,0,0,0,Rent a 5-bedroom home located in Lidetta. About 156 square metres of living space. Well maintained apartment. Well maintained and secure.,47500.0
Yeka,2,1,99.6,0,0,0,2-bedroom apartment in Yeka available for rent. About 100 square metres of living space. Well maintained apartment. Well maintained and secure.,32000.0
Lidetta,1,1,66.3,0,0,0,"Apartment with 1 bedrooms in Lidetta, now available. About 66 square metres of living space. Well maintained apartment. Quiet neighbourhood with good access to transport.",17500.0
Bole,2,2,88.4,0,0,1,"2-bedroom apartment in Bole available for rent. 88 square metres, well laid out. Furnished and ready to move in. Well maintained and secure.",42500.0
Addis Ketema,2,2,87.5,1,1,0,"Apartment with 2 bedrooms in Addis Ketema, now available. About 88 square metres of living space. Features a private water tank. Comes with a backup generator. Close to schools and markets.",29000.0
Gulele,1,1,39.8,1,0,0,"1-bedroom apartment in Gulele available for rent. 40 square metres, well laid out. Features a private water tank. Close to schools and markets.",14000.0
Nifas Silk,3,1,107.0,1,0,1,"Rent a 3-bedroom home located in Nifas Silk. 107 square metres, well laid out. Features a private water tank. Furnished and ready to move in. Well maintained and secure.",40500.0
Bole,2,1,78.0,0,1,0,2-bedroom unit in Bole for long-term rental. About 78 square metres of living space. Comes with a backup generator. Quiet neighbourhood with good access to transport.,34500.0
Akaky Kaliti,4,3,115.8,1,0,1,"4-bedroom unit in Akaky Kaliti for long-term rental. 116 square metres, well laid out. Features a private water tank. Furnished and ready to move in. Well maintained and secure.",41500.0
Bole,3,2,125.2,1,1,0,Rent a 3-bedroom home located in Bole. Floor space of 125 square metres. Features a private water tank. Comes with a backup generator. Ideal for families or professionals.,56000.0
Yeka,3,2,114.1,1,0,0,Rent a 3-bedroom home located in Yeka. Floor space of 114 square metres. Features a private water tank. Close to schools and markets.,41000.0
Bole,3,1,107.6,0,0,1,"Rent a 3-bedroom home located in Bole. 108 square metres, well laid out. Furnished and ready to move in. Quiet neighbourhood with good access to transport.",51000.0
Kolfe,1,1,57.2,0,1,0,"1-bedroom unit in Kolfe for long-term rental. 57 square metres, well laid out. Comes with a backup generator. Well maintained and secure.",18500.0
Yeka,4,3,133.6,1,0,0,Rent a 4-bedroom home located in Yeka. Floor space of 134 square metres. Features a private water tank. Ideal for families or professionals.,49500.0
Akaky Kaliti,1,1,75.9,1,1,0,1-bedroom unit in Akaky Kaliti for long-term rental. About 76 square metres of living space. Features a private water tank. Comes with a backup generator. Well maintained and secure.,22000.0
Nifas Silk,4,2,120.1,1,0,0,4-bedroom unit in Nifas Silk for long-term rental. Floor space of 120 square metres. Features a private water tank. Well maintained and secure.,42000.0
Bole,5,3,151.9,1,0,1,"Apartment with 5 bedrooms in Bole, now available. Floor space of 152 square metres. Features a private water tank. Furnished and ready to move in. Well maintained and secure.",78500.0
Bole,4,1,140.4,0,0,1,"4-bedroom unit in Bole for long-term rental. 140 square metres, well laid out. Furnished and ready to move in. Close to schools and markets.",66500.0
Bole,3,2,84.8,1,0,0,"Apartment with 3 bedrooms in Bole, now available. 85 square metres, well laid out. Features a private water tank. Close to schools and markets.",39500.0
Nifas Silk,2,1,85.3,1,0,1,"2-bedroom apartment in Nifas Silk available for rent. 85 square metres, well laid out. Features a private water tank. Furnished and ready to move in. Well maintained and secure.",32000.0
Kolfe,5,3,146.8,0,0,0,"Rent a 5-bedroom home located in Kolfe. 147 square metres, well laid out. Well maintained apartment. Quiet neighbourhood with good access to transport.",46000.0
Yeka,2,1,84.4,1,0,0,"Apartment with 2 bedrooms in Yeka, now available. Floor space of 84 square metres. Features a private water tank. Close to schools and markets.",30000.0
Lidetta,3,2,102.0,0,0,1,"Apartment with 3 bedrooms in Lidetta, now available. Floor space of 102 square metres. Furnished and ready to move in. Well maintained and secure.",35000.0
Bole,4,1,131.7,1,0,0,"Apartment with 4 bedrooms in Bole, now available. 132 square metres, well laid out. Features a private water tank. Close to schools and markets.",56500.0
Kolfe,5,3,175.1,1,1,0,5-bedroom apartment in Kolfe available for rent. Floor space of 175 square metres. Features a private water tank. Comes with a backup generator. Ideal for families or professionals.,56500.0
Akaky Kaliti,5,3,148.1,0,0,0,"5-bedroom apartment in Akaky Kaliti available for rent. 148 square metres, well laid out. Well maintained apartment. Close to schools and markets.",42500.0
Kolfe,1,1,67.5,1,0,1,1-bedroom unit in Kolfe for long-term rental. Floor space of 68 square metres. Features a private water tank. Furnished and ready to move in. Ideal for families or professionals.,22500.0
Gulele,5,2,175.9,0,0,0,5-bedroom unit in Gulele for long-term rental. About 176 square metres of living space. Well maintained apartment. Quiet neighbourhood with good access to transport.,53000.0
Lidetta,1,1,57.4,0,0,0,Rent a 1-bedroom home located in Lidetta. Floor space of 57 square metres. Well maintained apartment. Ideal for families or professionals.,15500.0
Bole,3,2,129.8,0,0,1,3-bedroom apartment in Bole available for rent. Floor space of 130 square metres. Furnished and ready to move in. Close to schools and markets.,61000.0
Yeka,5,3,152.1,1,0,0,Rent a 5-bedroom home located in Yeka. Floor space of 152 square metres. Features a private water tank. Ideal for families or professionals.,56500.0
Bole,4,2,151.4,0,0,0,Rent a 4-bedroom home located in Bole. Floor space of 151 square metres. Well maintained apartment. Ideal for families or professionals.,62500.0
Arada,5,3,161.0,1,0,0,"Apartment with 5 bedrooms in Arada, now available. About 161 square metres of living space. Features a private water tank. Well maintained and secure.",64500.0
Gulele,2,1,89.7,1,0,0,2-bedroom apartment in Gulele available for rent. Floor space of 90 square metres. Features a private water tank. Close to schools and markets.,27500.0
Nifas Silk,2,1,85.2,1,1,0,"Rent a 2-bedroom home located in Nifas Silk. 85 square metres, well laid out. Features a private water tank. Comes with a backup generator. Ideal for families or professionals.",30500.0
Lidetta,2,1,78.5,0,0,1,"2-bedroom unit in Lidetta for long-term rental. 78 square metres, well laid out. Furnished and ready to move in. Close to schools and markets.",25500.0
Bole,2,1,86.9,0,1,0,Rent a 2-bedroom home located in Bole. About 87 square metres of living space. Comes with a backup generator. Well maintained and secure.,37500.0
Gulele,4,2,140.8,1,0,0,4-bedroom unit in Gulele for long-term rental. Floor space of 141 square metres. Features a private water tank. Well maintained and secure.,44500.0
Yeka,3,2,107.8,1,1,1,"3-bedroom unit in Yeka for long-term rental. 108 square metres, well laid out. Features a private water tank. Comes with a backup generator. Furnished and ready to move in. Ideal for families or professionals.",48500.0
Yeka,4,2,126.2,0,1,0,4-bedroom apartment in Yeka available for rent. Floor space of 126 square metres. Comes with a backup generator. Well maintained and secure.,47000.0
Gulele,3,1,105.0,0,1,0,3-bedroom unit in Gulele for long-term rental. About 105 square metres of living space. Comes with a backup generator. Quiet neighbourhood with good access to transport.,34000.0
Addis Ketema,2,1,97.9,1,0,0,Rent a 2-bedroom home located in Addis Ketema. Floor space of 98 square metres. Features a private water tank. Quiet neighbourhood with good access to transport.,27500.0
Nifas Silk,1,1,78.7,1,0,0,Rent a 1-bedroom home located in Nifas Silk. About 79 square metres of living space. Features a private water tank. Close to schools and markets.,24000.0
Bole,3,2,100.0,0,0,0,"Apartment with 3 bedrooms in Bole, now available. 100 square metres, well laid out. Well maintained apartment. Well maintained and secure.",43000.0
Nifas Silk,5,3,144.0,0,0,0,5-bedroom apartment in Nifas Silk available for rent. About 144 square metres of living space. Well maintained apartment. Close to schools and markets.,49000.0
Bole,5,3,156.6,0,0,0,"Apartment with 5 bedrooms in Bole, now available. 157 square metres, well laid out. Well maintained apartment. Close to schools and markets.",68000.0
Lidetta,2,1,104.3,1,1,0,"Apartment with 2 bedrooms in Lidetta, now available. Floor space of 104 square metres. Features a private water tank. Comes with a backup generator. Quiet neighbourhood with good access to transport.",32000.0
Gulele,3,2,121.8,1,1,0,3-bedroom apartment in Gulele available for rent. About 122 square metres of living space. Features a private water tank. Comes with a backup generator. Ideal for families or professionals.,41000.0
Bole,4,2,115.0,0,0,1,"Apartment with 4 bedrooms in Bole, now available. 115 square metres, well laid out. Furnished and ready to move in. Ideal for families or professionals.",58000.0
Bole,4,2,126.8,0,0,1,"Apartment with 4 bedrooms in Bole, now available. 127 square metres, well laid out. Furnished and ready to move in. Well maintained and secure.",62500.0
Yeka,1,1,52.8,0,0,0,Rent a 1-bedroom home located in Yeka. About 53 square metres of living space. Well maintained apartment. Well maintained and secure.,17500.0
Addis Ketema,3,2,104.8,1,1,0,Rent a 3-bedroom home located in Addis Ketema. About 105 square metres of living space. Features a private water tank. Comes with a backup generator. Well maintained and secure.,35000.0
Arada,1,1,83.3,0,0,0,"Apartment with 1 bedrooms in Arada, now available. About 83 square metres of living space. Well maintained apartment. Quiet neighbourhood with good access to transport.",28500.0
Kolfe,1,1,46.9,0,1,0,1-bedroom unit in Kolfe for long-term rental. Floor space of 47 square metres. Comes with a backup generator. Well maintained and secure.,16000.0
Nifas Silk,4,2,110.6,0,0,0,4-bedroom apartment in Nifas Silk available for rent. About 111 square metres of living space. Well maintained apartment. Well maintained and secure.,37500.0
Nifas Silk,1,1,54.1,0,1,0,1-bedroom apartment in Nifas Silk available for rent. About 54 square metres of living space. Comes with a backup generator. Well maintained and secure.,19000.0
Bole,2,1,89.4,0,0,0,2-bedroom unit in Bole for long-term rental. Floor space of 89 square metres. Well maintained apartment. Quiet neighbourhood with good access to transport.,36000.0
Akaky Kaliti,3,2,115.4,1,0,0,3-bedroom apartment in Akaky Kaliti available for rent. Floor space of 115 square metres. Features a private water tank. Well maintained and secure.,32500.0
Yeka,4,2,135.2,1,0,0,"Apartment with 4 bedrooms in Yeka, now available. Floor space of 135 square metres. Features a private water tank. Quiet neighbourhood with good access to transport.",49000.0
Nifas Silk,3,2,122.1,1,1,0,3-bedroom apartment in Nifas Silk available for rent. About 122 square metres of living space. Features a private water tank. Comes with a backup generator. Ideal for families or professionals.,42500.0
Gulele,1,1,42.8,0,0,1,Rent a 1-bedroom home located in Gulele. About 43 square metres of living space. Furnished and ready to move in. Well maintained and secure.,15000.0
Nifas Silk,4,2,144.3,0,1,0,"Rent a 4-bedroom home located in Nifas Silk. 144 square metres, well laid out. Comes with a backup generator. Ideal for families or professionals.",48500.0
Akaky Kaliti,5,3,148.3,1,0,0,"5-bedroom apartment in Akaky Kaliti available for rent. 148 square metres, well laid out. Features a private water tank. Well maintained and secure.",44500.0
Bole,5,3,160.8,1,1,0,"5-bedroom unit in Bole for long-term rental. 161 square metres, well laid out. Features a private water tank. Comes with a backup generator. Ideal for families or professionals.",73500.0
Arada,4,2,114.1,0,1,0,"Apartment with 4 bedrooms in Arada, now available. 114 square metres, well laid out. Comes with a backup generator. Well maintained and secure.",48000.0
Kirkos,3,2,108.1,1,0,0,"3-bedroom unit in Kirkos for long-term rental. 108 square metres, well laid out. Features a private water tank. Close to schools and markets.",45500.0
Arada,5,2,154.8,0,1,0,"Apartment with 5 bedrooms in Arada, now available. Floor space of 155 square metres. Comes with a backup generator. Close to schools and markets.",62500.0
Bole,3,1,121.9,1,0,1,3-bedroom unit in Bole for long-term rental. About 122 square metres of living space. Features a private water tank. Furnished and ready to move in. Quiet neighbourhood with good access to transport.,58500.0
Bole,1,1,45.0,0,0,1,1-bedroom unit in Bole for long-term rental. About 45 square metres of living space. Furnished and ready to move in. Close to schools and markets.,21500.0
Yeka,5,3,152.4,0,0,0,"5-bedroom apartment in Yeka available for rent. 152 square metres, well laid out. Well maintained apartment. Well maintained and secure.",55000.0
Yeka,2,1,73.0,1,0,0,Rent a 2-bedroom home located in Yeka. About 73 square metres of living space. Features a private water tank. Close to schools and markets.,26500.0
Kirkos,5,3,158.1,1,0,0,5-bedroom apartment in Kirkos available for rent. About 158 square metres of living space. Features a private water tank. Close to schools and markets.,67000.0
Nifas Silk,2,1,95.3,0,0,0,"Apartment with 2 bedrooms in Nifas Silk, now available. About 95 square metres of living space. Well maintained apartment. Ideal for families or professionals.",28500.0
Nifas Silk,5,2,167.4,1,0,1,"Apartment with 5 bedrooms in Nifas Silk, now available. Floor space of 167 square metres. Features a private water tank. Furnished and ready to move in. Ideal for families or professionals.",63500.0
Kirkos,3,2,101.6,0,1,1,Rent a 3-bedroom home located in Kirkos. About 102 square metres of living space. Comes with a backup generator. Furnished and ready to move in. Quiet neighbourhood with good access to transport.,50500.0
Kirkos,3,2,119.1,0,0,0,3-bedroom unit in Kirkos for long-term rental. About 119 square metres of living space. Well maintained apartment. Close to schools and markets.,47000.0
Yeka,2,1,102.3,0,1,1,"2-bedroom apartment in Yeka available for rent. 102 square metres, well laid out. Comes with a backup generator. Furnished and ready to move in. Ideal for families or professionals.",40500.0
Nifas Silk,5,3,132.3,0,0,0,"5-bedroom unit in Nifas Silk for long-term rental. 132 square metres, well laid out. Well maintained apartment. Ideal for families or professionals.",46500.0
Yeka,1,1,71.3,0,0,0,"Apartment with 1 bedrooms in Yeka, now available. Floor space of 71 square metres. Well maintained apartment. Close to schools and markets.",22500.0
Bole,3,2,119.5,0,0,0,"3-bedroom unit in Bole for long-term rental. 120 square metres, well laid out. Well maintained apartment. Well maintained and secure.",49500.0
Kirkos,2,1,82.9,0,0,1,Rent a 2-bedroom home located in Kirkos. About 83 square metres of living space. Furnished and ready to move in. Well maintained and secure.,37000.0
Arada,3,2,93.5,1,0,0,3-bedroom apartment in Arada available for rent. Floor space of 94 square metres. Features a private water tank. Close to schools and markets.,39000.0
Yeka,2,1,97.3,0,0,0,"2-bedroom apartment in Yeka available for rent. 97 square metres, well laid out. Well maintained apartment. Well maintained and secure.",31500.0
Nifas Silk,4,2,115.6,1,0,0,"4-bedroom apartment in Nifas Silk available for rent. 116 square metres, well laid out. Features a private water tank. Quiet neighbourhood with good access to transport.",40500.0
Nifas Silk,2,2,83.9,1,0,1,"Apartment with 2 bedrooms in Nifas Silk, now available. Floor space of 84 square metres. Features a private water tank. Furnished and ready to move in. Well maintained and secure.",33000.0
Gulele,1,1,63.5,0,0,0,Rent a 1-bedroom home located in Gulele. About 64 square metres of living space. Well maintained apartment. Ideal for families or professionals.,17500.0
Nifas Silk,1,2,72.6,0,1,1,"1-bedroom unit in Nifas Silk for long-term rental. 73 square metres, well laid out. Comes with a backup generator. Furnished and ready to move in. Quiet neighbourhood with good access to transport.",28500.0
Nifas Silk,4,3,122.5,1,0,0,"Rent a 4-bedroom home located in Nifas Silk. 122 square metres, well laid out. Features a private water tank. Ideal for families or professionals.",43500.0
Yeka,2,1,77.8,0,0,0,"2-bedroom apartment in Yeka available for rent. 78 square metres, well laid out. Well maintained apartment. Ideal for families or professionals.",26000.0
Kolfe,2,1,87.2,0,1,0,"Apartment with 2 bedrooms in Kolfe, now available. Floor space of 87 square metres. Comes with a backup generator. Well maintained and secure.",27000.0
Arada,4,3,142.1,0,0,1,"Rent a 4-bedroom home located in Arada. 142 square metres, well laid out. Furnished and ready to move in. Ideal for families or professionals.",63500.0
Kirkos,2,2,113.4,0,0,0,"Apartment with 2 bedrooms in Kirkos, now available. About 113 square metres of living space. Well maintained apartment. Quiet neighbourhood with good access to transport.",43000.0
Nifas Silk,2,1,67.9,1,0,0,"Apartment with 2 bedrooms in Nifas Silk, now available. About 68 square metres of living space. Features a private water tank. Close to schools and markets.",23500.0
Kirkos,2,2,89.8,0,0,1,2-bedroom unit in Kirkos for long-term rental. About 90 square metres of living space. Furnished and ready to move in. Ideal for families or professionals.,41000.0
Arada,2,1,73.0,0,0,1,"Apartment with 2 bedrooms in Arada, now available. About 73 square metres of living space. Furnished and ready to move in. Close to schools and markets.",31500.0
Gulele,4,2,142.2,0,0,1,4-bedroom apartment in Gulele available for rent. Floor space of 142 square metres. Furnished and ready to move in. Quiet neighbourhood with good access to transport.,49500.0
Lidetta,3,1,96.7,0,0,0,3-bedroom unit in Lidetta for long-term rental. About 97 square metres of living space. Well maintained apartment. Ideal for families or professionals.,28000.0
Akaky Kaliti,5,3,143.9,1,0,0,5-bedroom unit in Akaky Kaliti for long-term rental. Floor space of 144 square metres. Features a private water tank. Quiet neighbourhood with good access to transport.,43500.0
Arada,4,2,122.9,0,0,0,4-bedroom apartment in Arada available for rent. Floor space of 123 square metres. Well maintained apartment. Quiet neighbourhood with good access to transport.,48000.0
Arada,1,1,63.1,0,1,0,Rent a 1-bedroom home located in Arada. Floor space of 63 square metres. Comes with a backup generator. Ideal for families or professionals.,25000.0
Kolfe,2,1,89.9,0,0,1,"2-bedroom unit in Kolfe for long-term rental. 90 square metres, well laid out. Furnished and ready to move in. Quiet neighbourhood with good access to transport.",28500.0
Yeka,2,2,91.8,1,1,0,"2-bedroom unit in Yeka for long-term rental. 92 square metres, well laid out. Features a private water tank. Comes with a backup generator. Quiet neighbourhood with good access to transport.",35500.0
Lidetta,3,3,107.9,0,1,1,Rent a 3-bedroom home located in Lidetta. Floor space of 108 square metres. Comes with a backup generator. Furnished and ready to move in. Ideal for families or professionals.,41000.0
Arada,2,1,70.0,0,0,1,"Rent a 2-bedroom home located in Arada. 70 square metres, well laid out. Furnished and ready to move in. Well maintained and secure.",30500.0
Bole,5,3,160.7,0,0,1,5-bedroom unit in Bole for long-term rental. Floor space of 161 square metres. Furnished and ready to move in. Well maintained and secure.,79500.0
Bole,2,1,85.4,0,0,0,2-bedroom apartment in Bole available for rent. About 85 square metres of living space. Well maintained apartment. Well maintained and secure.,34500.0
Lidetta,3,2,121.9,0,0,0,"3-bedroom apartment in Lidetta available for rent. 122 square metres, well laid out. Well maintained apartment. Ideal for families or professionals.",34500.0
Bole,1,1,55.5,1,0,0,"1-bedroom apartment in Bole available for rent. 56 square metres, well laid out. Features a private water tank. Quiet neighbourhood with good access to transport.",24000.0
Yeka,5,3,132.8,1,0,0,Rent a 5-bedroom home located in Yeka. About 133 square metres of living space. Features a private water tank. Well maintained and secure.,51500.0
Kirkos,5,3,151.6,0,0,0,5-bedroom unit in Kirkos for long-term rental. About 152 square metres of living space. Well maintained apartment. Ideal for families or professionals.,63000.0
Bole,4,2,145.6,1,0,1,"Rent a 4-bedroom home located in Bole. 146 square metres, well laid out. Features a private water tank. Furnished and ready to move in. Ideal for families or professionals.",72000.0
Yeka,2,1,87.9,0,1,1,"Apartment with 2 bedrooms in Yeka, now available. Floor space of 88 square metres. Comes with a backup generator. Furnished and ready to move in. Quiet neighbourhood with good access to transport.",36000.0
Gulele,1,1,61.6,0,0,0,"Apartment with 1 bedrooms in Gulele, now available. Floor space of 62 square metres. Well maintained apartment. Close to schools and markets.",17500.0
Bole,4,3,119.6,1,0,1,"Apartment with 4 bedrooms in Bole, now available. 120 square metres, well laid out. Features a private water tank. Furnished and ready to move in. Ideal for families or professionals.",63000.0
Kolfe,3,3,129.1,0,0,0,"Apartment with 3 bedrooms in Kolfe, now available. 129 square metres, well laid out. Well maintained apartment. Quiet neighbourhood with good access to transport.",38000.0
Lidetta,5,3,139.6,0,0,0,"Apartment with 5 bedrooms in Lidetta, now available. 140 square metres, well laid out. Well maintained apartment. Well maintained and secure.",44000.0
Kirkos,4,3,121.3,0,0,0,4-bedroom unit in Kirkos for long-term rental. Floor space of 121 square metres. Well maintained apartment. Close to schools and markets.,51000.0
Bole,3,1,114.8,0,0,1,"Apartment with 3 bedrooms in Bole, now available. Floor space of 115 square metres. Furnished and ready to move in. Quiet neighbourhood with good access to transport.",54000.0
Nifas Silk,5,3,129.7,1,0,1,5-bedroom apartment in Nifas Silk available for rent. About 130 square metres of living space. Features a private water tank. Furnished and ready to move in. Close to schools and markets.,54500.0
Bole,5,3,167.3,1,0,0,Rent a 5-bedroom home located in Bole. Floor space of 167 square metres. Features a private water tank. Ideal for families or professionals.,73500.0
Kirkos,3,2,115.5,1,1,0,"Rent a 3-bedroom home located in Kirkos. 116 square metres, well laid out. Features a private water tank. Comes with a backup generator. Ideal for families or professionals.",50500.0
Addis Ketema,1,1,74.8,1,0,0,Rent a 1-bedroom home located in Addis Ketema. Floor space of 75 square metres. Features a private water tank. Well maintained and secure.,20500.0
Addis Ketema,1,1,70.7,0,0,0,Rent a 1-bedroom home located in Addis Ketema. About 71 square metres of living space. Well maintained apartment. Well maintained and secure.,18000.0
Kolfe,3,1,106.1,1,0,0,"Apartment with 3 bedrooms in Kolfe, now available. Floor space of 106 square metres. Features a private water tank. Well maintained and secure.",32500.0
Yeka,3,1,95.2,1,0,0,"Apartment with 3 bedrooms in Yeka, now available. 95 square metres, well laid out. Features a private water tank. Quiet neighbourhood with good access to transport.",35000.0
Gulele,1,1,62.3,1,0,0,"1-bedroom apartment in Gulele available for rent. 62 square metres, well laid out. Features a private water tank. Close to schools and markets.",19000.0
Gulele,1,1,52.3,0,1,1,Rent a 1-bedroom home located in Gulele. Floor space of 52 square metres. Comes with a backup generator. Furnished and ready to move in. Ideal for families or professionals.,20500.0
Kirkos,4,3,135.8,0,0,0,4-bedroom unit in Kirkos for long-term rental. Floor space of 136 square metres. Well maintained apartment. Close to schools and markets.,56000.0
Nifas Silk,4,3,139.7,0,1,0,Rent a 4-bedroom home located in Nifas Silk. Floor space of 140 square metres. Comes with a backup generator. Well maintained and secure.,48500.0
Bole,1,1,81.7,0,0,0,Rent a 1-bedroom home located in Bole. About 82 square metres of living space. Well maintained apartment. Quiet neighbourhood with good access to transport.,31000.0
Yeka,3,2,112.5,1,0,1,3-bedroom unit in Yeka for long-term rental. Floor space of 112 square metres. Features a private water tank. Furnished and ready to move in. Quiet neighbourhood with good access to transport.,46500.0
Arada,1,1,75.1,1,0,0,"1-bedroom unit in Arada for long-term rental. 75 square metres, well laid out. Features a private water tank. Ideal for families or professionals.",27500.0
Bole,4,2,126.4,0,0,1,"Apartment with 4 bedrooms in Bole, now available. 126 square metres, well laid out. Furnished and ready to move in. Quiet neighbourhood with good access to transport.",62500.0
Bole,5,3,146.3,0,0,1,Rent a 5-bedroom home located in Bole. Floor space of 146 square metres. Furnished and ready to move in. Well maintained and secure.,74000.0
Lidetta,5,3,157.7,0,0,0,Rent a 5-bedroom home located in Lidetta. About 158 square metres of living space. Well maintained apartment. Close to schools and markets.,47500.0
Addis Ketema,3,2,103.4,0,0,0,"Apartment with 3 bedrooms in Addis Ketema, now available. 103 square metres, well laid out. Well maintained apartment. Ideal for families or professionals.",30000.0
Arada,4,2,133.2,1,0,0,"Apartment with 4 bedrooms in Arada, now available. Floor space of 133 square metres. Features a private water tank. Ideal for families or professionals.",53000.0
Lidetta,5,3,139.3,0,1,0,"Apartment with 5 bedrooms in Lidetta, now available. 139 square metres, well laid out. Comes with a backup generator. Close to schools and markets.",46500.0
Addis Ketema,4,2,119.4,1,0,0,"Apartment with 4 bedrooms in Addis Ketema, now available. About 119 square metres of living space. Features a private water tank. Well maintained and secure.",37500.0
Bole,3,2,115.6,1,0,1,3-bedroom unit in Bole for long-term rental. Floor space of 116 square metres. Features a private water tank. Furnished and ready to move in. Well maintained and secure.,57500.0
Kirkos,4,3,140.6,0,0,0,Rent a 4-bedroom home located in Kirkos. About 141 square metres of living space. Well maintained apartment. Well maintained and secure.,57500.0
Kirkos,3,2,96.2,0,0,1,Rent a 3-bedroom home located in Kirkos. Floor space of 96 square metres. Furnished and ready to move in. Well maintained and secure.,46000.0
Bole,5,3,160.0,0,1,0,"5-bedroom unit in Bole for long-term rental. 160 square metres, well laid out. Comes with a backup generator. Well maintained and secure.",71500.0
Kolfe,3,2,101.6,1,0,1,3-bedroom apartment in Kolfe available for rent. Floor space of 102 square metres. Features a private water tank. Furnished and ready to move in. Close to schools and markets.,37500.0
Kirkos,5,3,152.2,0,0,0,Rent a 5-bedroom home located in Kirkos. Floor space of 152 square metres. Well maintained apartment. Close to schools and markets.,63500.0
Arada,1,1,81.0,0,0,0,Rent a 1-bedroom home located in Arada. Floor space of 81 square metres. Well maintained apartment. Ideal for families or professionals.,27500.0
Bole,1,1,73.7,0,0,0,1-bedroom unit in Bole for long-term rental. Floor space of 74 square metres. Well maintained apartment. Ideal for families or professionals.,28500.0
Yeka,1,1,73.6,0,0,0,"Apartment with 1 bedrooms in Yeka, now available. 74 square metres, well laid out. Well maintained apartment. Close to schools and markets.",23000.0
Akaky Kaliti,3,2,130.9,0,0,0,"3-bedroom unit in Akaky Kaliti for long-term rental. 131 square metres, well laid out. Well maintained apartment. Close to schools and markets.",34000.0
Bole,4,3,121.6,1,1,0,Rent a 4-bedroom home located in Bole. Floor space of 122 square metres. Features a private water tank. Comes with a backup generator. Well maintained and secure.,58000.0
Yeka,2,1,74.2,1,0,0,"Apartment with 2 bedrooms in Yeka, now available. Floor space of 74 square metres. Features a private water tank. Quiet neighbourhood with good access to transport.",27000.0
Yeka,1,1,55.3,0,0,0,1-bedroom apartment in Yeka available for rent. About 55 square metres of living space. Well maintained apartment. Ideal for families or professionals.,18000.0
Arada,5,3,148.9,0,0,0,"5-bedroom unit in Arada for long-term rental. 149 square metres, well laid out. Well maintained apartment. Close to schools and markets.",59500.0
Nifas Silk,4,2,101.7,1,0,0,"Apartment with 4 bedrooms in Nifas Silk, now available. About 102 square metres of living space. Features a private water tank. Close to schools and markets.",37500.0
Arada,4,2,127.5,0,0,0,"4-bedroom unit in Arada for long-term rental. 128 square metres, well laid out. Well maintained apartment. Ideal for families or professionals.",49500.0
Bole,3,2,101.5,0,0,0,"3-bedroom apartment in Bole available for rent. 102 square metres, well laid out. Well maintained apartment. Quiet neighbourhood with good access to transport.",43500.0
Yeka,3,2,117.4,1,0,0,"3-bedroom unit in Yeka for long-term rental. 117 square metres, well laid out. Features a private water tank. Close to schools and markets.",42000.0
Lidetta,1,1,68.2,0,0,0,"Apartment with 1 bedrooms in Lidetta, now available. 68 square metres, well laid out. Well maintained apartment. Close to schools and markets.",17500.0
Nifas Silk,1,1,56.8,1,0,0,1-bedroom unit in Nifas Silk for long-term rental. Floor space of 57 square metres. Features a private water tank. Well maintained and secure.,19000.0
Nifas Silk,5,3,159.1,1,0,1,5-bedroom unit in Nifas Silk for long-term rental. About 159 square metres of living space. Features a private water tank. Furnished and ready to move in. Quiet neighbourhood with good access to transport.,63000.0
Gulele,2,1,94.7,1,1,0,Rent a 2-bedroom home located in Gulele. Floor space of 95 square metres. Features a private water tank. Comes with a backup generator. Close to schools and markets.,31500.0
Kolfe,4,3,120.8,1,0,0,4-bedroom unit in Kolfe for long-term rental. About 121 square metres of living space. Features a private water tank. Ideal for families or professionals.,40000.0
Bole,4,2,124.1,0,0,0,4-bedroom unit in Bole for long-term rental. Floor space of 124 square metres. Well maintained apartment. Quiet neighbourhood with good access to transport.,53500.0
Kirkos,2,2,59.3,0,0,0,"Apartment with 2 bedrooms in Kirkos, now available. 59 square metres, well laid out. Well maintained apartment. Ideal for families or professionals.",26000.0
Arada,2,1,72.9,0,0,0,Rent a 2-bedroom home located in Arada. Floor space of 73 square metres. Well maintained apartment. Close to schools and markets.,27500.0
Kirkos,4,2,121.1,0,0,0,"Apartment with 4 bedrooms in Kirkos, now available. 121 square metres, well laid out. Well maintained apartment. Close to schools and markets.",50000.0
Lidetta,1,1,64.9,0,1,0,Rent a 1-bedroom home located in Lidetta. Floor space of 65 square metres. Comes with a backup generator. Well maintained and secure.,19500.0
Arada,3,2,96.7,0,0,0,3-bedroom apartment in Arada available for rent. About 97 square metres of living space. Well maintained apartment. Quiet neighbourhood with good access to transport.,38000.0
Kolfe,5,3,145.8,0,1,0,"5-bedroom unit in Kolfe for long-term rental. 146 square metres, well laid out. Comes with a backup generator. Close to schools and markets.",48500.0
Lidetta,4,3,115.3,1,1,0,4-bedroom apartment in Lidetta available for rent. About 115 square metres of living space. Features a private water tank. Comes with a backup generator. Ideal for families or professionals.,41000.0
Arada,4,3,132.1,0,1,0,4-bedroom apartment in Arada available for rent. About 132 square metres of living space. Comes with a backup generator. Ideal for families or professionals.,54500.0
Akaky Kaliti,1,1,69.1,1,0,0,1-bedroom unit in Akaky Kaliti for long-term rental. About 69 square metres of living space. Features a private water tank. Close to schools and markets.,18500.0
Nifas Silk,1,1,68.8,0,0,0,1-bedroom unit in Nifas Silk for long-term rental. About 69 square metres of living space. Well maintained apartment. Ideal for families or professionals.,20000.0
Lidetta,2,1,86.1,0,1,0,"Rent a 2-bedroom home located in Lidetta. 86 square metres, well laid out. Comes with a backup generator. Close to schools and markets.",26500.0
Kirkos,2,1,67.5,0,0,0,2-bedroom unit in Kirkos for long-term rental. About 68 square metres of living space. Well maintained apartment. Close to schools and markets.,27000.0
Arada,1,1,56.6,1,0,1,1-bedroom unit in Arada for long-term rental. Floor space of 57 square metres. Features a private water tank. Furnished and ready to move in. Quiet neighbourhood with good access to transport.,25500.0
Arada,5,3,147.1,0,0,0,Rent a 5-bedroom home located in Arada. About 147 square metres of living space. Well maintained apartment. Close to schools and markets.,58500.0
Bole,1,1,59.2,0,0,1,"Rent a 1-bedroom home located in Bole. 59 square metres, well laid out. Furnished and ready to move in. Ideal for families or professionals.",27000.0
Kirkos,4,3,130.9,1,1,1,"4-bedroom unit in Kirkos for long-term rental. 131 square metres, well laid out. Features a private water tank. Comes with a backup generator. Furnished and ready to move in. Ideal for families or professionals.",67500.0
Akaky Kaliti,3,2,125.1,1,0,0,Rent a 3-bedroom home located in Akaky Kaliti. About 125 square metres of living space. Features a private water tank. Quiet neighbourhood with good access to transport.,34500.0
Nifas Silk,4,2,139.7,1,0,0,"4-bedroom unit in Nifas Silk for long-term rental. 140 square metres, well laid out. Features a private water tank. Close to schools and markets.",46500.0
Bole,2,1,74.1,0,0,0,"Apartment with 2 bedrooms in Bole, now available. About 74 square metres of living space. Well maintained apartment. Quiet neighbourhood with good access to transport.",31000.0
Kirkos,2,1,94.1,0,0,0,"Apartment with 2 bedrooms in Kirkos, now available. About 94 square metres of living space. Well maintained apartment. Quiet neighbourhood with good access to transport.",35500.0
Yeka,4,2,137.7,1,1,0,4-bedroom apartment in Yeka available for rent. Floor space of 138 square metres. Features a private water tank. Comes with a backup generator. Close to schools and markets.,52000.0
Bole,2,1,76.3,0,0,0,"Rent a 2-bedroom home located in Bole. 76 square metres, well laid out. Well maintained apartment. Ideal for families or professionals.",31500.0
Akaky Kaliti,4,2,140.2,1,1,0,"Apartment with 4 bedrooms in Akaky Kaliti, now available. About 140 square metres of living space. Features a private water tank. Comes with a backup generator. Well maintained and secure.",42000.0
Kirkos,1,1,62.1,0,1,0,"Rent a 1-bedroom home located in Kirkos. 62 square metres, well laid out. Comes with a backup generator. Ideal for families or professionals.",26000.0
Yeka,1,1,47.1,0,0,1,1-bedroom apartment in Yeka available for rent. About 47 square metres of living space. Furnished and ready to move in. Ideal for families or professionals.,18500.0
Nifas Silk,4,3,135.5,1,1,0,Rent a 4-bedroom home located in Nifas Silk. About 136 square metres of living space. Features a private water tank. Comes with a backup generator. Well maintained and secure.,49500.0
Bole,4,2,132.6,0,0,1,"4-bedroom unit in Bole for long-term rental. 133 square metres, well laid out. Furnished and ready to move in. Ideal for families or professionals.",64500.0
Yeka,1,1,61.3,1,1,0,"Apartment with 1 bedrooms in Yeka, now available. 61 square metres, well laid out. Features a private water tank. Comes with a backup generator. Quiet neighbourhood with good access to transport.",24000.0
Gulele,5,3,151.6,1,0,0,5-bedroom apartment in Gulele available for rent. About 152 square metres of living space. Features a private water tank. Close to schools and markets.,50500.0
Nifas Silk,1,1,55.4,1,0,1,1-bedroom unit in Nifas Silk for long-term rental. Floor space of 55 square metres. Features a private water tank. Furnished and ready to move in. Close to schools and markets.,21500.0
Addis Ketema,5,3,159.3,1,0,0,"Apartment with 5 bedrooms in Addis Ketema, now available. 159 square metres, well laid out. Features a private water tank. Close to schools and markets.",49000.0
Nifas Silk,4,3,129.5,0,0,0,4-bedroom unit in Nifas Silk for long-term rental. Floor space of 130 square metres. Well maintained apartment. Well maintained and secure.,43500.0
Arada,5,3,154.0,0,0,0,"5-bedroom apartment in Arada available for rent. 154 square metres, well laid out. Well maintained apartment. Ideal for families or professionals.",61000.0
Kolfe,5,3,156.3,0,0,1,Rent a 5-bedroom home located in Kolfe. Floor space of 156 square metres. Furnished and ready to move in. Close to schools and markets.,55500.0
Akaky Kaliti,2,1,72.1,1,0,1,"Apartment with 2 bedrooms in Akaky Kaliti, now available. 72 square metres, well laid out. Features a private water tank. Furnished and ready to move in. Well maintained and secure.",24500.0
Gulele,4,3,119.3,1,0,0,4-bedroom unit in Gulele for long-term rental. Floor space of 119 square metres. Features a private water tank. Ideal for families or professionals.,41000.0
Addis Ketema,2,1,59.5,1,1,0,2-bedroom unit in Addis Ketema for long-term rental. Floor space of 60 square metres. Features a private water tank. Comes with a backup generator. Well maintained and secure.,22000.0
Kolfe,3,2,114.8,1,0,0,Rent a 3-bedroom home located in Kolfe. Floor space of 115 square metres. Features a private water tank. Ideal for families or professionals.,35500.0
Lidetta,2,1,71.5,0,0,0,"Rent a 2-bedroom home located in Lidetta. 72 square metres, well laid out. Well maintained apartment. Close to schools and markets.",20500.0
Bole,3,2,109.6,0,1,0,"Apartment with 3 bedrooms in Bole, now available. About 110 square metres of living space. Comes with a backup generator. Quiet neighbourhood with good access to transport.",49000.0
Gulele,5,3,156.5,0,0,0,"5-bedroom apartment in Gulele available for rent. 156 square metres, well laid out. Well maintained apartment. Close to schools and markets.",50000.0
Kirkos,3,2,115.2,0,1,0,Rent a 3-bedroom home located in Kirkos. About 115 square metres of living space. Comes with a backup generator. Well maintained and secure.,48500.0
Arada,1,1,49.6,1,0,1,1-bedroom unit in Arada for long-term rental. Floor space of 50 square metres. Features a private water tank. Furnished and ready to move in. Ideal for families or professionals.,23000.0
Nifas Silk,2,1,85.2,0,0,0,"Apartment with 2 bedrooms in Nifas Silk, now available. 85 square metres, well laid out. Well maintained apartment. Well maintained and secure.",26000.0
Addis Ketema,4,2,150.0,1,0,0,"Apartment with 4 bedrooms in Addis Ketema, now available. 150 square metres, well laid out. Features a private water tank. Quiet neighbourhood with good access to transport.",44000.0
Addis Ketema,3,2,128.6,1,0,0,3-bedroom unit in Addis Ketema for long-term rental. About 129 square metres of living space. Features a private water tank. Ideal for families or professionals.,37000.0
Yeka,3,2,119.8,0,0,1,"Rent a 3-bedroom home located in Yeka. 120 square metres, well laid out. Furnished and ready to move in. Quiet neighbourhood with good access to transport.",47000.0
Gulele,3,1,112.0,1,0,1,"3-bedroom apartment in Gulele available for rent. 112 square metres, well laid out. Features a private water tank. Furnished and ready to move in. Ideal for families or professionals.",40000.0
Gulele,2,1,73.9,1,1,0,"Apartment with 2 bedrooms in Gulele, now available. Floor space of 74 square metres. Features a private water tank. Comes with a backup generator. Well maintained and secure.",26500.0
Kirkos,3,2,116.6,1,0,0,"Apartment with 3 bedrooms in Kirkos, now available. 117 square metres, well laid out. Features a private water tank. Close to schools and markets.",48000.0
Bole,4,2,128.1,0,0,0,4-bedroom unit in Bole for long-term rental. About 128 square metres of living space. Well maintained apartment. Quiet neighbourhood with good access to transport.,55000.0
Bole,5,3,158.7,1,0,1,5-bedroom unit in Bole for long-term rental. Floor space of 159 square metres. Features a private water tank. Furnished and ready to move in. Ideal for families or professionals.,81000.0
Kolfe,4,2,122.4,1,1,0,4-bedroom apartment in Kolfe available for rent. Floor space of 122 square metres. Features a private water tank. Comes with a backup generator. Well maintained and secure.,42000.0
Arada,5,3,149.9,0,0,0,"5-bedroom unit in Arada for long-term rental. 150 square metres, well laid out. Well maintained apartment. Well maintained and secure.",59500.0
Addis Ketema,5,3,154.0,1,0,0,"Apartment with 5 bedrooms in Addis Ketema, now available. 154 square metres, well laid out. Features a private water tank. Close to schools and markets.",48000.0
Arada,1,1,67.0,1,1,1,1-bedroom unit in Arada for long-term rental. Floor space of 67 square metres. Features a private water tank. Comes with a backup generator. Furnished and ready to move in. Ideal for families or professionals.,32000.0
Addis Ketema,2,1,91.9,0,1,0,"2-bedroom apartment in Addis Ketema available for rent. 92 square metres, well laid out. Comes with a backup generator. Well maintained and secure.",27000.0
Kirkos,2,1,79.0,0,0,0,"2-bedroom unit in Kirkos for long-term rental. 79 square metres, well laid out. Well maintained apartment. Ideal for families or professionals.",31000.0
Kolfe,1,1,47.9,0,1,0,1-bedroom apartment in Kolfe available for rent. About 48 square metres of living space. Comes with a backup generator. Close to schools and markets.,16500.0
Bole,1,1,83.5,0,0,0,Rent a 1-bedroom home located in Bole. Floor space of 84 square metres. Well maintained apartment. Close to schools and markets.,32000.0
Arada,4,2,159.9,1,0,0,"Rent a 4-bedroom home located in Arada. 160 square metres, well laid out. Features a private water tank. Well maintained and secure.",61000.0
Kolfe,2,1,91.4,1,0,0,2-bedroom unit in Kolfe for long-term rental. About 91 square metres of living space. Features a private water tank. Ideal for families or professionals.,27000.0
Akaky Kaliti,1,1,48.1,1,0,0,1-bedroom apartment in Akaky Kaliti available for rent. About 48 square metres of living space. Features a private water tank. Close to schools and markets.,14500.0
Kolfe,2,2,76.7,1,0,0,"Apartment with 2 bedrooms in Kolfe, now available. Floor space of 77 square metres. Features a private water tank. Ideal for families or professionals.",25000.0
Bole,2,2,92.1,0,0,0,2-bedroom apartment in Bole available for rent. About 92 square metres of living space. Well maintained apartment. Close to schools and markets.,38000.0
Kirkos,1,1,80.1,0,0,1,1-bedroom apartment in Kirkos available for rent. Floor space of 80 square metres. Furnished and ready to move in. Quiet neighbourhood with good access to transport.,33500.0
Bole,1,1,49.4,0,0,0,1-bedroom unit in Bole for long-term rental. About 49 square metres of living space. Well maintained apartment. Ideal for families or professionals.,20000.0
Bole,4,3,128.5,0,0,0,4-bedroom unit in Bole for long-term rental. Floor space of 128 square metres. Well maintained apartment. Ideal for families or professionals.,56000.0
Gulele,5,3,154.4,1,0,0,"Apartment with 5 bedrooms in Gulele, now available. Floor space of 154 square metres. Features a private water tank. Ideal for families or professionals.",51000.0
Gulele,3,2,118.4,0,0,1,"Apartment with 3 bedrooms in Gulele, now available. Floor space of 118 square metres. Furnished and ready to move in. Close to schools and markets.",41000.0
Kolfe,4,3,125.9,1,0,0,"Rent a 4-bedroom home located in Kolfe. 126 square metres, well laid out. Features a private water tank. Quiet neighbourhood with good access to transport.",41500.0
Lidetta,5,3,133.2,0,1,0,"Apartment with 5 bedrooms in Lidetta, now available. Floor space of 133 square metres. Comes with a backup generator. Well maintained and secure.",45000.0
Gulele,5,3,159.5,0,0,0,"Rent a 5-bedroom home located in Gulele. 160 square metres, well laid out. Well maintained apartment. Quiet neighbourhood with good access to transport.",50500.0
Kolfe,1,1,77.5,1,0,1,"Apartment with 1 bedrooms in Kolfe, now available. 78 square metres, well laid out. Features a private water tank. Furnished and ready to move in. Ideal for families or professionals.",25000.0
Bole,5,2,151.0,0,0,0,5-bedroom apartment in Bole available for rent. Floor space of 151 square metres. Well maintained apartment. Close to schools and markets.,64500.0
Yeka,1,1,68.9,0,1,0,Rent a 1-bedroom home located in Yeka. About 69 square metres of living space. Comes with a backup generator. Ideal for families or professionals.,24500.0
Nifas Silk,1,1,58.3,1,0,0,1-bedroom unit in Nifas Silk for long-term rental. About 58 square metres of living space. Features a private water tank. Well maintained and secure.,19000.0
Lidetta,3,2,97.9,0,0,0,"Rent a 3-bedroom home located in Lidetta. 98 square metres, well laid out. Well maintained apartment. Ideal for families or professionals.",29500.0
Bole,4,2,142.3,1,0,0,Rent a 4-bedroom home located in Bole. Floor space of 142 square metres. Features a private water tank. Well maintained and secure.,61500.0
Arada,1,1,68.6,1,0,0,Rent a 1-bedroom home located in Arada. About 69 square metres of living space. Features a private water tank. Quiet neighbourhood with good access to transport.,26000.0
Gulele,2,2,91.9,1,1,0,"Apartment with 2 bedrooms in Gulele, now available. Floor space of 92 square metres. Features a private water tank. Comes with a backup generator. Well maintained and secure.",32000.0
Bole,2,1,104.0,0,0,0,"Rent a 2-bedroom home located in Bole. 104 square metres, well laid out. Well maintained apartment. Well maintained and secure.",41000.0
Kirkos,2,1,73.3,0,0,0,Rent a 2-bedroom home located in Kirkos. About 73 square metres of living space. Well maintained apartment. Well maintained and secure.,29000.0
Akaky Kaliti,5,3,145.4,0,1,0,5-bedroom apartment in Akaky Kaliti available for rent. About 145 square metres of living space. Comes with a backup generator. Quiet neighbourhood with good access to transport.,45000.0
Gulele,2,2,87.9,1,0,1,Rent a 2-bedroom home located in Gulele. Floor space of 88 square metres. Features a private water tank. Furnished and ready to move in. Ideal for families or professionals.,32500.0
Yeka,2,1,79.2,1,0,1,2-bedroom apartment in Yeka available for rent. About 79 square metres of living space. Features a private water tank. Furnished and ready to move in. Ideal for families or professionals.,32500.0
Lidetta,1,1,73.4,0,0,0,Rent a 1-bedroom home located in Lidetta. Floor space of 73 square metres. Well maintained apartment. Ideal for families or professionals.,19000.0
Kirkos,1,1,61.8,1,0,1,"1-bedroom unit in Kirkos for long-term rental. 62 square metres, well laid out. Features a private water tank. Furnished and ready to move in. Well maintained and secure.",28500.0
Lidetta,1,1,52.1,0,0,0,"Apartment with 1 bedrooms in Lidetta, now available. About 52 square metres of living space. Well maintained apartment. Well maintained and secure.",14500.0
Yeka,3,2,108.8,1,0,0,Rent a 3-bedroom home located in Yeka. About 109 square metres of living space. Features a private water tank. Close to schools and markets.,39500.0
Nifas Silk,3,2,110.0,0,0,1,3-bedroom apartment in Nifas Silk available for rent. About 110 square metres of living space. Furnished and ready to move in. Close to schools and markets.,40500.0
Kirkos,3,3,119.2,0,1,1,3-bedroom unit in Kirkos for long-term rental. Floor space of 119 square metres. Comes with a backup generator. Furnished and ready to move in. Well maintained and secure.,58500.0
Yeka,5,3,156.7,1,0,0,5-bedroom unit in Yeka for long-term rental. About 157 square metres of living space. Features a private water tank. Ideal for families or professionals.,58000.0
Lidetta,3,2,113.5,1,0,0,3-bedroom apartment in Lidetta available for rent. Floor space of 114 square metres. Features a private water tank. Close to schools and markets.,34500.0
Yeka,1,2,67.8,1,0,0,"Apartment with 1 bedrooms in Yeka, now available. 68 square metres, well laid out. Features a private water tank. Well maintained and secure.",24500.0
Bole,2,1,83.7,0,0,0,2-bedroom unit in Bole for long-term rental. About 84 square metres of living space. Well maintained apartment. Ideal for families or professionals.,34000.0
Kirkos,2,1,77.4,0,0,1,"Rent a 2-bedroom home located in Kirkos. 77 square metres, well laid out. Furnished and ready to move in. Well maintained and secure.",35000.0
Gulele,5,2,155.5,1,1,1,5-bedroom apartment in Gulele available for rent. About 156 square metres of living space. Features a private water tank. Comes with a backup generator. Furnished and ready to move in. Ideal for families or professionals.,60500.0
Kolfe,2,2,82.0,1,1,1,"2-bedroom apartment in Kolfe available for rent. 82 square metres, well laid out. Features a private water tank. Comes with a backup generator. Furnished and ready to move in. Close to schools and markets.",33000.0
Addis Ketema,1,1,84.3,0,0,0,1-bedroom unit in Addis Ketema for long-term rental. About 84 square metres of living space. Well maintained apartment. Ideal for families or professionals.,20500.0
Yeka,4,3,146.1,1,0,0,"Apartment with 4 bedrooms in Yeka, now available. Floor space of 146 square metres. Features a private water tank. Ideal for families or professionals.",53000.0
Kirkos,3,1,115.6,0,0,0,3-bedroom apartment in Kirkos available for rent. About 116 square metres of living space. Well maintained apartment. Ideal for families or professionals.,45000.0
Bole,1,1,68.5,0,0,1,1-bedroom apartment in Bole available for rent. About 68 square metres of living space. Furnished and ready to move in. Well maintained and secure.,30500.0
Nifas Silk,4,2,128.9,1,0,0,4-bedroom unit in Nifas Silk for long-term rental. Floor space of 129 square metres. Features a private water tank. Quiet neighbourhood with good access to transport.,44000.0
Addis Ketema,2,2,70.9,1,0,0,"2-bedroom unit in Addis Ketema for long-term rental. 71 square metres, well laid out. Features a private water tank. Ideal for families or professionals.",23000.0
Gulele,5,2,149.4,1,1,0,"Rent a 5-bedroom home located in Gulele. 149 square metres, well laid out. Features a private water tank. Comes with a backup generator. Ideal for families or professionals.",51500.0
Nifas Silk,5,3,153.2,1,0,0,5-bedroom apartment in Nifas Silk available for rent. About 153 square metres of living space. Features a private water tank. Ideal for families or professionals.,53000.0
Kirkos,2,2,88.8,0,0,1,Rent a 2-bedroom home located in Kirkos. Floor space of 89 square metres. Furnished and ready to move in. Well maintained and secure.,40500.0
Akaky Kaliti,3,2,113.6,1,1,0,Rent a 3-bedroom home located in Akaky Kaliti. Floor space of 114 square metres. Features a private water tank. Comes with a backup generator. Ideal for families or professionals.,35000.0
Arada,3,2,119.1,0,0,0,"3-bedroom unit in Arada for long-term rental. 119 square metres, well laid out. Well maintained apartment. Ideal for families or professionals.",44500.0
Bole,4,2,121.7,0,0,0,4-bedroom apartment in Bole available for rent. Floor space of 122 square metres. Well maintained apartment. Ideal for families or professionals.,52500.0
Kirkos,1,1,55.8,1,0,1,1-bedroom unit in Kirkos for long-term rental. Floor space of 56 square metres. Features a private water tank. Furnished and ready to move in. Ideal for families or professionals.,26500.0
Bole,2,1,103.4,0,0,0,"Rent a 2-bedroom home located in Bole. 103 square metres, well laid out. Well maintained apartment. Quiet neighbourhood with good access to transport.",41000.0
Yeka,1,1,73.3,1,1,0,1-bedroom unit in Yeka for long-term rental. About 73 square metres of living space. Features a private water tank. Comes with a backup generator. Close to schools and markets.,27000.0
Bole,4,3,125.3,1,1,0,"Apartment with 4 bedrooms in Bole, now available. Floor space of 125 square metres. Features a private water tank. Comes with a backup generator. Quiet neighbourhood with good access to transport.",59500.0
Arada,1,1,62.7,0,1,1,"Apartment with 1 bedrooms in Arada, now available. Floor space of 63 square metres. Comes with a backup generator. Furnished and ready to move in. Ideal for families or professionals.",28500.0
Nifas Silk,3,2,106.8,1,1,0,Rent a 3-bedroom home located in Nifas Silk. Floor space of 107 square metres. Features a private water tank. Comes with a backup generator. Ideal for families or professionals.,39000.0
Kirkos,4,3,130.4,0,0,0,4-bedroom unit in Kirkos for long-term rental. About 130 square metres of living space. Well maintained apartment. Ideal for families or professionals.,54000.0
Kirkos,5,3,157.7,1,1,0,"5-bedroom unit in Kirkos for long-term rental. 158 square metres, well laid out. Features a private water tank. Comes with a backup generator. Ideal for families or professionals.",69500.0
Addis Ketema,2,1,116.4,0,1,0,"Apartment with 2 bedrooms in Addis Ketema, now available. About 116 square metres of living space. Comes with a backup generator. Quiet neighbourhood with good access to transport.",32000.0
Kolfe,1,1,66.3,1,1,0,1-bedroom unit in Kolfe for long-term rental. Floor space of 66 square metres. Features a private water tank. Comes with a backup generator. Quiet neighbourhood with good access to transport.,22000.0
Arada,4,2,138.0,1,0,1,4-bedroom unit in Arada for long-term rental. Floor space of 138 square metres. Features a private water tank. Furnished and ready to move in. Well maintained and secure.,62500.0
Yeka,1,1,43.8,1,1,0,"1-bedroom unit in Yeka for long-term rental. 44 square metres, well laid out. Features a private water tank. Comes with a backup generator. Quiet neighbourhood with good access to transport.",19500.0
Akaky Kaliti,1,1,58.2,0,0,0,Rent a 1-bedroom home located in Akaky Kaliti. About 58 square metres of living space. Well maintained apartment. Close to schools and markets.,14500.0
Yeka,5,3,166.7,1,0,0,5-bedroom unit in Yeka for long-term rental. Floor space of 167 square metres. Features a private water tank. Quiet neighbourhood with good access to transport.,60500.0
Kirkos,5,3,156.8,0,0,0,5-bedroom unit in Kirkos for long-term rental. Floor space of 157 square metres. Well maintained apartment. Ideal for families or professionals.,65000.0
Akaky Kaliti,4,2,77.3,1,1,0,Rent a 4-bedroom home located in Akaky Kaliti. Floor space of 77 square metres. Features a private water tank. Comes with a backup generator. Ideal for families or professionals.,30500.0
Arada,5,3,160.1,0,0,0,"5-bedroom unit in Arada for long-term rental. 160 square metres, well laid out. Well maintained apartment. Quiet neighbourhood with good access to transport.",62500.0
Gulele,1,1,87.0,0,0,0,1-bedroom unit in Gulele for long-term rental. Floor space of 87 square metres. Well maintained apartment. Close to schools and markets.,23000.0
Nifas Silk,1,1,40.0,1,1,0,1-bedroom unit in Nifas Silk for long-term rental. Floor space of 40 square metres. Features a private water tank. Comes with a backup generator. Well maintained and secure.,17500.0
Nifas Silk,2,2,104.2,0,0,1,"Apartment with 2 bedrooms in Nifas Silk, now available. 104 square metres, well laid out. Furnished and ready to move in. Ideal for families or professionals.",36500.0
Yeka,1,1,30.7,1,0,0,"Apartment with 1 bedrooms in Yeka, now available. 31 square metres, well laid out. Features a private water tank. Close to schools and markets.",13500.0
Yeka,5,3,163.3,1,0,0,5-bedroom apartment in Yeka available for rent. Floor space of 163 square metres. Features a private water tank. Well maintained and secure.,59500.0
Kirkos,1,1,63.9,0,0,0,"Apartment with 1 bedrooms in Kirkos, now available. Floor space of 64 square metres. Well maintained apartment. Close to schools and markets.",24000.0
Bole,3,1,79.8,0,0,0,"Apartment with 3 bedrooms in Bole, now available. 80 square metres, well laid out. Well maintained apartment. Close to schools and markets.",35000.0
Lidetta,5,3,157.4,1,1,0,5-bedroom apartment in Lidetta available for rent. Floor space of 157 square metres. Features a private water tank. Comes with a backup generator. Ideal for families or professionals.,52000.0
Yeka,4,3,143.8,0,0,0,4-bedroom unit in Yeka for long-term rental. Floor space of 144 square metres. Well maintained apartment. Well maintained and secure.,50500.0
Nifas Silk,2,1,90.4,1,1,0,2-bedroom unit in Nifas Silk for long-term rental. About 90 square metres of living space. Features a private water tank. Comes with a backup generator. Well maintained and secure.,31500.0
Kolfe,3,1,115.0,1,1,0,"3-bedroom unit in Kolfe for long-term rental. 115 square metres, well laid out. Features a private water tank. Comes with a backup generator. Quiet neighbourhood with good access to transport.",37000.0
Kolfe,3,1,103.1,1,1,0,3-bedroom unit in Kolfe for long-term rental. About 103 square metres of living space. Features a private water tank. Comes with a backup generator. Ideal for families or professionals.,34500.0
Kirkos,4,3,107.7,0,0,1,4-bedroom unit in Kirkos for long-term rental. Floor space of 108 square metres. Furnished and ready to move in. Well maintained and secure.,54000.0
Arada,3,2,116.3,0,0,0,"Apartment with 3 bedrooms in Arada, now available. 116 square metres, well laid out. Well maintained apartment. Quiet neighbourhood with good access to transport.",44000.0
Addis Ketema,2,1,107.0,0,0,0,Rent a 2-bedroom home located in Addis Ketema. Floor space of 107 square metres. Well maintained apartment. Close to schools and markets.,27500.0
Gulele,4,2,143.6,1,0,0,"Apartment with 4 bedrooms in Gulele, now available. 144 square metres, well laid out. Features a private water tank. Close to schools and markets.",45500.0
Kolfe,5,2,128.1,1,0,0,5-bedroom unit in Kolfe for long-term rental. Floor space of 128 square metres. Features a private water tank. Ideal for families or professionals.,42500.0
Akaky Kaliti,3,2,89.8,1,0,0,3-bedroom apartment in Akaky Kaliti available for rent. About 90 square metres of living space. Features a private water tank. Ideal for families or professionals.,28000.0
Kolfe,1,1,53.8,0,0,0,"Apartment with 1 bedrooms in Kolfe, now available. 54 square metres, well laid out. Well maintained apartment. Ideal for families or professionals.",15000.0
Yeka,3,2,88.9,1,1,0,"Apartment with 3 bedrooms in Yeka, now available. 89 square metres, well laid out. Features a private water tank. Comes with a backup generator. Ideal for families or professionals.",37000.0
Nifas Silk,5,3,152.5,0,0,0,"5-bedroom apartment in Nifas Silk available for rent. 152 square metres, well laid out. Well maintained apartment. Well maintained and secure.",51000.0
Bole,5,3,156.7,1,0,1,5-bedroom apartment in Bole available for rent. About 157 square metres of living space. Features a private water tank. Furnished and ready to move in. Ideal for families or professionals.,80000.0
Nifas Silk,3,2,90.8,0,0,0,3-bedroom apartment in Nifas Silk available for rent. Floor space of 91 square metres. Well maintained apartment. Close to schools and markets.,31000.0
Addis Ketema,1,1,73.3,1,0,1,"Apartment with 1 bedrooms in Addis Ketema, now available. 73 square metres, well laid out. Features a private water tank. Furnished and ready to move in. Close to schools and markets.",23500.0
Arada,3,2,115.2,0,0,1,Rent a 3-bedroom home located in Arada. About 115 square metres of living space. Furnished and ready to move in. Quiet neighbourhood with good access to transport.,50000.0
Kirkos,5,3,145.4,0,0,1,5-bedroom unit in Kirkos for long-term rental. Floor space of 145 square metres. Furnished and ready to move in. Well maintained and secure.,70500.0
Bole,5,3,149.9,1,0,0,"Rent a 5-bedroom home located in Bole. 150 square metres, well laid out. Features a private water tank. Well maintained and secure.",67500.0
Addis Ketema,1,1,40.6,0,0,0,1-bedroom unit in Addis Ketema for long-term rental. About 41 square metres of living space. Well maintained apartment. Close to schools and markets.,11500.0
Bole,2,2,82.0,0,0,1,"Apartment with 2 bedrooms in Bole, now available. About 82 square metres of living space. Furnished and ready to move in. Quiet neighbourhood with good access to transport.",40000.0
Bole,3,1,108.1,0,1,0,Rent a 3-bedroom home located in Bole. About 108 square metres of living space. Comes with a backup generator. Close to schools and markets.,47000.0
Yeka,1,1,66.0,1,1,0,1-bedroom apartment in Yeka available for rent. Floor space of 66 square metres. Features a private water tank. Comes with a backup generator. Well maintained and secure.,25500.0
Bole,5,3,156.5,0,0,0,"Apartment with 5 bedrooms in Bole, now available. Floor space of 156 square metres. Well maintained apartment. Close to schools and markets.",68000.0
Arada,1,1,66.9,0,0,0,"1-bedroom unit in Arada for long-term rental. 67 square metres, well laid out. Well maintained apartment. Ideal for families or professionals.",23500.0
Arada,4,2,126.8,0,0,1,"Apartment with 4 bedrooms in Arada, now available. About 127 square metres of living space. Furnished and ready to move in. Close to schools and markets.",56500.0
Yeka,5,3,155.4,0,0,0,5-bedroom apartment in Yeka available for rent. About 155 square metres of living space. Well maintained apartment. Close to schools and markets.,56000.0
Bole,4,2,142.0,0,0,0,4-bedroom unit in Bole for long-term rental. About 142 square metres of living space. Well maintained apartment. Close to schools and markets.,59500.0
Bole,4,2,128.9,1,0,0,4-bedroom apartment in Bole available for rent. About 129 square metres of living space. Features a private water tank. Close to schools and markets.,57000.0
Kirkos,2,1,89.8,0,0,0,2-bedroom apartment in Kirkos available for rent. About 90 square metres of living space. Well maintained apartment. Close to schools and markets.,34500.0
Bole,5,3,149.8,1,0,0,"Apartment with 5 bedrooms in Bole, now available. Floor space of 150 square metres. Features a private water tank. Close to schools and markets.",67500.0
Gulele,3,1,100.2,1,0,0,"3-bedroom apartment in Gulele available for rent. 100 square metres, well laid out. Features a private water tank. Ideal for families or professionals.",32000.0
Yeka,1,1,70.3,1,0,0,"Apartment with 1 bedrooms in Yeka, now available. About 70 square metres of living space. Features a private water tank. Ideal for families or professionals.",24000.0
Yeka,2,1,79.3,1,0,0,Rent a 2-bedroom home located in Yeka. Floor space of 79 square metres. Features a private water tank. Close to schools and markets.,28500.0
Kirkos,2,1,90.6,1,0,1,2-bedroom apartment in Kirkos available for rent. Floor space of 91 square metres. Features a private water tank. Furnished and ready to move in. Close to schools and markets.,42000.0
Kirkos,3,2,108.3,0,1,1,"Apartment with 3 bedrooms in Kirkos, now available. 108 square metres, well laid out. Comes with a backup generator. Furnished and ready to move in. Quiet neighbourhood with good access to transport.",53000.0
Bole,2,1,82.4,0,0,1,Rent a 2-bedroom home located in Bole. Floor space of 82 square metres. Furnished and ready to move in. Well maintained and secure.,38500.0
Bole,3,1,104.1,0,0,1,Rent a 3-bedroom home located in Bole. About 104 square metres of living space. Furnished and ready to move in. Close to schools and markets.,49500.0
Lidetta,3,3,101.9,0,0,0,"3-bedroom apartment in Lidetta available for rent. 102 square metres, well laid out. Well maintained apartment. Quiet neighbourhood with good access to transport.",31500.0
Bole,2,1,66.3,0,0,0,Rent a 2-bedroom home located in Bole. Floor space of 66 square metres. Well maintained apartment. Close to schools and markets.,28000.0
Arada,4,3,134.6,1,1,1,4-bedroom unit in Arada for long-term rental. About 135 square metres of living space. Features a private water tank. Comes with a backup generator. Furnished and ready to move in. Well maintained and secure.,66000.0
Arada,2,1,88.8,0,1,0,"Rent a 2-bedroom home located in Arada. 89 square metres, well laid out. Comes with a backup generator. Close to schools and markets.",35000.0
Kirkos,4,2,140.2,1,0,1,4-bedroom apartment in Kirkos available for rent. Floor space of 140 square metres. Features a private water tank. Furnished and ready to move in. Close to schools and markets.,66500.0
Kirkos,2,1,79.6,1,0,0,2-bedroom unit in Kirkos for long-term rental. Floor space of 80 square metres. Features a private water tank. Quiet neighbourhood with good access to transport.,33000.0
Kolfe,5,3,174.7,0,0,0,"Rent a 5-bedroom home located in Kolfe. 175 square metres, well laid out. Well maintained apartment. Well maintained and secure.",52000.0
Lidetta,2,1,81.4,0,0,0,2-bedroom apartment in Lidetta available for rent. About 81 square metres of living space. Well maintained apartment. Quiet neighbourhood with good access to transport.,22500.0
Yeka,1,1,53.5,0,1,0,Rent a 1-bedroom home located in Yeka. Floor space of 54 square metres. Comes with a backup generator. Well maintained and secure.,20000.0
Kirkos,1,1,52.1,1,0,0,1-bedroom unit in Kirkos for long-term rental. Floor space of 52 square metres. Features a private water tank. Well maintained and secure.,22000.0
Yeka,5,3,131.2,1,1,0,Rent a 5-bedroom home located in Yeka. Floor space of 131 square metres. Features a private water tank. Comes with a backup generator. Close to schools and markets.,54000.0
Arada,5,3,170.4,0,0,0,5-bedroom apartment in Arada available for rent. Floor space of 170 square metres. Well maintained apartment. Quiet neighbourhood with good access to transport.,65500.0
Gulele,2,1,102.5,0,1,0,2-bedroom apartment in Gulele available for rent. About 102 square metres of living space. Comes with a backup generator. Well maintained and secure.,31500.0
Yeka,4,3,137.2,1,0,0,"4-bedroom unit in Yeka for long-term rental. 137 square metres, well laid out. Features a private water tank. Quiet neighbourhood with good access to transport.",50500.0
Kirkos,3,2,97.2,1,1,0,"Apartment with 3 bedrooms in Kirkos, now available. About 97 square metres of living space. Features a private water tank. Comes with a backup generator. Ideal for families or professionals.",44500.0
Akaky Kaliti,1,1,85.7,1,0,0,"Apartment with 1 bedrooms in Akaky Kaliti, now available. 86 square metres, well laid out. Features a private water tank. Well maintained and secure.",21500.0
Bole,3,2,103.8,0,0,1,3-bedroom apartment in Bole available for rent. Floor space of 104 square metres. Furnished and ready to move in. Ideal for families or professionals.,51000.0
Arada,4,2,126.8,0,0,1,4-bedroom apartment in Arada available for rent. About 127 square metres of living space. Furnished and ready to move in. Ideal for families or professionals.,56500.0
Gulele,5,2,169.2,1,1,1,"5-bedroom apartment in Gulele available for rent. 169 square metres, well laid out. Features a private water tank. Comes with a backup generator. Furnished and ready to move in. Quiet neighbourhood with good access to transport.",64500.0
Bole,5,3,159.9,1,0,0,"5-bedroom apartment in Bole available for rent. 160 square metres, well laid out. Features a private water tank. Well maintained and secure.",71000.0
Bole,1,1,90.4,0,0,0,"Apartment with 1 bedrooms in Bole, now available. About 90 square metres of living space. Well maintained apartment. Quiet neighbourhood with good access to transport.",34000.0
Bole,2,1,89.0,1,0,1,"2-bedroom unit in Bole for long-term rental. 89 square metres, well laid out. Features a private water tank. Furnished and ready to move in. Close to schools and markets.",43500.0
Akaky Kaliti,3,2,103.2,1,1,0,3-bedroom unit in Akaky Kaliti for long-term rental. About 103 square metres of living space. Features a private water tank. Comes with a backup generator. Close to schools and markets.,33000.0
Bole,1,1,56.7,1,0,1,"Rent a 1-bedroom home located in Bole. 57 square metres, well laid out. Features a private water tank. Furnished and ready to move in. Ideal for families or professionals.",28000.0
Yeka,3,1,85.8,0,0,0,"Apartment with 3 bedrooms in Yeka, now available. 86 square metres, well laid out. Well maintained apartment. Close to schools and markets.",30500.0
Bole,1,1,60.7,0,0,1,"Apartment with 1 bedrooms in Bole, now available. About 61 square metres of living space. Furnished and ready to move in. Well maintained and secure.",27500.0
Bole,1,1,77.7,0,0,1,Rent a 1-bedroom home located in Bole. About 78 square metres of living space. Furnished and ready to move in. Well maintained and secure.,34500.0
Nifas Silk,1,1,71.2,0,0,0,1-bedroom apartment in Nifas Silk available for rent. Floor space of 71 square metres. Well maintained apartment. Well maintained and secure.,20500.0
Yeka,2,1,86.2,1,1,0,2-bedroom unit in Yeka for long-term rental. Floor space of 86 square metres. Features a private water tank. Comes with a backup generator. Close to schools and markets.,33000.0
Nifas Silk,4,3,118.1,1,1,0,4-bedroom unit in Nifas Silk for long-term rental. About 118 square metres of living space. Features a private water tank. Comes with a backup generator. Close to schools and markets.,45000.0
Nifas Silk,1,1,66.7,1,0,0,Rent a 1-bedroom home located in Nifas Silk. Floor space of 67 square metres. Features a private water tank. Quiet neighbourhood with good access to transport.,21000.0
Lidetta,5,3,164.2,0,0,0,"Apartment with 5 bedrooms in Lidetta, now available. 164 square metres, well laid out. Well maintained apartment. Close to schools and markets.",49000.0
Bole,2,1,91.2,1,0,1,"2-bedroom unit in Bole for long-term rental. 91 square metres, well laid out. Features a private water tank. Furnished and ready to move in. Well maintained and secure.",44000.0
Lidetta,1,1,66.0,0,0,0,1-bedroom unit in Lidetta for long-term rental. About 66 square metres of living space. Well maintained apartment. Close to schools and markets.,17500.0
Nifas Silk,2,1,76.4,1,0,0,2-bedroom apartment in Nifas Silk available for rent. Floor space of 76 square metres. Features a private water tank. Close to schools and markets.,25500.0
Bole,4,3,140.4,1,0,1,"Apartment with 4 bedrooms in Bole, now available. 140 square metres, well laid out. Features a private water tank. Furnished and ready to move in. Well maintained and secure.",71000.0
Kolfe,1,1,30.0,0,1,0,"Apartment with 1 bedrooms in Kolfe, now available. About 30 square metres of living space. Comes with a backup generator. Close to schools and markets.",12500.0
Lidetta,1,1,68.6,0,0,1,"Apartment with 1 bedrooms in Lidetta, now available. 69 square metres, well laid out. Furnished and ready to move in. Ideal for families or professionals.",20500.0
Yeka,5,3,182.8,1,0,0,5-bedroom unit in Yeka for long-term rental. Floor space of 183 square metres. Features a private water tank. Quiet neighbourhood with good access to transport.,65000.0
Akaky Kaliti,3,1,89.9,0,0,0,"3-bedroom apartment in Akaky Kaliti available for rent. 90 square metres, well laid out. Well maintained apartment. Well maintained and secure.",25000.0
Arada,2,1,83.1,1,1,0,"2-bedroom apartment in Arada available for rent. 83 square metres, well laid out. Features a private water tank. Comes with a backup generator. Close to schools and markets.",35000.0
Nifas Silk,4,3,129.9,1,0,0,"Apartment with 4 bedrooms in Nifas Silk, now available. 130 square metres, well laid out. Features a private water tank. Quiet neighbourhood with good access to transport.",45500.0
Addis Ketema,5,3,146.4,1,0,1,Rent a 5-bedroom home located in Addis Ketema. Floor space of 146 square metres. Features a private water tank. Furnished and ready to move in. Ideal for families or professionals.,53500.0
Kirkos,2,1,98.4,0,0,1,2-bedroom apartment in Kirkos available for rent. Floor space of 98 square metres. Furnished and ready to move in. Ideal for families or professionals.,42500.0
Kolfe,3,2,113.7,1,0,0,3-bedroom apartment in Kolfe available for rent. Floor space of 114 square metres. Features a private water tank. Ideal for families or professionals.,35000.0
Yeka,1,1,65.8,1,0,0,1-bedroom unit in Yeka for long-term rental. Floor space of 66 square metres. Features a private water tank. Ideal for families or professionals.,22500.0
Kolfe,2,1,95.6,0,0,0,Rent a 2-bedroom home located in Kolfe. Floor space of 96 square metres. Well maintained apartment. Ideal for families or professionals.,26000.0
Nifas Silk,3,2,108.2,1,0,0,3-bedroom unit in Nifas Silk for long-term rental. Floor space of 108 square metres. Features a private water tank. Ideal for families or professionals.,37000.0
Yeka,1,1,102.2,1,1,1,"1-bedroom apartment in Yeka available for rent. 102 square metres, well laid out. Features a private water tank. Comes with a backup generator. Furnished and ready to move in. Ideal for families or professionals.",40000.0
Kirkos,5,3,153.8,0,0,0,5-bedroom apartment in Kirkos available for rent. About 154 square metres of living space. Well maintained apartment. Ideal for families or professionals.,64000.0
Yeka,5,3,154.3,0,0,0,5-bedroom unit in Yeka for long-term rental. About 154 square metres of living space. Well maintained apartment. Quiet neighbourhood with good access to transport.,55500.0
Bole,2,1,65.5,0,0,1,"Apartment with 2 bedrooms in Bole, now available. Floor space of 66 square metres. Furnished and ready to move in. Close to schools and markets.",32000.0
Bole,2,1,79.5,0,0,1,2-bedroom unit in Bole for long-term rental. Floor space of 80 square metres. Furnished and ready to move in. Ideal for families or professionals.,37500.0
Kirkos,1,1,77.8,1,0,0,"Apartment with 1 bedrooms in Kirkos, now available. Floor space of 78 square metres. Features a private water tank. Ideal for families or professionals.",30000.0
Bole,3,2,92.0,0,0,0,"Rent a 3-bedroom home located in Bole. 92 square metres, well laid out. Well maintained apartment. Well maintained and secure.",40500.0
Bole,1,1,38.1,0,0,0,"Rent a 1-bedroom home located in Bole. 38 square metres, well laid out. Well maintained apartment. Ideal for families or professionals.",16500.0
Gulele,2,1,86.4,1,0,0,"2-bedroom apartment in Gulele available for rent. 86 square metres, well laid out. Features a private water tank. Close to schools and markets.",27000.0
Gulele,3,3,124.4,1,0,0,"Rent a 3-bedroom home located in Gulele. 124 square metres, well laid out. Features a private water tank. Ideal for families or professionals.",40000.0
Gulele,4,2,130.5,0,1,0,"Apartment with 4 bedrooms in Gulele, now available. About 130 square metres of living space. Comes with a backup generator. Well maintained and secure.",43000.0
Yeka,3,2,104.0,1,0,0,3-bedroom apartment in Yeka available for rent. About 104 square metres of living space. Features a private water tank. Close to schools and markets.,38500.0
Akaky Kaliti,2,1,63.7,1,0,0,2-bedroom apartment in Akaky Kaliti available for rent. Floor space of 64 square metres. Features a private water tank. Close to schools and markets.,19500.0
Nifas Silk,4,2,135.4,0,1,0,4-bedroom unit in Nifas Silk for long-term rental. Floor space of 135 square metres. Comes with a backup generator. Quiet neighbourhood with good access to transport.,46500.0
Bole,4,3,137.9,0,0,0,Rent a 4-bedroom home located in Bole. Floor space of 138 square metres. Well maintained apartment. Ideal for families or professionals.,59500.0
Bole,4,2,108.6,0,0,0,"Apartment with 4 bedrooms in Bole, now available. 109 square metres, well laid out. Well maintained apartment. Well maintained and secure.",48000.0
Gulele,3,2,121.6,0,0,0,"Apartment with 3 bedrooms in Gulele, now available. Floor space of 122 square metres. Well maintained apartment. Quiet neighbourhood with good access to transport.",36500.0
Bole,5,2,161.2,1,0,0,"Apartment with 5 bedrooms in Bole, now available. 161 square metres, well laid out. Features a private water tank. Well maintained and secure.",70000.0
Arada,2,1,99.6,0,1,0,"2-bedroom unit in Arada for long-term rental. 100 square metres, well laid out. Comes with a backup generator. Ideal for families or professionals.",38000.0
Addis Ketema,5,2,159.0,1,0,0,"Rent a 5-bedroom home located in Addis Ketema. 159 square metres, well laid out. Features a private water tank. Ideal for families or professionals.",48000.0
Bole,2,1,93.8,0,0,0,"Apartment with 2 bedrooms in Bole, now available. Floor space of 94 square metres. Well maintained apartment. Quiet neighbourhood with good access to transport.",37500.0
Bole,2,2,92.2,0,0,0,Rent a 2-bedroom home located in Bole. About 92 square metres of living space. Well maintained apartment. Quiet neighbourhood with good access to transport.,38000.0
Addis Ketema,3,2,118.4,0,0,0,"3-bedroom unit in Addis Ketema for long-term rental. 118 square metres, well laid out. Well maintained apartment. Close to schools and markets.",33500.0
Nifas Silk,3,1,86.2,1,1,0,3-bedroom apartment in Nifas Silk available for rent. Floor space of 86 square metres. Features a private water tank. Comes with a backup generator. Quiet neighbourhood with good access to transport.,33000.0
Bole,4,3,112.0,0,1,1,4-bedroom apartment in Bole available for rent. Floor space of 112 square metres. Comes with a backup generator. Furnished and ready to move in. Close to schools and markets.,61000.0
Akaky Kaliti,2,1,77.2,1,0,0,2-bedroom apartment in Akaky Kaliti available for rent. Floor space of 77 square metres. Features a private water tank. Quiet neighbourhood with good access to transport.,22000.0
Lidetta,5,3,150.4,1,0,0,5-bedroom unit in Lidetta for long-term rental. About 150 square metres of living space. Features a private water tank. Ideal for families or professionals.,48000.0
Arada,2,1,90.7,0,1,0,2-bedroom apartment in Arada available for rent. Floor space of 91 square metres. Comes with a backup generator. Ideal for families or professionals.,35500.0
Nifas Silk,3,2,111.9,1,0,0,"Apartment with 3 bedrooms in Nifas Silk, now available. 112 square metres, well laid out. Features a private water tank. Close to schools and markets.",37500.0
Yeka,5,3,165.4,0,0,0,"Rent a 5-bedroom home located in Yeka. 165 square metres, well laid out. Well maintained apartment. Ideal for families or professionals.",58500.0
Bole,3,2,121.8,0,1,0,3-bedroom apartment in Bole available for rent. Floor space of 122 square metres. Comes with a backup generator. Well maintained and secure.,53000.0
Nifas Silk,4,2,119.5,1,0,0,Rent a 4-bedroom home located in Nifas Silk. Floor space of 120 square metres. Features a private water tank. Ideal for families or professionals.,41500.0
Yeka,5,3,154.9,1,0,1,5-bedroom apartment in Yeka available for rent. Floor space of 155 square metres. Features a private water tank. Furnished and ready to move in. Ideal for families or professionals.,66000.0
Gulele,5,3,141.8,1,1,0,"Rent a 5-bedroom home located in Gulele. 142 square metres, well laid out. Features a private water tank. Comes with a backup generator. Ideal for families or professionals.",51000.0
Lidetta,3,1,105.7,0,0,0,"Apartment with 3 bedrooms in Lidetta, now available. About 106 square metres of living space. Well maintained apartment. Ideal for families or professionals.",30000.0
Bole,3,2,111.9,0,0,0,"3-bedroom unit in Bole for long-term rental. 112 square metres, well laid out. Well maintained apartment. Close to schools and markets.",47000.0
Nifas Silk,1,1,30.0,1,1,0,"1-bedroom apartment in Nifas Silk available for rent. 30 square metres, well laid out. Features a private water tank. Comes with a backup generator. Ideal for families or professionals.",15000.0
Yeka,3,2,136.9,1,0,0,3-bedroom apartment in Yeka available for rent. About 137 square metres of living space. Features a private water tank. Close to schools and markets.,47000.0
Lidetta,5,3,158.8,1,0,0,"Apartment with 5 bedrooms in Lidetta, now available. Floor space of 159 square metres. Features a private water tank. Close to schools and markets.",49500.0
Yeka,3,2,100.9,0,0,0,3-bedroom apartment in Yeka available for rent. About 101 square metres of living space. Well maintained apartment. Close to schools and markets.,35500.0
Nifas Silk,2,1,109.1,1,0,0,"Apartment with 2 bedrooms in Nifas Silk, now available. 109 square metres, well laid out. Features a private water tank. Well maintained and secure.",33500.0
Arada,1,1,59.8,0,0,0,1-bedroom apartment in Arada available for rent. Floor space of 60 square metres. Well maintained apartment. Close to schools and markets.,21500.0
Kirkos,2,2,87.6,0,0,1,2-bedroom apartment in Kirkos available for rent. About 88 square metres of living space. Furnished and ready to move in. Ideal for families or professionals.,40000.0
Gulele,2,2,80.2,1,0,0,Rent a 2-bedroom home located in Gulele. Floor space of 80 square metres. Features a private water tank. Quiet neighbourhood with good access to transport.,26500.0
Gulele,5,3,171.8,1,0,1,5-bedroom unit in Gulele for long-term rental. About 172 square metres of living space. Features a private water tank. Furnished and ready to move in. Quiet neighbourhood with good access to transport.,63500.0
Nifas Silk,3,2,106.7,1,1,0,3-bedroom unit in Nifas Silk for long-term rental. Floor space of 107 square metres. Features a private water tank. Comes with a backup generator. Well maintained and secure.,39000.0
Kolfe,1,1,65.8,0,0,1,Rent a 1-bedroom home located in Kolfe. About 66 square metres of living space. Furnished and ready to move in. Well maintained and secure.,20000.0
Addis Ketema,1,1,78.4,1,1,0,1-bedroom unit in Addis Ketema for long-term rental. About 78 square metres of living space. Features a private water tank. Comes with a backup generator. Close to schools and markets.,24000.0
Kirkos,5,2,159.0,1,0,0,"5-bedroom apartment in Kirkos available for rent. 159 square metres, well laid out. Features a private water tank. Close to schools and markets.",66000.0
Arada,5,3,151.3,0,0,0,5-bedroom unit in Arada for long-term rental. Floor space of 151 square metres. Well maintained apartment. Close to schools and markets.,60000.0
Bole,4,3,143.3,0,1,0,4-bedroom unit in Bole for long-term rental. Floor space of 143 square metres. Comes with a backup generator. Close to schools and markets.,63500.0
Kolfe,1,1,94.5,1,0,0,"Rent a 1-bedroom home located in Kolfe. 94 square metres, well laid out. Features a private water tank. Close to schools and markets.",25500.0
Arada,1,1,67.8,0,0,1,"Apartment with 1 bedrooms in Arada, now available. About 68 square metres of living space. Furnished and ready to move in. Quiet neighbourhood with good access to transport.",27500.0
Kirkos,1,1,65.4,1,0,0,1-bedroom apartment in Kirkos available for rent. Floor space of 65 square metres. Features a private water tank. Ideal for families or professionals.,26000.0
Bole,4,3,132.0,0,0,0,4-bedroom unit in Bole for long-term rental. About 132 square metres of living space. Well maintained apartment. Quiet neighbourhood with good access to transport.,57500.0
Lidetta,4,2,145.7,0,0,0,"Apartment with 4 bedrooms in Lidetta, now available. About 146 square metres of living space. Well maintained apartment. Close to schools and markets.",42000.0
Kirkos,5,2,144.8,0,0,0,5-bedroom apartment in Kirkos available for rent. Floor space of 145 square metres. Well maintained apartment. Close to schools and markets.,59500.0
Gulele,1,1,60.7,1,1,1,"Apartment with 1 bedrooms in Gulele, now available. 61 square metres, well laid out. Features a private water tank. Comes with a backup generator. Furnished and ready to move in. Ideal for families or professionals.",24500.0
Bole,1,1,45.6,1,0,0,"1-bedroom unit in Bole for long-term rental. 46 square metres, well laid out. Features a private water tank. Well maintained and secure.",20500.0
Addis Ketema,5,3,137.8,0,0,0,"5-bedroom apartment in Addis Ketema available for rent. 138 square metres, well laid out. Well maintained apartment. Quiet neighbourhood with good access to transport.",43000.0
Bole,5,3,145.8,1,0,0,Rent a 5-bedroom home located in Bole. Floor space of 146 square metres. Features a private water tank. Close to schools and markets.,66000.0
Yeka,4,3,129.3,1,0,1,"Apartment with 4 bedrooms in Yeka, now available. Floor space of 129 square metres. Features a private water tank. Furnished and ready to move in. Ideal for families or professionals.",55500.0
Lidetta,1,1,85.2,0,1,0,1-bedroom unit in Lidetta for long-term rental. Floor space of 85 square metres. Comes with a backup generator. Close to schools and markets.,24000.0
Akaky Kaliti,1,1,70.4,1,0,0,1-bedroom apartment in Akaky Kaliti available for rent. Floor space of 70 square metres. Features a private water tank. Well maintained and secure.,18500.0
Yeka,1,1,53.1,1,1,0,"Apartment with 1 bedrooms in Yeka, now available. Floor space of 53 square metres. Features a private water tank. Comes with a backup generator. Well maintained and secure.",22000.0
Arada,4,3,121.3,0,1,1,Rent a 4-bedroom home located in Arada. Floor space of 121 square metres. Comes with a backup generator. Furnished and ready to move in. Close to schools and markets.,59000.0
Gulele,5,3,168.5,1,0,0,"Apartment with 5 bedrooms in Gulele, now available. 168 square metres, well laid out. Features a private water tank. Close to schools and markets.",54500.0
Lidetta,4,2,143.5,0,0,1,4-bedroom apartment in Lidetta available for rent. Floor space of 144 square metres. Furnished and ready to move in. Well maintained and secure.,47500.0
Kirkos,2,2,86.3,1,0,0,"Apartment with 2 bedrooms in Kirkos, now available. About 86 square metres of living space. Features a private water tank. Close to schools and markets.",36000.0
Arada,4,2,124.7,1,0,0,4-bedroom apartment in Arada available for rent. Floor space of 125 square metres. Features a private water tank. Well maintained and secure.,50500.0
Gulele,1,1,77.5,0,0,0,Rent a 1-bedroom home located in Gulele. About 78 square metres of living space. Well maintained apartment. Well maintained and secure.,21000.0
Gulele,5,2,140.1,1,1,0,"Rent a 5-bedroom home located in Gulele. 140 square metres, well laid out. Features a private water tank. Comes with a backup generator. Close to schools and markets.",49500.0
Kolfe,5,3,156.7,1,0,0,"Rent a 5-bedroom home located in Kolfe. 157 square metres, well laid out. Features a private water tank. Quiet neighbourhood with good access to transport.",50000.0
Nifas Silk,4,2,157.3,1,0,0,4-bedroom unit in Nifas Silk for long-term rental. About 157 square metres of living space. Features a private water tank. Close to schools and markets.,51000.0
Bole,5,3,154.5,0,0,1,5-bedroom unit in Bole for long-term rental. About 154 square metres of living space. Furnished and ready to move in. Close to schools and markets.,77000.0
Akaky Kaliti,3,2,98.7,0,1,0,"Apartment with 3 bedrooms in Akaky Kaliti, now available. 99 square metres, well laid out. Comes with a backup generator. Ideal for families or professionals.",30500.0
Lidetta,3,2,112.9,0,0,1,"3-bedroom apartment in Lidetta available for rent. 113 square metres, well laid out. Furnished and ready to move in. Quiet neighbourhood with good access to transport.",37500.0
Kolfe,2,1,80.4,0,0,0,Rent a 2-bedroom home located in Kolfe. About 80 square metres of living space. Well maintained apartment. Quiet neighbourhood with good access to transport.,23000.0
Bole,5,3,135.3,0,1,1,5-bedroom apartment in Bole available for rent. About 135 square metres of living space. Comes with a backup generator. Furnished and ready to move in. Close to schools and markets.,72500.0
Yeka,4,2,138.4,1,1,0,"4-bedroom unit in Yeka for long-term rental. 138 square metres, well laid out. Features a private water tank. Comes with a backup generator. Quiet neighbourhood with good access to transport.",52500.0
Gulele,1,1,77.4,1,1,0,1-bedroom unit in Gulele for long-term rental. Floor space of 77 square metres. Features a private water tank. Comes with a backup generator. Close to schools and markets.,25000.0
Bole,5,3,148.3,0,1,1,5-bedroom unit in Bole for long-term rental. About 148 square metres of living space. Comes with a backup generator. Furnished and ready to move in. Well maintained and secure.,78000.0
Addis Ketema,1,1,59.5,0,0,0,"Apartment with 1 bedrooms in Addis Ketema, now available. Floor space of 60 square metres. Well maintained apartment. Ideal for families or professionals.",15500.0
Kirkos,3,1,96.5,0,0,1,3-bedroom apartment in Kirkos available for rent. About 96 square metres of living space. Furnished and ready to move in. Close to schools and markets.,44500.0
Gulele,1,1,62.2,0,0,1,"Apartment with 1 bedrooms in Gulele, now available. Floor space of 62 square metres. Furnished and ready to move in. Well maintained and secure.",20000.0
Lidetta,4,2,123.3,1,0,0,Rent a 4-bedroom home located in Lidetta. About 123 square metres of living space. Features a private water tank. Close to schools and markets.,39000.0
Kirkos,3,2,95.9,0,0,1,3-bedroom unit in Kirkos for long-term rental. About 96 square metres of living space. Furnished and ready to move in. Close to schools and markets.,45500.0
Yeka,3,2,130.7,0,0,1,"Rent a 3-bedroom home located in Yeka. 131 square metres, well laid out. Furnished and ready to move in. Quiet neighbourhood with good access to transport.",50000.0
Nifas Silk,4,2,135.6,0,0,0,Rent a 4-bedroom home located in Nifas Silk. About 136 square metres of living space. Well maintained apartment. Close to schools and markets.,43500.0
Nifas Silk,4,2,136.9,0,0,0,Rent a 4-bedroom home located in Nifas Silk. About 137 square metres of living space. Well maintained apartment. Well maintained and secure.,44000.0
Kirkos,2,1,96.6,0,0,0,2-bedroom unit in Kirkos for long-term rental. Floor space of 97 square metres. Well maintained apartment. Well maintained and secure.,36500.0
Nifas Silk,5,3,161.3,0,0,0,"Apartment with 5 bedrooms in Nifas Silk, now available. Floor space of 161 square metres. Well maintained apartment. Close to schools and markets.",53500.0
Akaky Kaliti,3,2,103.0,1,1,0,"3-bedroom apartment in Akaky Kaliti available for rent. 103 square metres, well laid out. Features a private water tank. Comes with a backup generator. Ideal for families or professionals.",33000.0
Arada,1,1,67.3,0,1,0,"1-bedroom apartment in Arada available for rent. 67 square metres, well laid out. Comes with a backup generator. Close to schools and markets.",26000.0
Yeka,1,1,60.8,1,0,1,1-bedroom unit in Yeka for long-term rental. About 61 square metres of living space. Features a private water tank. Furnished and ready to move in. Close to schools and markets.,24500.0
Kirkos,2,2,91.3,0,0,0,"Apartment with 2 bedrooms in Kirkos, now available. 91 square metres, well laid out. Well maintained apartment. Ideal for families or professionals.",36000.0
Kirkos,4,2,134.1,1,0,1,"4-bedroom unit in Kirkos for long-term rental. 134 square metres, well laid out. Features a private water tank. Furnished and ready to move in. Ideal for families or professionals.",64500.0
Bole,3,2,103.4,0,0,0,"3-bedroom apartment in Bole available for rent. 103 square metres, well laid out. Well maintained apartment. Well maintained and secure.",44000.0
Bole,2,2,70.0,1,0,0,2-bedroom apartment in Bole available for rent. About 70 square metres of living space. Features a private water tank. Close to schools and markets.,32500.0
Gulele,3,2,109.8,0,0,0,3-bedroom apartment in Gulele available for rent. About 110 square metres of living space. Well maintained apartment. Well maintained and secure.,33500.0
Kirkos,5,3,149.5,0,0,0,5-bedroom unit in Kirkos for long-term rental. Floor space of 150 square metres. Well maintained apartment. Well maintained and secure.,62500.0
Addis Ketema,3,2,85.3,0,0,0,"Apartment with 3 bedrooms in Addis Ketema, now available. Floor space of 85 square metres. Well maintained apartment. Well maintained and secure.",26500.0
Yeka,1,1,70.1,1,1,1,1-bedroom apartment in Yeka available for rent. Floor space of 70 square metres. Features a private water tank. Comes with a backup generator. Furnished and ready to move in. Quiet neighbourhood with good access to transport.,30500.0
Bole,1,1,75.6,1,1,0,"Apartment with 1 bedrooms in Bole, now available. 76 square metres, well laid out. Features a private water tank. Comes with a backup generator. Close to schools and markets.",33500.0
Kolfe,3,2,138.3,0,1,0,"3-bedroom apartment in Kolfe available for rent. 138 square metres, well laid out. Comes with a backup generator. Ideal for families or professionals.",41500.0
Lidetta,3,2,103.3,0,1,1,3-bedroom apartment in Lidetta available for rent. Floor space of 103 square metres. Comes with a backup generator. Furnished and ready to move in. Well maintained and secure.,38500.0
Yeka,5,3,145.5,1,0,1,"Rent a 5-bedroom home located in Yeka. 146 square metres, well laid out. Features a private water tank. Furnished and ready to move in. Well maintained and secure.",63000.0
Yeka,3,1,94.7,0,0,0,3-bedroom apartment in Yeka available for rent. Floor space of 95 square metres. Well maintained apartment. Ideal for families or professionals.,33000.0
Yeka,4,3,132.5,0,1,0,4-bedroom apartment in Yeka available for rent. About 132 square metres of living space. Comes with a backup generator. Close to schools and markets.,50000.0
Arada,3,2,110.4,0,0,0,"Apartment with 3 bedrooms in Arada, now available. About 110 square metres of living space. Well maintained apartment. Ideal for families or professionals.",42000.0
Arada,2,1,76.3,0,0,0,2-bedroom unit in Arada for long-term rental. Floor space of 76 square metres. Well maintained apartment. Close to schools and markets.,28500.0
Yeka,4,3,127.9,0,0,1,"Apartment with 4 bedrooms in Yeka, now available. 128 square metres, well laid out. Furnished and ready to move in. Well maintained and secure.",53000.0
Bole,4,3,106.3,0,1,0,Rent a 4-bedroom home located in Bole. About 106 square metres of living space. Comes with a backup generator. Quiet neighbourhood with good access to transport.,51000.0
Arada,4,3,141.1,0,1,1,"4-bedroom unit in Arada for long-term rental. 141 square metres, well laid out. Comes with a backup generator. Furnished and ready to move in. Well maintained and secure.",66000.0
Addis Ketema,1,1,54.8,1,0,0,Rent a 1-bedroom home located in Addis Ketema. About 55 square metres of living space. Features a private water tank. Well maintained and secure.,16500.0
Nifas Silk,4,2,129.6,1,1,1,4-bedroom apartment in Nifas Silk available for rent. Floor space of 130 square metres. Features a private water tank. Comes with a backup generator. Furnished and ready to move in. Ideal for families or professionals.,53500.0
Arada,2,1,68.9,0,0,0,"2-bedroom unit in Arada for long-term rental. 69 square metres, well laid out. Well maintained apartment. Quiet neighbourhood with good access to transport.",26500.0
Bole,4,2,123.0,0,0,0,"Rent a 4-bedroom home located in Bole. 123 square metres, well laid out. Well maintained apartment. Quiet neighbourhood with good access to transport.",53000.0
Yeka,4,2,126.6,1,0,0,"Apartment with 4 bedrooms in Yeka, now available. About 127 square metres of living space. Features a private water tank. Ideal for families or professionals.",46500.0
Yeka,4,3,129.9,0,0,1,4-bedroom apartment in Yeka available for rent. About 130 square metres of living space. Furnished and ready to move in. Ideal for families or professionals.,54000.0
Kolfe,5,3,157.8,1,1,0,"5-bedroom apartment in Kolfe available for rent. 158 square metres, well laid out. Features a private water tank. Comes with a backup generator. Well maintained and secure.",53000.0
Lidetta,3,2,125.3,1,0,0,Rent a 3-bedroom home located in Lidetta. Floor space of 125 square metres. Features a private water tank. Close to schools and markets.,37000.0
Akaky Kaliti,1,1,72.8,0,1,0,1-bedroom unit in Akaky Kaliti for long-term rental. About 73 square metres of living space. Comes with a backup generator. Well maintained and secure.,20000.0
Addis Ketema,4,2,141.5,1,0,1,"Rent a 4-bedroom home located in Addis Ketema. 142 square metres, well laid out. Features a private water tank. Furnished and ready to move in. Close to schools and markets.",48500.0
Addis Ketema,4,3,147.4,1,1,0,"Apartment with 4 bedrooms in Addis Ketema, now available. 147 square metres, well laid out. Features a private water tank. Comes with a backup generator. Quiet neighbourhood with good access to transport.",47000.0
Addis Ketema,1,1,70.8,1,1,0,"1-bedroom unit in Addis Ketema for long-term rental. 71 square metres, well laid out. Features a private water tank. Comes with a backup generator. Ideal for families or professionals.",22500.0
Bole,1,1,63.6,0,0,0,1-bedroom apartment in Bole available for rent. Floor space of 64 square metres. Well maintained apartment. Ideal for families or professionals.,25000.0
Bole,2,1,98.1,0,0,0,"Apartment with 2 bedrooms in Bole, now available. Floor space of 98 square metres. Well maintained apartment. Quiet neighbourhood with good access to transport.",39000.0
Yeka,5,3,164.9,0,0,0,"Rent a 5-bedroom home located in Yeka. 165 square metres, well laid out. Well maintained apartment. Close to schools and markets.",58500.0
Arada,3,1,115.8,0,0,0,"Rent a 3-bedroom home located in Arada. 116 square metres, well laid out. Well maintained apartment. Quiet neighbourhood with good access to transport.",42500.0
Bole,5,3,134.5,0,0,1,"5-bedroom unit in Bole for long-term rental. 134 square metres, well laid out. Furnished and ready to move in. Quiet neighbourhood with good access to transport.",69500.0
Lidetta,5,3,141.9,0,0,0,"Apartment with 5 bedrooms in Lidetta, now available. Floor space of 142 square metres. Well maintained apartment. Close to schools and markets.",44500.0
Nifas Silk,3,1,104.7,1,0,0,"3-bedroom apartment in Nifas Silk available for rent. 105 square metres, well laid out. Features a private water tank. Close to schools and markets.",34500.0
Arada,4,2,139.4,0,1,1,Rent a 4-bedroom home located in Arada. Floor space of 139 square metres. Comes with a backup generator. Furnished and ready to move in. Well maintained and secure.,64000.0
Bole,2,1,85.7,1,0,1,"2-bedroom apartment in Bole available for rent. 86 square metres, well laid out. Features a private water tank. Furnished and ready to move in. Quiet neighbourhood with good access to transport.",42000.0
Yeka,1,1,77.6,0,0,0,1-bedroom apartment in Yeka available for rent. Floor space of 78 square metres. Well maintained apartment. Ideal for families or professionals.,24000.0
Bole,2,1,101.8,0,0,0,"2-bedroom apartment in Bole available for rent. 102 square metres, well laid out. Well maintained apartment. Quiet neighbourhood with good access to transport.",40000.0
Lidetta,3,1,122.4,0,0,0,3-bedroom apartment in Lidetta available for rent. Floor space of 122 square metres. Well maintained apartment. Close to schools and markets.,33500.0
Nifas Silk,1,1,78.5,1,0,0,1-bedroom apartment in Nifas Silk available for rent. Floor space of 78 square metres. Features a private water tank. Close to schools and markets.,24000.0
Gulele,2,1,73.6,0,0,0,2-bedroom unit in Gulele for long-term rental. About 74 square metres of living space. Well maintained apartment. Well maintained and secure.,22000.0
Yeka,1,1,69.8,1,1,1,"1-bedroom unit in Yeka for long-term rental. 70 square metres, well laid out. Features a private water tank. Comes with a backup generator. Furnished and ready to move in. Well maintained and secure.",30000.0
Kirkos,4,2,122.7,0,0,0,4-bedroom unit in Kirkos for long-term rental. Floor space of 123 square metres. Well maintained apartment. Quiet neighbourhood with good access to transport.,50500.0
Kirkos,5,3,132.2,0,0,0,"Apartment with 5 bedrooms in Kirkos, now available. Floor space of 132 square metres. Well maintained apartment. Close to schools and markets.",57000.0
Kolfe,5,3,148.6,1,0,1,5-bedroom unit in Kolfe for long-term rental. Floor space of 149 square metres. Features a private water tank. Furnished and ready to move in. Close to schools and markets.,55500.0
Kolfe,2,2,101.9,0,1,1,"2-bedroom apartment in Kolfe available for rent. 102 square metres, well laid out. Comes with a backup generator. Furnished and ready to move in. Quiet neighbourhood with good access to transport.",36000.0
Yeka,3,2,113.5,1,0,0,"Apartment with 3 bedrooms in Yeka, now available. 114 square metres, well laid out. Features a private water tank. Well maintained and secure.",41000.0
Akaky Kaliti,5,3,176.2,1,0,0,5-bedroom unit in Akaky Kaliti for long-term rental. Floor space of 176 square metres. Features a private water tank. Quiet neighbourhood with good access to transport.,50000.0
Bole,3,2,110.1,0,0,1,"Apartment with 3 bedrooms in Bole, now available. About 110 square metres of living space. Furnished and ready to move in. Well maintained and secure.",53500.0
Akaky Kaliti,2,1,115.4,1,0,0,Rent a 2-bedroom home located in Akaky Kaliti. About 115 square metres of living space. Features a private water tank. Well maintained and secure.,29500.0
Bole,2,1,88.1,0,0,0,2-bedroom apartment in Bole available for rent. About 88 square metres of living space. Well maintained apartment. Well maintained and secure.,35500.0
Yeka,4,2,130.3,1,1,0,4-bedroom unit in Yeka for long-term rental. About 130 square metres of living space. Features a private water tank. Comes with a backup generator. Ideal for families or professionals.,50000.0
Lidetta,3,1,92.6,0,1,1,Rent a 3-bedroom home located in Lidetta. Floor space of 93 square metres. Comes with a backup generator. Furnished and ready to move in. Quiet neighbourhood with good access to transport.,34500.0
Bole,5,3,165.3,0,0,1,"Apartment with 5 bedrooms in Bole, now available. 165 square metres, well laid out. Furnished and ready to move in. Quiet neighbourhood with good access to transport.",81500.0
Kirkos,5,3,146.0,0,0,0,5-bedroom unit in Kirkos for long-term rental. Floor space of 146 square metres. Well maintained apartment. Well maintained and secure.,61500.0
Kirkos,1,1,56.2,0,0,0,"Apartment with 1 bedrooms in Kirkos, now available. 56 square metres, well laid out. Well maintained apartment. Well maintained and secure.",21500.0
Yeka,4,2,145.4,0,1,0,4-bedroom unit in Yeka for long-term rental. About 145 square metres of living space. Comes with a backup generator. Quiet neighbourhood with good access to transport.,52500.0
Gulele,2,1,99.9,1,1,0,"Apartment with 2 bedrooms in Gulele, now available. About 100 square metres of living space. Features a private water tank. Comes with a backup generator. Quiet neighbourhood with good access to transport.",32500.0
Lidetta,3,2,121.6,1,0,0,3-bedroom apartment in Lidetta available for rent. About 122 square metres of living space. Features a private water tank. Quiet neighbourhood with good access to transport.,36500.0
Lidetta,2,2,81.7,0,0,0,"Apartment with 2 bedrooms in Lidetta, now available. Floor space of 82 square metres. Well maintained apartment. Quiet neighbourhood with good access to transport.",24000.0
Kirkos,2,1,85.4,0,0,0,"Rent a 2-bedroom home located in Kirkos. 85 square metres, well laid out. Well maintained apartment. Close to schools and markets.",33000.0
Arada,2,2,85.3,0,0,1,2-bedroom apartment in Arada available for rent. Floor space of 85 square metres. Furnished and ready to move in. Ideal for families or professionals.,37000.0
Yeka,1,1,73.4,1,0,0,Rent a 1-bedroom home located in Yeka. Floor space of 73 square metres. Features a private water tank. Close to schools and markets.,24500.0
Yeka,4,2,148.6,1,0,0,"Apartment with 4 bedrooms in Yeka, now available. 149 square metres, well laid out. Features a private water tank. Close to schools and markets.",52500.0
Bole,1,1,68.4,0,1,0,"1-bedroom unit in Bole for long-term rental. 68 square metres, well laid out. Comes with a backup generator. Close to schools and markets.",29500.0
Akaky Kaliti,2,1,109.7,0,0,0,"Rent a 2-bedroom home located in Akaky Kaliti. 110 square metres, well laid out. Well maintained apartment. Close to schools and markets.",26500.0
Lidetta,1,1,74.8,1,0,0,"Apartment with 1 bedrooms in Lidetta, now available. 75 square metres, well laid out. Features a private water tank. Close to schools and markets.",21000.0
Kolfe,1,1,61.2,1,0,0,1-bedroom apartment in Kolfe available for rent. About 61 square metres of living space. Features a private water tank. Close to schools and markets.,18500.0
Arada,2,1,95.9,0,0,0,"Apartment with 2 bedrooms in Arada, now available. 96 square metres, well laid out. Well maintained apartment. Well maintained and secure.",34500.0
Arada,5,2,172.5,1,0,1,"Apartment with 5 bedrooms in Arada, now available. About 172 square metres of living space. Features a private water tank. Furnished and ready to move in. Ideal for families or professionals.",77000.0
Arada,5,2,176.0,0,1,0,5-bedroom apartment in Arada available for rent. Floor space of 176 square metres. Comes with a backup generator. Quiet neighbourhood with good access to transport.,69000.0
Arada,2,1,100.2,0,0,0,2-bedroom unit in Arada for long-term rental. About 100 square metres of living space. Well maintained apartment. Well maintained and secure.,35500.0
Kirkos,3,2,108.3,0,0,1,3-bedroom apartment in Kirkos available for rent. About 108 square metres of living space. Furnished and ready to move in. Ideal for families or professionals.,50000.0
Bole,5,2,149.4,1,0,1,"5-bedroom unit in Bole for long-term rental. 149 square metres, well laid out. Features a private water tank. Furnished and ready to move in. Well maintained and secure.",76000.0
Bole,2,1,92.9,0,0,1,"Apartment with 2 bedrooms in Bole, now available. 93 square metres, well laid out. Furnished and ready to move in. Well maintained and secure.",43000.0
Addis Ketema,5,3,172.1,0,1,0,"Apartment with 5 bedrooms in Addis Ketema, now available. About 172 square metres of living space. Comes with a backup generator. Ideal for families or professionals.",52500.0
Arada,1,1,69.2,0,0,0,1-bedroom unit in Arada for long-term rental. Floor space of 69 square metres. Well maintained apartment. Quiet neighbourhood with good access to transport.,24000.0
Addis Ketema,2,1,91.5,1,0,0,"Apartment with 2 bedrooms in Addis Ketema, now available. About 92 square metres of living space. Features a private water tank. Well maintained and secure.",26000.0
Bole,2,1,86.6,1,0,0,"Apartment with 2 bedrooms in Bole, now available. 87 square metres, well laid out. Features a private water tank. Close to schools and markets.",37000.0
Arada,1,1,60.1,0,0,1,"Apartment with 1 bedrooms in Arada, now available. 60 square metres, well laid out. Furnished and ready to move in. Quiet neighbourhood with good access to transport.",24500.0
Yeka,5,2,150.1,0,0,0,5-bedroom unit in Yeka for long-term rental. Floor space of 150 square metres. Well maintained apartment. Well maintained and secure.,53000.0
Yeka,5,3,153.6,1,0,0,5-bedroom apartment in Yeka available for rent. Floor space of 154 square metres. Features a private water tank. Quiet neighbourhood with good access to transport.,57000.0
Bole,2,1,106.6,0,0,0,"Apartment with 2 bedrooms in Bole, now available. About 107 square metres of living space. Well maintained apartment. Quiet neighbourhood with good access to transport.",42000.0
Bole,5,3,149.1,1,0,1,5-bedroom apartment in Bole available for rent. About 149 square metres of living space. Features a private water tank. Furnished and ready to move in. Close to schools and markets.,77000.0
Akaky Kaliti,4,2,130.6,1,0,0,4-bedroom unit in Akaky Kaliti for long-term rental. About 131 square metres of living space. Features a private water tank. Close to schools and markets.,38000.0
Kirkos,5,3,141.6,1,0,0,"Apartment with 5 bedrooms in Kirkos, now available. About 142 square metres of living space. Features a private water tank. Close to schools and markets.",61500.0
Nifas Silk,5,3,160.6,0,0,0,5-bedroom apartment in Nifas Silk available for rent. About 161 square metres of living space. Well maintained apartment. Quiet neighbourhood with good access to transport.,53000.0
Arada,3,1,124.4,0,0,0,3-bedroom apartment in Arada available for rent. Floor space of 124 square metres. Well maintained apartment. Quiet neighbourhood with good access to transport.,45000.0
Kirkos,1,1,83.5,1,0,1,1-bedroom apartment in Kirkos available for rent. Floor space of 84 square metres. Features a private water tank. Furnished and ready to move in. Well maintained and secure.,36500.0
Arada,5,3,154.4,0,1,1,5-bedroom unit in Arada for long-term rental. About 154 square metres of living space. Comes with a backup generator. Furnished and ready to move in. Well maintained and secure.,73000.0
Yeka,4,2,136.9,1,0,0,"4-bedroom apartment in Yeka available for rent. 137 square metres, well laid out. Features a private water tank. Ideal for families or professionals.",49500.0
Addis Ketema,5,2,150.2,1,0,0,"5-bedroom unit in Addis Ketema for long-term rental. 150 square metres, well laid out. Features a private water tank. Ideal for families or professionals.",46000.0
Kolfe,5,2,158.3,1,1,0,Rent a 5-bedroom home located in Kolfe. About 158 square metres of living space. Features a private water tank. Comes with a backup generator. Ideal for families or professionals.,52000.0
Gulele,1,1,67.8,1,1,0,Rent a 1-bedroom home located in Gulele. Floor space of 68 square metres. Features a private water tank. Comes with a backup generator. Ideal for families or professionals.,23000.0
Arada,3,2,108.7,0,0,0,3-bedroom unit in Arada for long-term rental. Floor space of 109 square metres. Well maintained apartment. Ideal for families or professionals.,41500.0
Bole,1,1,65.7,1,0,0,"Rent a 1-bedroom home located in Bole. 66 square metres, well laid out. Features a private water tank. Quiet neighbourhood with good access to transport.",27500.0
Akaky Kaliti,1,1,69.4,0,0,0,Rent a 1-bedroom home located in Akaky Kaliti. About 69 square metres of living space. Well maintained apartment. Well maintained and secure.,16500.0
Kirkos,5,3,148.5,1,1,0,5-bedroom apartment in Kirkos available for rent. Floor space of 148 square metres. Features a private water tank. Comes with a backup generator. Well maintained and secure.,66500.0
Bole,5,3,149.1,0,0,1,5-bedroom unit in Bole for long-term rental. Floor space of 149 square metres. Furnished and ready to move in. Close to schools and markets.,75000.0
Kirkos,5,3,172.5,0,1,0,"Apartment with 5 bedrooms in Kirkos, now available. 172 square metres, well laid out. Comes with a backup generator. Quiet neighbourhood with good access to transport.",72500.0
Kolfe,5,3,184.5,0,1,0,5-bedroom unit in Kolfe for long-term rental. About 184 square metres of living space. Comes with a backup generator. Quiet neighbourhood with good access to transport.,57000.0
Nifas Silk,4,3,115.5,1,0,1,4-bedroom apartment in Nifas Silk available for rent. Floor space of 116 square metres. Features a private water tank. Furnished and ready to move in. Well maintained and secure.,48000.0
Kolfe,3,2,92.9,1,0,0,"3-bedroom apartment in Kolfe available for rent. 93 square metres, well laid out. Features a private water tank. Ideal for families or professionals.",31000.0
Kolfe,5,3,140.5,0,0,0,"Apartment with 5 bedrooms in Kolfe, now available. Floor space of 140 square metres. Well maintained apartment. Well maintained and secure.",45000.0
Yeka,3,2,106.8,0,0,0,"Apartment with 3 bedrooms in Yeka, now available. 107 square metres, well laid out. Well maintained apartment. Well maintained and secure.",37500.0
Akaky Kaliti,4,2,140.7,1,0,0,"4-bedroom unit in Akaky Kaliti for long-term rental. 141 square metres, well laid out. Features a private water tank. Ideal for families or professionals.",39500.0
Kirkos,2,1,93.1,1,0,0,"Apartment with 2 bedrooms in Kirkos, now available. About 93 square metres of living space. Features a private water tank. Close to schools and markets.",37000.0
Nifas Silk,4,2,132.1,1,0,0,"4-bedroom unit in Nifas Silk for long-term rental. 132 square metres, well laid out. Features a private water tank. Well maintained and secure.",44500.0
Bole,5,3,158.3,0,0,1,"5-bedroom unit in Bole for long-term rental. 158 square metres, well laid out. Furnished and ready to move in. Quiet neighbourhood with good access to transport.",78500.0
Addis Ketema,4,3,121.7,0,0,0,Rent a 4-bedroom home located in Addis Ketema. Floor space of 122 square metres. Well maintained apartment. Ideal for families or professionals.,37500.0
Yeka,3,2,105.1,0,0,1,"Apartment with 3 bedrooms in Yeka, now available. 105 square metres, well laid out. Furnished and ready to move in. Close to schools and markets.",42500.0
Bole,1,1,63.8,0,0,0,1-bedroom unit in Bole for long-term rental. About 64 square metres of living space. Well maintained apartment. Ideal for families or professionals.,25000.0
Arada,1,1,45.0,1,0,0,Rent a 1-bedroom home located in Arada. Floor space of 45 square metres. Features a private water tank. Ideal for families or professionals.,18500.0
Bole,4,2,116.1,0,0,0,4-bedroom unit in Bole for long-term rental. About 116 square metres of living space. Well maintained apartment. Ideal for families or professionals.,50500.0
Bole,4,3,116.5,0,0,1,4-bedroom unit in Bole for long-term rental. Floor space of 116 square metres. Furnished and ready to move in. Quiet neighbourhood with good access to transport.,60000.0
Nifas Silk,4,3,139.2,1,1,0,Rent a 4-bedroom home located in Nifas Silk. Floor space of 139 square metres. Features a private water tank. Comes with a backup generator. Well maintained and secure.,50000.0
Kirkos,5,3,154.9,0,0,1,"Apartment with 5 bedrooms in Kirkos, now available. Floor space of 155 square metres. Furnished and ready to move in. Ideal for families or professionals.",74000.0
Akaky Kaliti,3,2,115.3,1,0,0,"Apartment with 3 bedrooms in Akaky Kaliti, now available. About 115 square metres of living space. Features a private water tank. Quiet neighbourhood with good access to transport.",32500.0
Yeka,5,3,129.9,1,0,0,"Apartment with 5 bedrooms in Yeka, now available. 130 square metres, well laid out. Features a private water tank. Well maintained and secure.",51000.0
Gulele,4,2,112.2,1,0,1,"4-bedroom apartment in Gulele available for rent. 112 square metres, well laid out. Features a private water tank. Furnished and ready to move in. Ideal for families or professionals.",44000.0
Arada,2,1,94.0,0,0,0,"Apartment with 2 bedrooms in Arada, now available. 94 square metres, well laid out. Well maintained apartment. Close to schools and markets.",34000.0
Nifas Silk,5,3,118.7,1,1,0,5-bedroom apartment in Nifas Silk available for rent. About 119 square metres of living space. Features a private water tank. Comes with a backup generator. Well maintained and secure.,47500.0
Nifas Silk,1,1,78.7,1,1,0,"1-bedroom unit in Nifas Silk for long-term rental. 79 square metres, well laid out. Features a private water tank. Comes with a backup generator. Well maintained and secure.",26500.0
Arada,3,2,86.1,0,1,1,"3-bedroom apartment in Arada available for rent. 86 square metres, well laid out. Comes with a backup generator. Furnished and ready to move in. Well maintained and secure.",43000.0
Addis Ketema,5,3,162.1,1,1,0,Rent a 5-bedroom home located in Addis Ketema. Floor space of 162 square metres. Features a private water tank. Comes with a backup generator. Quiet neighbourhood with good access to transport.,52000.0
Kirkos,4,2,119.3,0,0,0,4-bedroom unit in Kirkos for long-term rental. About 119 square metres of living space. Well maintained apartment. Close to schools and markets.,49500.0
Bole,5,3,164.6,0,0,0,"5-bedroom unit in Bole for long-term rental. 165 square metres, well laid out. Well maintained apartment. Close to schools and markets.",70500.0
Gulele,1,1,102.5,1,1,0,1-bedroom unit in Gulele for long-term rental. About 102 square metres of living space. Features a private water tank. Comes with a backup generator. Well maintained and secure.,31000.0
Lidetta,3,2,80.7,0,0,0,"Apartment with 3 bedrooms in Lidetta, now available. 81 square metres, well laid out. Well maintained apartment. Well maintained and secure.",26000.0
Bole,4,3,138.3,0,0,1,"Apartment with 4 bedrooms in Bole, now available. Floor space of 138 square metres. Furnished and ready to move in. Quiet neighbourhood with good access to transport.",68500.0
Kirkos,4,2,108.3,0,0,0,Rent a 4-bedroom home located in Kirkos. Floor space of 108 square metres. Well maintained apartment. Close to schools and markets.,46000.0
Akaky Kaliti,5,3,157.1,1,0,0,5-bedroom unit in Akaky Kaliti for long-term rental. Floor space of 157 square metres. Features a private water tank. Quiet neighbourhood with good access to transport.,46000.0
Gulele,3,2,105.5,0,1,1,"Apartment with 3 bedrooms in Gulele, now available. Floor space of 106 square metres. Comes with a backup generator. Furnished and ready to move in. Well maintained and secure.",40500.0
Addis Ketema,4,2,131.6,0,0,0,"Rent a 4-bedroom home located in Addis Ketema. 132 square metres, well laid out. Well maintained apartment. Quiet neighbourhood with good access to transport.",38000.0
Arada,3,1,97.1,0,0,0,3-bedroom apartment in Arada available for rent. About 97 square metres of living space. Well maintained apartment. Close to schools and markets.,37000.0
Nifas Silk,5,3,161.4,1,0,0,5-bedroom apartment in Nifas Silk available for rent. About 161 square metres of living space. Features a private water tank. Ideal for families or professionals.,55000.0
Yeka,1,1,46.6,1,1,0,1-bedroom unit in Yeka for long-term rental. Floor space of 47 square metres. Features a private water tank. Comes with a backup generator. Close to schools and markets.,20000.0
Akaky Kaliti,2,1,100.9,1,0,0,2-bedroom unit in Akaky Kaliti for long-term rental. Floor space of 101 square metres. Features a private water tank. Ideal for families or professionals.,26500.0
Kirkos,1,1,59.1,1,0,0,"Apartment with 1 bedrooms in Kirkos, now available. 59 square metres, well laid out. Features a private water tank. Quiet neighbourhood with good access to transport.",24000.0
Gulele,4,3,113.2,0,0,0,4-bedroom unit in Gulele for long-term rental. Floor space of 113 square metres. Well maintained apartment. Close to schools and markets.,38000.0
Kirkos,2,1,105.1,0,1,0,"Apartment with 2 bedrooms in Kirkos, now available. 105 square metres, well laid out. Comes with a backup generator. Quiet neighbourhood with good access to transport.",42000.0
Nifas Silk,2,1,85.2,1,1,0,2-bedroom apartment in Nifas Silk available for rent. About 85 square metres of living space. Features a private water tank. Comes with a backup generator. Close to schools and markets.,30500.0
Gulele,5,3,174.9,1,0,0,"5-bedroom unit in Gulele for long-term rental. 175 square metres, well laid out. Features a private water tank. Ideal for families or professionals.",56000.0
Arada,2,1,100.7,1,0,0,Rent a 2-bedroom home located in Arada. Floor space of 101 square metres. Features a private water tank. Close to schools and markets.,37500.0
Akaky Kaliti,1,1,54.4,1,1,0,Rent a 1-bedroom home located in Akaky Kaliti. Floor space of 54 square metres. Features a private water tank. Comes with a backup generator. Well maintained and secure.,18000.0
Kirkos,1,1,63.0,0,0,0,Rent a 1-bedroom home located in Kirkos. Floor space of 63 square metres. Well maintained apartment. Well maintained and secure.,23500.0
Nifas Silk,2,1,87.5,1,0,1,2-bedroom unit in Nifas Silk for long-term rental. About 88 square metres of living space. Features a private water tank. Furnished and ready to move in. Well maintained and secure.,32500.0
Kirkos,5,3,170.3,1,1,0,5-bedroom apartment in Kirkos available for rent. About 170 square metres of living space. Features a private water tank. Comes with a backup generator. Well maintained and secure.,73500.0
Kirkos,3,1,113.3,1,1,0,Rent a 3-bedroom home located in Kirkos. About 113 square metres of living space. Features a private water tank. Comes with a backup generator. Quiet neighbourhood with good access to transport.,48500.0
Kirkos,5,3,154.1,0,0,1,"5-bedroom unit in Kirkos for long-term rental. 154 square metres, well laid out. Furnished and ready to move in. Close to schools and markets.",73500.0
Bole,2,1,83.6,1,0,0,2-bedroom apartment in Bole available for rent. About 84 square metres of living space. Features a private water tank. Quiet neighbourhood with good access to transport.,36000.0
Bole,2,2,85.4,0,0,1,2-bedroom apartment in Bole available for rent. Floor space of 85 square metres. Furnished and ready to move in. Well maintained and secure.,41000.0
Gulele,1,1,79.7,1,0,0,1-bedroom apartment in Gulele available for rent. Floor space of 80 square metres. Features a private water tank. Well maintained and secure.,23000.0
Nifas Silk,2,1,86.0,1,1,0,Rent a 2-bedroom home located in Nifas Silk. Floor space of 86 square metres. Features a private water tank. Comes with a backup generator. Well maintained and secure.,30500.0
Gulele,3,2,103.3,0,0,0,3-bedroom unit in Gulele for long-term rental. About 103 square metres of living space. Well maintained apartment. Quiet neighbourhood with good access to transport.,32000.0
Bole,5,3,145.2,0,0,0,5-bedroom unit in Bole for long-term rental. Floor space of 145 square metres. Well maintained apartment. Ideal for families or professionals.,64000.0
Kirkos,2,1,79.4,0,0,1,"Apartment with 2 bedrooms in Kirkos, now available. 79 square metres, well laid out. Furnished and ready to move in. Quiet neighbourhood with good access to transport.",35500.0
Yeka,4,3,113.2,0,0,0,4-bedroom unit in Yeka for long-term rental. Floor space of 113 square metres. Well maintained apartment. Well maintained and secure.,42500.0
Kolfe,4,3,121.0,1,0,0,4-bedroom unit in Kolfe for long-term rental. About 121 square metres of living space. Features a private water tank. Close to schools and markets.,40000.0
Lidetta,2,1,104.0,1,0,1,"Apartment with 2 bedrooms in Lidetta, now available. 104 square metres, well laid out. Features a private water tank. Furnished and ready to move in. Ideal for families or professionals.",33500.0
Yeka,5,3,149.5,1,0,0,"Apartment with 5 bedrooms in Yeka, now available. Floor space of 150 square metres. Features a private water tank. Ideal for families or professionals.",56000.0
Gulele,3,1,116.5,1,1,1,"Rent a 3-bedroom home located in Gulele. 116 square metres, well laid out. Features a private water tank. Comes with a backup generator. Furnished and ready to move in. Close to schools and markets.",44000.0
Bole,1,1,34.3,0,0,0,"1-bedroom apartment in Bole available for rent. 34 square metres, well laid out. Well maintained apartment. Well maintained and secure.",15000.0
Yeka,5,3,158.8,1,0,1,"5-bedroom apartment in Yeka available for rent. 159 square metres, well laid out. Features a private water tank. Furnished and ready to move in. Quiet neighbourhood with good access to transport.",67500.0
Bole,5,3,150.1,1,0,0,5-bedroom unit in Bole for long-term rental. Floor space of 150 square metres. Features a private water tank. Close to schools and markets.,67500.0
Yeka,1,1,58.2,1,1,1,Rent a 1-bedroom home located in Yeka. About 58 square metres of living space. Features a private water tank. Comes with a backup generator. Furnished and ready to move in. Close to schools and markets.,26500.0
Gulele,5,3,154.2,0,0,1,"Apartment with 5 bedrooms in Gulele, now available. About 154 square metres of living space. Furnished and ready to move in. Quiet neighbourhood with good access to transport.",56500.0
Akaky Kaliti,5,3,146.1,1,0,0,"5-bedroom unit in Akaky Kaliti for long-term rental. 146 square metres, well laid out. Features a private water tank. Ideal for families or professionals.",44000.0
Yeka,5,3,126.5,0,0,0,"Apartment with 5 bedrooms in Yeka, now available. About 126 square metres of living space. Well maintained apartment. Quiet neighbourhood with good access to transport.",48000.0
Arada,2,1,97.1,1,0,1,"Apartment with 2 bedrooms in Arada, now available. 97 square metres, well laid out. Features a private water tank. Furnished and ready to move in. Close to schools and markets.",42000.0
Gulele,4,2,132.9,1,1,0,Rent a 4-bedroom home located in Gulele. About 133 square metres of living space. Features a private water tank. Comes with a backup generator. Well maintained and secure.,45500.0
Addis Ketema,3,2,104.2,0,0,0,"Apartment with 3 bedrooms in Addis Ketema, now available. 104 square metres, well laid out. Well maintained apartment. Quiet neighbourhood with good access to transport.",30500.0
Nifas Silk,4,3,118.4,0,0,0,"Apartment with 4 bedrooms in Nifas Silk, now available. Floor space of 118 square metres. Well maintained apartment. Well maintained and secure.",41000.0
Yeka,4,2,112.4,0,0,0,4-bedroom apartment in Yeka available for rent. About 112 square metres of living space. Well maintained apartment. Well maintained and secure.,41000.0
Nifas Silk,4,3,132.7,1,1,0,4-bedroom apartment in Nifas Silk available for rent. Floor space of 133 square metres. Features a private water tank. Comes with a backup generator. Quiet neighbourhood with good access to transport.,48500.0
Kirkos,3,2,127.4,1,0,0,3-bedroom unit in Kirkos for long-term rental. About 127 square metres of living space. Features a private water tank. Ideal for families or professionals.,51500.0
Addis Ketema,4,2,132.4,0,0,0,Rent a 4-bedroom home located in Addis Ketema. Floor space of 132 square metres. Well maintained apartment. Well maintained and secure.,38500.0
Kirkos,3,1,91.4,0,1,0,"Apartment with 3 bedrooms in Kirkos, now available. 91 square metres, well laid out. Comes with a backup generator. Close to schools and markets.",39500.0
Gulele,1,1,66.7,1,0,0,"1-bedroom apartment in Gulele available for rent. 67 square metres, well laid out. Features a private water tank. Well maintained and secure.",20000.0
Bole,1,1,63.4,0,0,1,"Rent a 1-bedroom home located in Bole. 63 square metres, well laid out. Furnished and ready to move in. Well maintained and secure.",28500.0
Kirkos,5,3,162.4,0,0,0,5-bedroom apartment in Kirkos available for rent. About 162 square metres of living space. Well maintained apartment. Well maintained and secure.,66500.0
Lidetta,5,3,159.3,1,0,0,"Apartment with 5 bedrooms in Lidetta, now available. About 159 square metres of living space. Features a private water tank. Well maintained and secure.",50000.0
Nifas Silk,3,2,72.2,0,0,0,"Apartment with 3 bedrooms in Nifas Silk, now available. 72 square metres, well laid out. Well maintained apartment. Well maintained and secure.",26500.0
Kirkos,1,1,70.5,0,0,0,1-bedroom unit in Kirkos for long-term rental. About 70 square metres of living space. Well maintained apartment. Close to schools and markets.,26000.0
Akaky Kaliti,4,2,118.0,1,1,0,Rent a 4-bedroom home located in Akaky Kaliti. Floor space of 118 square metres. Features a private water tank. Comes with a backup generator. Close to schools and markets.,38000.0
Lidetta,1,1,46.9,0,1,0,1-bedroom unit in Lidetta for long-term rental. About 47 square metres of living space. Comes with a backup generator. Quiet neighbourhood with good access to transport.,16000.0
Kirkos,2,1,83.7,0,1,0,"Apartment with 2 bedrooms in Kirkos, now available. 84 square metres, well laid out. Comes with a backup generator. Well maintained and secure.",35000.0
Arada,2,2,90.9,0,0,1,2-bedroom apartment in Arada available for rent. About 91 square metres of living space. Furnished and ready to move in. Well maintained and secure.,39000.0
Arada,1,1,44.3,0,0,1,"Apartment with 1 bedrooms in Arada, now available. 44 square metres, well laid out. Furnished and ready to move in. Well maintained and secure.",19000.0
Nifas Silk,5,3,160.5,1,1,1,Rent a 5-bedroom home located in Nifas Silk. About 160 square metres of living space. Features a private water tank. Comes with a backup generator. Furnished and ready to move in. Close to schools and markets.,66000.0
Kirkos,3,2,117.2,0,0,1,3-bedroom unit in Kirkos for long-term rental. About 117 square metres of living space. Furnished and ready to move in. Ideal for families or professionals.,53500.0
Yeka,2,2,86.6,0,0,0,"Rent a 2-bedroom home located in Yeka. 87 square metres, well laid out. Well maintained apartment. Close to schools and markets.",29500.0
Akaky Kaliti,3,2,97.6,0,1,0,"3-bedroom apartment in Akaky Kaliti available for rent. 98 square metres, well laid out. Comes with a backup generator. Quiet neighbourhood with good access to transport.",30000.0
Akaky Kaliti,1,1,52.2,1,1,1,"1-bedroom unit in Akaky Kaliti for long-term rental. 52 square metres, well laid out. Features a private water tank. Comes with a backup generator. Furnished and ready to move in. Quiet neighbourhood with good access to transport.",20500.0
Lidetta,3,2,120.3,0,0,0,"Apartment with 3 bedrooms in Lidetta, now available. About 120 square metres of living space. Well maintained apartment. Ideal for families or professionals.",34500.0
Addis Ketema,3,2,89.9,0,1,0,"3-bedroom apartment in Addis Ketema available for rent. 90 square metres, well laid out. Comes with a backup generator. Close to schools and markets.",30000.0
Gulele,2,1,98.8,1,0,1,"Apartment with 2 bedrooms in Gulele, now available. 99 square metres, well laid out. Features a private water tank. Furnished and ready to move in. Ideal for families or professionals.",34000.0
Kolfe,5,3,150.0,1,1,1,"Apartment with 5 bedrooms in Kolfe, now available. 150 square metres, well laid out. Features a private water tank. Comes with a backup generator. Furnished and ready to move in. Ideal for families or professionals.",59000.0
Kolfe,2,1,84.8,1,0,0,"Apartment with 2 bedrooms in Kolfe, now available. About 85 square metres of living space. Features a private water tank. Well maintained and secure.",25500.0
Arada,1,1,43.5,0,0,0,"1-bedroom unit in Arada for long-term rental. 44 square metres, well laid out. Well maintained apartment. Ideal for families or professionals.",16500.0
Arada,3,1,106.2,1,0,0,"Apartment with 3 bedrooms in Arada, now available. Floor space of 106 square metres. Features a private water tank. Close to schools and markets.",41500.0
Yeka,5,2,159.4,1,0,0,"5-bedroom unit in Yeka for long-term rental. 159 square metres, well laid out. Features a private water tank. Close to schools and markets.",57500.0
Nifas Silk,2,1,70.0,0,0,0,Rent a 2-bedroom home located in Nifas Silk. Floor space of 70 square metres. Well maintained apartment. Ideal for families or professionals.,22500.0
Yeka,1,1,70.0,1,0,0,"Rent a 1-bedroom home located in Yeka. 70 square metres, well laid out. Features a private water tank. Close to schools and markets.",24000.0
Yeka,5,3,153.1,0,0,0,5-bedroom unit in Yeka for long-term rental. Floor space of 153 square metres. Well maintained apartment. Quiet neighbourhood with good access to transport.,55000.0
Nifas Silk,3,2,100.3,1,0,0,3-bedroom apartment in Nifas Silk available for rent. About 100 square metres of living space. Features a private water tank. Well maintained and secure.,35000.0
Kirkos,1,1,74.3,0,0,0,Rent a 1-bedroom home located in Kirkos. Floor space of 74 square metres. Well maintained apartment. Close to schools and markets.,27000.0
Yeka,4,2,103.6,1,0,0,"Rent a 4-bedroom home located in Yeka. 104 square metres, well laid out. Features a private water tank. Well maintained and secure.",40500.0
Kolfe,2,1,90.2,1,1,0,2-bedroom unit in Kolfe for long-term rental. About 90 square metres of living space. Features a private water tank. Comes with a backup generator. Ideal for families or professionals.,29500.0
Lidetta,5,3,171.4,0,0,0,"5-bedroom unit in Lidetta for long-term rental. 171 square metres, well laid out. Well maintained apartment. Well maintained and secure.",50500.0
Bole,2,1,103.3,0,0,1,2-bedroom apartment in Bole available for rent. About 103 square metres of living space. Furnished and ready to move in. Ideal for families or professionals.,47000.0
Bole,3,2,112.7,0,1,0,3-bedroom unit in Bole for long-term rental. Floor space of 113 square metres. Comes with a backup generator. Close to schools and markets.,50000.0
Kirkos,3,2,104.4,0,0,1,"Apartment with 3 bedrooms in Kirkos, now available. About 104 square metres of living space. Furnished and ready to move in. Well maintained and secure.",49000.0
Kolfe,2,1,78.4,1,1,0,Rent a 2-bedroom home located in Kolfe. About 78 square metres of living space. Features a private water tank. Comes with a backup generator. Well maintained and secure.,27000.0
Lidetta,3,3,104.4,0,0,0,"3-bedroom apartment in Lidetta available for rent. 104 square metres, well laid out. Well maintained apartment. Close to schools and markets.",32000.0
Bole,1,1,70.5,1,0,0,1-bedroom unit in Bole for long-term rental. About 70 square metres of living space. Features a private water tank. Close to schools and markets.,29000.0
Kolfe,4,2,120.3,1,0,1,"Rent a 4-bedroom home located in Kolfe. 120 square metres, well laid out. Features a private water tank. Furnished and ready to move in. Quiet neighbourhood with good access to transport.",44500.0
Bole,4,2,139.1,0,0,0,4-bedroom unit in Bole for long-term rental. About 139 square metres of living space. Well maintained apartment. Well maintained and secure.,58500.0
Kirkos,5,3,177.6,0,1,1,"Rent a 5-bedroom home located in Kirkos. 178 square metres, well laid out. Comes with a backup generator. Furnished and ready to move in. Well maintained and secure.",85000.0
Addis Ketema,2,1,85.3,1,1,0,Rent a 2-bedroom home located in Addis Ketema. Floor space of 85 square metres. Features a private water tank. Comes with a backup generator. Quiet neighbourhood with good access to transport.,27500.0
Yeka,2,1,69.9,0,0,0,"Rent a 2-bedroom home located in Yeka. 70 square metres, well laid out. Well maintained apartment. Close to schools and markets.",24000.0
Bole,3,1,91.9,0,0,0,3-bedroom unit in Bole for long-term rental. About 92 square metres of living space. Well maintained apartment. Ideal for families or professionals.,39000.0
Kirkos,4,2,139.3,0,0,0,4-bedroom unit in Kirkos for long-term rental. Floor space of 139 square metres. Well maintained apartment. Quiet neighbourhood with good access to transport.,56000.0
Nifas Silk,5,3,151.3,1,0,0,"Rent a 5-bedroom home located in Nifas Silk. 151 square metres, well laid out. Features a private water tank. Close to schools and markets.",52500.0
Akaky Kaliti,1,1,74.5,0,0,0,"1-bedroom apartment in Akaky Kaliti available for rent. 74 square metres, well laid out. Well maintained apartment. Well maintained and secure.",17500.0
Addis Ketema,2,1,79.6,1,0,1,2-bedroom unit in Addis Ketema for long-term rental. Floor space of 80 square metres. Features a private water tank. Furnished and ready to move in. Well maintained and secure.,27500.0
Bole,2,1,96.0,1,0,1,"Apartment with 2 bedrooms in Bole, now available. 96 square metres, well laid out. Features a private water tank. Furnished and ready to move in. Close to schools and markets.",46000.0
Bole,2,1,84.1,0,0,1,"Apartment with 2 bedrooms in Bole, now available. About 84 square metres of living space. Furnished and ready to move in. Quiet neighbourhood with good access to transport.",39500.0
Kolfe,3,2,99.2,1,1,0,Rent a 3-bedroom home located in Kolfe. Floor space of 99 square metres. Features a private water tank. Comes with a backup generator. Close to schools and markets.,34500.0
Yeka,5,3,147.2,0,1,0,"5-bedroom apartment in Yeka available for rent. 147 square metres, well laid out. Comes with a backup generator. Quiet neighbourhood with good access to transport.",56000.0
Lidetta,1,1,49.6,0,0,0,Rent a 1-bedroom home located in Lidetta. Floor space of 50 square metres. Well maintained apartment. Well maintained and secure.,14000.0
Gulele,5,3,175.9,1,0,0,"5-bedroom apartment in Gulele available for rent. 176 square metres, well laid out. Features a private water tank. Quiet neighbourhood with good access to transport.",56000.0
Bole,4,3,128.8,1,0,0,4-bedroom unit in Bole for long-term rental. Floor space of 129 square metres. Features a private water tank. Close to schools and markets.,58000.0
Lidetta,4,3,137.7,0,0,1,"4-bedroom unit in Lidetta for long-term rental. 138 square metres, well laid out. Furnished and ready to move in. Ideal for families or professionals.",47500.0
Bole,4,3,123.6,0,0,1,Rent a 4-bedroom home located in Bole. Floor space of 124 square metres. Furnished and ready to move in. Well maintained and secure.,62500.0
Kirkos,1,1,51.4,0,0,0,1-bedroom unit in Kirkos for long-term rental. Floor space of 51 square metres. Well maintained apartment. Ideal for families or professionals.,20000.0
Arada,4,3,127.2,1,0,0,4-bedroom apartment in Arada available for rent. About 127 square metres of living space. Features a private water tank. Close to schools and markets.,52500.0
Arada,2,1,99.2,0,0,0,2-bedroom unit in Arada for long-term rental. Floor space of 99 square metres. Well maintained apartment. Ideal for families or professionals.,35500.0
Gulele,3,2,101.8,1,1,0,3-bedroom apartment in Gulele available for rent. About 102 square metres of living space. Features a private water tank. Comes with a backup generator. Well maintained and secure.,36500.0
Nifas Silk,4,3,119.6,0,0,0,"Apartment with 4 bedrooms in Nifas Silk, now available. About 120 square metres of living space. Well maintained apartment. Quiet neighbourhood with good access to transport.",41000.0
Addis Ketema,4,2,131.9,1,0,0,"4-bedroom apartment in Addis Ketema available for rent. 132 square metres, well laid out. Features a private water tank. Well maintained and secure.",40000.0
Addis Ketema,2,1,92.0,1,1,0,"Rent a 2-bedroom home located in Addis Ketema. 92 square metres, well laid out. Features a private water tank. Comes with a backup generator. Close to schools and markets.",29000.0
Arada,2,1,105.7,0,1,1,"Apartment with 2 bedrooms in Arada, now available. About 106 square metres of living space. Comes with a backup generator. Furnished and ready to move in. Quiet neighbourhood with good access to transport.",46000.0
Bole,3,2,112.2,0,0,0,3-bedroom unit in Bole for long-term rental. Floor space of 112 square metres. Well maintained apartment. Ideal for families or professionals.,47000.0
Gulele,1,1,71.7,1,0,0,"1-bedroom apartment in Gulele available for rent. 72 square metres, well laid out. Features a private water tank. Close to schools and markets.",21500.0
Addis Ketema,4,2,138.6,0,0,0,Rent a 4-bedroom home located in Addis Ketema. About 139 square metres of living space. Well maintained apartment. Well maintained and secure.,39500.0
Yeka,1,1,50.2,1,0,0,1-bedroom unit in Yeka for long-term rental. Floor space of 50 square metres. Features a private water tank. Quiet neighbourhood with good access to transport.,18500.0
Arada,3,1,96.4,1,1,0,3-bedroom apartment in Arada available for rent. About 96 square metres of living space. Features a private water tank. Comes with a backup generator. Ideal for families or professionals.,41000.0
Kirkos,4,2,117.0,1,0,0,Rent a 4-bedroom home located in Kirkos. Floor space of 117 square metres. Features a private water tank. Close to schools and markets.,50500.0
Bole,1,1,48.0,0,1,0,"1-bedroom apartment in Bole available for rent. 48 square metres, well laid out. Comes with a backup generator. Ideal for families or professionals.",22500.0
Gulele,5,3,161.5,1,0,0,"Apartment with 5 bedrooms in Gulele, now available. About 162 square metres of living space. Features a private water tank. Ideal for families or professionals.",52500.0
Kirkos,2,2,89.5,0,0,1,2-bedroom unit in Kirkos for long-term rental. About 90 square metres of living space. Furnished and ready to move in. Ideal for families or professionals.,41000.0
Kolfe,1,1,65.0,1,0,1,"Apartment with 1 bedrooms in Kolfe, now available. Floor space of 65 square metres. Features a private water tank. Furnished and ready to move in. Ideal for families or professionals.",22000.0
Lidetta,4,2,98.9,0,0,0,"Rent a 4-bedroom home located in Lidetta. 99 square metres, well laid out. Well maintained apartment. Quiet neighbourhood with good access to transport.",32000.0
Kolfe,3,1,132.7,0,1,1,Rent a 3-bedroom home located in Kolfe. Floor space of 133 square metres. Comes with a backup generator. Furnished and ready to move in. Close to schools and markets.,45000.0
Kirkos,4,2,119.3,0,0,1,"4-bedroom unit in Kirkos for long-term rental. 119 square metres, well laid out. Furnished and ready to move in. Quiet neighbourhood with good access to transport.",57000.0
Kirkos,4,2,154.6,1,0,0,4-bedroom apartment in Kirkos available for rent. Floor space of 155 square metres. Features a private water tank. Ideal for families or professionals.,62500.0
Gulele,3,2,90.6,0,0,0,"3-bedroom apartment in Gulele available for rent. 91 square metres, well laid out. Well maintained apartment. Close to schools and markets.",29500.0
Kolfe,5,3,142.3,1,0,1,"Rent a 5-bedroom home located in Kolfe. 142 square metres, well laid out. Features a private water tank. Furnished and ready to move in. Well maintained and secure.",54000.0
Arada,2,2,59.6,0,0,0,"Apartment with 2 bedrooms in Arada, now available. 60 square metres, well laid out. Well maintained apartment. Quiet neighbourhood with good access to transport.",24500.0
Akaky Kaliti,3,2,112.3,1,0,0,3-bedroom apartment in Akaky Kaliti available for rent. Floor space of 112 square metres. Features a private water tank. Close to schools and markets.,32000.0
Bole,1,1,50.8,0,0,0,"Apartment with 1 bedrooms in Bole, now available. Floor space of 51 square metres. Well maintained apartment. Quiet neighbourhood with good access to transport.",20500.0
Lidetta,4,3,117.1,1,0,0,"Apartment with 4 bedrooms in Lidetta, now available. About 117 square metres of living space. Features a private water tank. Ideal for families or professionals.",39000.0
Bole,2,1,69.5,0,1,0,2-bedroom unit in Bole for long-term rental. Floor space of 70 square metres. Comes with a backup generator. Quiet neighbourhood with good access to transport.,32000.0
Bole,4,2,139.3,0,0,1,4-bedroom apartment in Bole available for rent. Floor space of 139 square metres. Furnished and ready to move in. Quiet neighbourhood with good access to transport.,67500.0
Arada,5,2,160.5,0,0,0,Rent a 5-bedroom home located in Arada. Floor space of 160 square metres. Well maintained apartment. Close to schools and markets.,61500.0
Bole,5,3,173.7,0,0,1,Rent a 5-bedroom home located in Bole. About 174 square metres of living space. Furnished and ready to move in. Well maintained and secure.,84500.0
Bole,5,3,143.8,0,0,0,"Apartment with 5 bedrooms in Bole, now available. About 144 square metres of living space. Well maintained apartment. Quiet neighbourhood with good access to transport.",63500.0
Bole,1,2,66.6,1,0,1,"1-bedroom apartment in Bole available for rent. 67 square metres, well laid out. Features a private water tank. Furnished and ready to move in. Quiet neighbourhood with good access to transport.",33500.0
Kirkos,1,1,48.5,0,0,1,1-bedroom unit in Kirkos for long-term rental. Floor space of 48 square metres. Furnished and ready to move in. Close to schools and markets.,22000.0
Kolfe,5,3,148.0,1,1,1,5-bedroom apartment in Kolfe available for rent. Floor space of 148 square metres. Features a private water tank. Comes with a backup generator. Furnished and ready to move in. Quiet neighbourhood with good access to transport.,58500.0
Bole,2,1,79.8,0,0,0,2-bedroom unit in Bole for long-term rental. Floor space of 80 square metres. Well maintained apartment. Quiet neighbourhood with good access to transport.,32500.0
Nifas Silk,1,1,69.6,1,0,1,"Apartment with 1 bedrooms in Nifas Silk, now available. 70 square metres, well laid out. Features a private water tank. Furnished and ready to move in. Well maintained and secure.",25000.0
Kolfe,2,1,98.2,0,0,0,2-bedroom unit in Kolfe for long-term rental. About 98 square metres of living space. Well maintained apartment. Ideal for families or professionals.,26500.0
Bole,5,3,163.9,0,0,1,5-bedroom unit in Bole for long-term rental. Floor space of 164 square metres. Furnished and ready to move in. Well maintained and secure.,81000.0
Bole,2,2,75.9,0,0,0,2-bedroom unit in Bole for long-term rental. Floor space of 76 square metres. Well maintained apartment. Quiet neighbourhood with good access to transport.,32500.0
Lidetta,1,1,76.0,0,1,0,"1-bedroom apartment in Lidetta available for rent. 76 square metres, well laid out. Comes with a backup generator. Quiet neighbourhood with good access to transport.",22000.0
Kolfe,4,2,129.5,1,0,0,"Apartment with 4 bedrooms in Kolfe, now available. Floor space of 130 square metres. Features a private water tank. Well maintained and secure.",41000.0
Arada,1,1,60.1,0,0,0,1-bedroom apartment in Arada available for rent. About 60 square metres of living space. Well maintained apartment. Well maintained and secure.,21500.0
Kolfe,2,1,77.5,0,1,0,2-bedroom apartment in Kolfe available for rent. About 78 square metres of living space. Comes with a backup generator. Close to schools and markets.,25000.0
Bole,1,1,57.3,0,0,0,1-bedroom apartment in Bole available for rent. Floor space of 57 square metres. Well maintained apartment. Quiet neighbourhood with good access to transport.,23000.0
Kirkos,4,3,150.9,0,0,1,"Apartment with 4 bedrooms in Kirkos, now available. About 151 square metres of living space. Furnished and ready to move in. Well maintained and secure.",70000.0
Gulele,3,2,111.7,1,0,0,"Rent a 3-bedroom home located in Gulele. 112 square metres, well laid out. Features a private water tank. Quiet neighbourhood with good access to transport.",36000.0
Yeka,5,3,154.1,1,0,0,"Apartment with 5 bedrooms in Yeka, now available. Floor space of 154 square metres. Features a private water tank. Quiet neighbourhood with good access to transport.",57000.0
Kolfe,2,1,82.9,1,0,0,"Rent a 2-bedroom home located in Kolfe. 83 square metres, well laid out. Features a private water tank. Well maintained and secure.",25000.0
Arada,2,2,115.4,1,0,0,"Apartment with 2 bedrooms in Arada, now available. 115 square metres, well laid out. Features a private water tank. Ideal for families or professionals.",43000.0
Kolfe,1,1,79.7,1,1,0,"1-bedroom unit in Kolfe for long-term rental. 80 square metres, well laid out. Features a private water tank. Comes with a backup generator. Well maintained and secure.",25000.0
Arada,2,1,77.3,0,0,0,2-bedroom apartment in Arada available for rent. Floor space of 77 square metres. Well maintained apartment. Quiet neighbourhood with good access to transport.,29000.0
Kirkos,3,2,104.7,0,0,0,"Apartment with 3 bedrooms in Kirkos, now available. About 105 square metres of living space. Well maintained apartment. Close to schools and markets.",42500.0
Yeka,1,1,61.4,1,0,0,"Apartment with 1 bedrooms in Yeka, now available. Floor space of 61 square metres. Features a private water tank. Quiet neighbourhood with good access to transport.",21500.0
Yeka,3,2,109.8,1,1,0,"3-bedroom apartment in Yeka available for rent. 110 square metres, well laid out. Features a private water tank. Comes with a backup generator. Close to schools and markets.",42500.0
Kolfe,5,3,143.6,0,1,0,Rent a 5-bedroom home located in Kolfe. About 144 square metres of living space. Comes with a backup generator. Ideal for families or professionals.,48000.0
Bole,4,2,135.3,0,0,0,4-bedroom unit in Bole for long-term rental. Floor space of 135 square metres. Well maintained apartment. Quiet neighbourhood with good access to transport.,57000.0
Bole,4,2,147.4,0,0,1,4-bedroom apartment in Bole available for rent. About 147 square metres of living space. Furnished and ready to move in. Close to schools and markets.,70500.0
Bole,5,3,136.2,1,0,0,5-bedroom unit in Bole for long-term rental. Floor space of 136 square metres. Features a private water tank. Well maintained and secure.,62500.0
Bole,4,3,116.5,0,1,0,4-bedroom apartment in Bole available for rent. Floor space of 116 square metres. Comes with a backup generator. Ideal for families or professionals.,54500.0
Kolfe,4,2,124.2,1,0,0,4-bedroom unit in Kolfe for long-term rental. Floor space of 124 square metres. Features a private water tank. Close to schools and markets.,39500.0
Kirkos,5,3,146.8,0,0,0,"Apartment with 5 bedrooms in Kirkos, now available. Floor space of 147 square metres. Well maintained apartment. Close to schools and markets.",61500.0
Addis Ketema,1,1,88.0,1,0,1,1-bedroom unit in Addis Ketema for long-term rental. Floor space of 88 square metres. Features a private water tank. Furnished and ready to move in. Ideal for families or professionals.,26500.0
Bole,5,3,164.0,1,0,1,"Apartment with 5 bedrooms in Bole, now available. About 164 square metres of living space. Features a private water tank. Furnished and ready to move in. Ideal for families or professionals.",83000.0
Nifas Silk,2,1,97.3,1,0,1,"2-bedroom unit in Nifas Silk for long-term rental. 97 square metres, well laid out. Features a private water tank. Furnished and ready to move in. Ideal for families or professionals.",35500.0
Kirkos,4,3,126.8,0,0,1,"Rent a 4-bedroom home located in Kirkos. 127 square metres, well laid out. Furnished and ready to move in. Quiet neighbourhood with good access to transport.",61000.0
Kirkos,5,3,148.6,0,0,0,5-bedroom apartment in Kirkos available for rent. About 149 square metres of living space. Well maintained apartment. Quiet neighbourhood with good access to transport.,62000.0
Lidetta,3,2,90.6,1,0,0,3-bedroom unit in Lidetta for long-term rental. About 91 square metres of living space. Features a private water tank. Ideal for families or professionals.,30000.0
Addis Ketema,1,1,73.4,1,0,0,"Apartment with 1 bedrooms in Addis Ketema, now available. Floor space of 73 square metres. Features a private water tank. Close to schools and markets.",20000.0
Lidetta,2,1,91.9,0,0,0,2-bedroom unit in Lidetta for long-term rental. Floor space of 92 square metres. Well maintained apartment. Quiet neighbourhood with good access to transport.,25000.0
Yeka,3,2,123.4,1,0,0,"3-bedroom apartment in Yeka available for rent. 123 square metres, well laid out. Features a private water tank. Ideal for families or professionals.",43500.0
Yeka,5,3,149.5,0,0,0,5-bedroom unit in Yeka for long-term rental. Floor space of 150 square metres. Well maintained apartment. Close to schools and markets.,54000.0
Nifas Silk,5,3,150.3,0,1,0,"Apartment with 5 bedrooms in Nifas Silk, now available. 150 square metres, well laid out. Comes with a backup generator. Well maintained and secure.",53500.0
Yeka,3,1,110.0,1,0,0,Rent a 3-bedroom home located in Yeka. About 110 square metres of living space. Features a private water tank. Quiet neighbourhood with good access to transport.,39000.0
Gulele,5,3,162.7,0,1,0,"Rent a 5-bedroom home located in Gulele. 163 square metres, well laid out. Comes with a backup generator. Well maintained and secure.",54000.0
Nifas Silk,3,2,90.4,0,1,0,"Apartment with 3 bedrooms in Nifas Silk, now available. About 90 square metres of living space. Comes with a backup generator. Ideal for families or professionals.",33500.0
Arada,3,1,116.8,0,0,0,Rent a 3-bedroom home located in Arada. About 117 square metres of living space. Well maintained apartment. Well maintained and secure.,43000.0
Kolfe,5,3,151.8,1,0,0,Rent a 5-bedroom home located in Kolfe. Floor space of 152 square metres. Features a private water tank. Well maintained and secure.,49000.0
Gulele,4,3,117.3,1,0,0,"4-bedroom apartment in Gulele available for rent. 117 square metres, well laid out. Features a private water tank. Quiet neighbourhood with good access to transport.",40500.0
Bole,3,2,83.0,1,0,0,"Apartment with 3 bedrooms in Bole, now available. 83 square metres, well laid out. Features a private water tank. Quiet neighbourhood with good access to transport.",39000.0
Bole,3,1,106.4,0,0,1,3-bedroom apartment in Bole available for rent. Floor space of 106 square metres. Furnished and ready to move in. Close to schools and markets.,50500.0
Nifas Silk,4,3,147.4,0,0,0,"Apartment with 4 bedrooms in Nifas Silk, now available. Floor space of 147 square metres. Well maintained apartment. Close to schools and markets.",48000.0
Arada,4,2,150.1,0,0,0,"Rent a 4-bedroom home located in Arada. 150 square metres, well laid out. Well maintained apartment. Close to schools and markets.",56000.0
Yeka,3,3,112.3,1,0,0,3-bedroom apartment in Yeka available for rent. Floor space of 112 square metres. Features a private water tank. Quiet neighbourhood with good access to transport.,42000.0
Kirkos,1,1,87.5,0,0,0,1-bedroom apartment in Kirkos available for rent. About 88 square metres of living space. Well maintained apartment. Quiet neighbourhood with good access to transport.,31500.0
Kolfe,1,1,63.5,1,0,0,"1-bedroom apartment in Kolfe available for rent. 64 square metres, well laid out. Features a private water tank. Ideal for families or professionals.",19000.0
Kolfe,1,1,75.4,1,0,0,"Rent a 1-bedroom home located in Kolfe. 75 square metres, well laid out. Features a private water tank. Close to schools and markets.",21500.0
Nifas Silk,3,1,102.6,1,1,1,"Apartment with 3 bedrooms in Nifas Silk, now available. Floor space of 103 square metres. Features a private water tank. Comes with a backup generator. Furnished and ready to move in. Well maintained and secure.",42500.0
Kirkos,4,2,123.8,0,0,0,Rent a 4-bedroom home located in Kirkos. Floor space of 124 square metres. Well maintained apartment. Ideal for families or professionals.,51000.0
Yeka,5,3,143.9,0,1,0,5-bedroom apartment in Yeka available for rent. About 144 square metres of living space. Comes with a backup generator. Well maintained and secure.,55500.0
Arada,2,1,61.3,1,1,1,2-bedroom unit in Arada for long-term rental. Floor space of 61 square metres. Features a private water tank. Comes with a backup generator. Furnished and ready to move in. Quiet neighbourhood with good access to transport.,32500.0
Yeka,4,2,145.4,0,1,0,"Apartment with 4 bedrooms in Yeka, now available. 145 square metres, well laid out. Comes with a backup generator. Well maintained and secure.",52500.0
Nifas Silk,4,2,122.3,1,1,1,4-bedroom apartment in Nifas Silk available for rent. About 122 square metres of living space. Features a private water tank. Comes with a backup generator. Furnished and ready to move in. Well maintained and secure.,51500.0
Gulele,1,1,54.4,0,0,0,1-bedroom unit in Gulele for long-term rental. About 54 square metres of living space. Well maintained apartment. Close to schools and markets.,15500.0
Bole,2,1,71.8,0,0,0,2-bedroom unit in Bole for long-term rental. About 72 square metres of living space. Well maintained apartment. Quiet neighbourhood with good access to transport.,30000.0
Bole,2,1,83.5,1,0,1,2-bedroom apartment in Bole available for rent. Floor space of 84 square metres. Features a private water tank. Furnished and ready to move in. Quiet neighbourhood with good access to transport.,41000.0
Yeka,5,3,173.2,0,0,0,5-bedroom unit in Yeka for long-term rental. About 173 square metres of living space. Well maintained apartment. Well maintained and secure.,60500.0
Akaky Kaliti,5,3,177.1,1,0,0,5-bedroom unit in Akaky Kaliti for long-term rental. About 177 square metres of living space. Features a private water tank. Ideal for families or professionals.,50000.0
Nifas Silk,5,3,132.1,1,1,0,5-bedroom unit in Nifas Silk for long-term rental. About 132 square metres of living space. Features a private water tank. Comes with a backup generator. Ideal for families or professionals.,50500.0
Bole,3,2,103.7,1,0,1,Rent a 3-bedroom home located in Bole. About 104 square metres of living space. Features a private water tank. Furnished and ready to move in. Ideal for families or professionals.,53000.0
Akaky Kaliti,3,2,95.6,1,0,0,Rent a 3-bedroom home located in Akaky Kaliti. Floor space of 96 square metres. Features a private water tank. Close to schools and markets.,29000.0
Arada,2,1,97.9,0,0,1,2-bedroom apartment in Arada available for rent. Floor space of 98 square metres. Furnished and ready to move in. Quiet neighbourhood with good access to transport.,40000.0
Arada,4,2,133.4,1,0,0,4-bedroom unit in Arada for long-term rental. Floor space of 133 square metres. Features a private water tank. Well maintained and secure.,53000.0
Akaky Kaliti,1,1,56.4,1,1,0,1-bedroom apartment in Akaky Kaliti available for rent. Floor space of 56 square metres. Features a private water tank. Comes with a backup generator. Quiet neighbourhood with good access to transport.,18500.0
Bole,2,1,86.9,0,0,0,"Rent a 2-bedroom home located in Bole. 87 square metres, well laid out. Well maintained apartment. Well maintained and secure.",35000.0
Yeka,1,1,58.3,1,0,0,1-bedroom apartment in Yeka available for rent. Floor space of 58 square metres. Features a private water tank. Close to schools and markets.,20500.0
Nifas Silk,3,2,127.4,1,0,0,"3-bedroom apartment in Nifas Silk available for rent. 127 square metres, well laid out. Features a private water tank. Ideal for families or professionals.",41500.0
Yeka,2,1,92.6,0,1,1,"Rent a 2-bedroom home located in Yeka. 93 square metres, well laid out. Comes with a backup generator. Furnished and ready to move in. Well maintained and secure.",37500.0
Gulele,1,1,72.0,1,0,0,Rent a 1-bedroom home located in Gulele. About 72 square metres of living space. Features a private water tank. Quiet neighbourhood with good access to transport.,21500.0
Yeka,2,1,54.0,0,0,0,Rent a 2-bedroom home located in Yeka. About 54 square metres of living space. Well maintained apartment. Close to schools and markets.,20000.0
Bole,5,3,151.2,0,0,0,5-bedroom apartment in Bole available for rent. Floor space of 151 square metres. Well maintained apartment. Close to schools and markets.,66000.0
Yeka,3,2,133.0,0,0,1,Rent a 3-bedroom home located in Yeka. Floor space of 133 square metres. Furnished and ready to move in. Quiet neighbourhood with good access to transport.,51000.0
Kirkos,5,3,167.9,1,0,1,"Apartment with 5 bedrooms in Kirkos, now available. 168 square metres, well laid out. Features a private water tank. Furnished and ready to move in. Close to schools and markets.",80500.0
Bole,5,3,129.8,1,0,0,5-bedroom apartment in Bole available for rent. Floor space of 130 square metres. Features a private water tank. Well maintained and secure.,60500.0
Bole,5,3,148.2,1,0,1,5-bedroom unit in Bole for long-term rental. Floor space of 148 square metres. Features a private water tank. Furnished and ready to move in. Close to schools and markets.,77000.0
Lidetta,2,1,71.6,0,0,0,"2-bedroom apartment in Lidetta available for rent. 72 square metres, well laid out. Well maintained apartment. Ideal for families or professionals.",20500.0
Kirkos,5,3,172.5,0,0,0,"Apartment with 5 bedrooms in Kirkos, now available. Floor space of 172 square metres. Well maintained apartment. Ideal for families or professionals.",70000.0
Kirkos,5,3,154.9,0,0,0,"5-bedroom unit in Kirkos for long-term rental. 155 square metres, well laid out. Well maintained apartment. Close to schools and markets.",64000.0
Bole,5,3,142.8,1,0,0,5-bedroom apartment in Bole available for rent. Floor space of 143 square metres. Features a private water tank. Well maintained and secure.,65000.0
Kirkos,2,1,86.4,0,0,1,2-bedroom unit in Kirkos for long-term rental. Floor space of 86 square metres. Furnished and ready to move in. Well maintained and secure.,38000.0
Yeka,2,1,54.7,0,0,0,"Apartment with 2 bedrooms in Yeka, now available. About 55 square metres of living space. Well maintained apartment. Close to schools and markets.",20000.0
Nifas Silk,3,1,95.0,0,0,0,Rent a 3-bedroom home located in Nifas Silk. Floor space of 95 square metres. Well maintained apartment. Ideal for families or professionals.,30500.0
Yeka,5,3,152.4,1,0,1,5-bedroom apartment in Yeka available for rent. Floor space of 152 square metres. Features a private water tank. Furnished and ready to move in. Well maintained and secure.,65500.0
Lidetta,5,3,162.1,0,0,0,"Rent a 5-bedroom home located in Lidetta. 162 square metres, well laid out. Well maintained apartment. Close to schools and markets.",48500.0
Akaky Kaliti,3,1,84.7,1,0,0,"Apartment with 3 bedrooms in Akaky Kaliti, now available. 85 square metres, well laid out. Features a private water tank. Close to schools and markets.",25500.0
Bole,1,2,59.4,1,0,1,"Apartment with 1 bedrooms in Bole, now available. 59 square metres, well laid out. Features a private water tank. Furnished and ready to move in. Well maintained and secure.",30500.0
Bole,3,2,120.1,0,0,0,3-bedroom unit in Bole for long-term rental. About 120 square metres of living space. Well maintained apartment. Ideal for families or professionals.,50000.0
Bole,4,3,112.6,0,0,1,4-bedroom unit in Bole for long-term rental. Floor space of 113 square metres. Furnished and ready to move in. Quiet neighbourhood with good access to transport.,58500.0
Nifas Silk,3,2,110.8,1,0,0,3-bedroom unit in Nifas Silk for long-term rental. Floor space of 111 square metres. Features a private water tank. Close to schools and markets.,37500.0
Bole,2,1,86.8,0,1,0,2-bedroom apartment in Bole available for rent. About 87 square metres of living space. Comes with a backup generator. Well maintained and secure.,37500.0
Lidetta,2,1,106.6,0,0,0,2-bedroom apartment in Lidetta available for rent. Floor space of 107 square metres. Well maintained apartment. Ideal for families or professionals.,28000.0
Kolfe,1,1,61.2,1,0,0,"1-bedroom apartment in Kolfe available for rent. 61 square metres, well laid out. Features a private water tank. Quiet neighbourhood with good access to transport.",18500.0
Kolfe,2,2,83.9,0,0,0,2-bedroom unit in Kolfe for long-term rental. About 84 square metres of living space. Well maintained apartment. Well maintained and secure.,25000.0
Arada,4,3,140.3,0,0,0,4-bedroom unit in Arada for long-term rental. About 140 square metres of living space. Well maintained apartment. Close to schools and markets.,54500.0
Addis Ketema,2,1,70.1,1,0,0,"Rent a 2-bedroom home located in Addis Ketema. 70 square metres, well laid out. Features a private water tank. Close to schools and markets.",22000.0
Bole,5,3,149.3,0,0,0,5-bedroom apartment in Bole available for rent. Floor space of 149 square metres. Well maintained apartment. Close to schools and markets.,65500.0
Kirkos,1,1,58.5,0,1,1,1-bedroom apartment in Kirkos available for rent. About 58 square metres of living space. Comes with a backup generator. Furnished and ready to move in. Ideal for families or professionals.,28500.0
Kirkos,3,1,106.3,1,1,1,"Apartment with 3 bedrooms in Kirkos, now available. 106 square metres, well laid out. Features a private water tank. Comes with a backup generator. Furnished and ready to move in. Well maintained and secure.",53000.0
Akaky Kaliti,3,2,118.2,1,1,1,"Rent a 3-bedroom home located in Akaky Kaliti. 118 square metres, well laid out. Features a private water tank. Comes with a backup generator. Furnished and ready to move in. Quiet neighbourhood with good access to transport.",41000.0
Nifas Silk,5,2,158.6,1,0,1,5-bedroom unit in Nifas Silk for long-term rental. About 159 square metres of living space. Features a private water tank. Furnished and ready to move in. Ideal for families or professionals.,61500.0
Kolfe,5,2,143.0,1,0,0,5-bedroom unit in Kolfe for long-term rental. Floor space of 143 square metres. Features a private water tank. Ideal for families or professionals.,46000.0
Bole,3,2,109.6,0,0,1,Rent a 3-bedroom home located in Bole. Floor space of 110 square metres. Furnished and ready to move in. Close to schools and markets.,53000.0
Addis Ketema,4,2,147.9,0,1,0,4-bedroom apartment in Addis Ketema available for rent. About 148 square metres of living space. Comes with a backup generator. Ideal for families or professionals.,44000.0
Arada,4,2,120.0,0,0,0,"Rent a 4-bedroom home located in Arada. 120 square metres, well laid out. Well maintained apartment. Quiet neighbourhood with good access to transport.",47000.0
Arada,3,2,109.7,0,1,1,"3-bedroom unit in Arada for long-term rental. 110 square metres, well laid out. Comes with a backup generator. Furnished and ready to move in. Ideal for families or professionals.",51000.0
Addis Ketema,1,1,61.7,1,0,0,"1-bedroom unit in Addis Ketema for long-term rental. 62 square metres, well laid out. Features a private water tank. Close to schools and markets.",18000.0
Kirkos,3,2,107.2,0,0,0,Rent a 3-bedroom home located in Kirkos. About 107 square metres of living space. Well maintained apartment. Close to schools and markets.,43500.0
Kirkos,2,1,66.4,1,1,0,Rent a 2-bedroom home located in Kirkos. About 66 square metres of living space. Features a private water tank. Comes with a backup generator. Well maintained and secure.,31000.0
Nifas Silk,3,2,124.9,1,0,0,"Rent a 3-bedroom home located in Nifas Silk. 125 square metres, well laid out. Features a private water tank. Close to schools and markets.",41000.0
Bole,4,3,120.7,1,0,0,"4-bedroom apartment in Bole available for rent. 121 square metres, well laid out. Features a private water tank. Close to schools and markets.",55000.0
Kirkos,2,2,98.3,0,0,0,2-bedroom unit in Kirkos for long-term rental. About 98 square metres of living space. Well maintained apartment. Well maintained and secure.,38500.0
Yeka,2,1,78.5,0,0,1,"2-bedroom unit in Yeka for long-term rental. 78 square metres, well laid out. Furnished and ready to move in. Ideal for families or professionals.",30500.0
Bole,5,3,144.5,0,0,0,"Apartment with 5 bedrooms in Bole, now available. Floor space of 144 square metres. Well maintained apartment. Ideal for families or professionals.",63500.0
Lidetta,2,1,100.6,0,1,0,"Apartment with 2 bedrooms in Lidetta, now available. Floor space of 101 square metres. Comes with a backup generator. Quiet neighbourhood with good access to transport.",29500.0
Nifas Silk,1,1,75.9,1,1,0,"Apartment with 1 bedrooms in Nifas Silk, now available. About 76 square metres of living space. Features a private water tank. Comes with a backup generator. Well maintained and secure.",26000.0
Kirkos,4,2,132.5,0,0,0,"Rent a 4-bedroom home located in Kirkos. 132 square metres, well laid out. Well maintained apartment. Close to schools and markets.",53500.0
Kirkos,4,2,139.1,0,0,0,"Rent a 4-bedroom home located in Kirkos. 139 square metres, well laid out. Well maintained apartment. Quiet neighbourhood with good access to transport.",55500.0
Kirkos,5,3,148.5,0,0,0,5-bedroom unit in Kirkos for long-term rental. About 148 square metres of living space. Well maintained apartment. Close to schools and markets.,62000.0
Nifas Silk,4,3,129.9,0,0,1,4-bedroom unit in Nifas Silk for long-term rental. About 130 square metres of living space. Furnished and ready to move in. Quiet neighbourhood with good access to transport.,50000.0
Akaky Kaliti,5,3,144.1,1,0,1,"Apartment with 5 bedrooms in Akaky Kaliti, now available. 144 square metres, well laid out. Features a private water tank. Furnished and ready to move in. Well maintained and secure.",50500.0
Akaky Kaliti,3,2,118.8,1,0,0,3-bedroom apartment in Akaky Kaliti available for rent. Floor space of 119 square metres. Features a private water tank. Ideal for families or professionals.,33500.0
Kirkos,2,1,77.7,0,1,1,"2-bedroom unit in Kirkos for long-term rental. 78 square metres, well laid out. Comes with a backup generator. Furnished and ready to move in. Close to schools and markets.",38000.0
Kirkos,5,3,169.8,0,0,0,Rent a 5-bedroom home located in Kirkos. About 170 square metres of living space. Well maintained apartment. Close to schools and markets.,69000.0
Arada,2,1,82.2,0,0,1,2-bedroom apartment in Arada available for rent. About 82 square metres of living space. Furnished and ready to move in. Quiet neighbourhood with good access to transport.,35000.0
Nifas Silk,2,3,86.2,0,0,0,"Apartment with 2 bedrooms in Nifas Silk, now available. About 86 square metres of living space. Well maintained apartment. Well maintained and secure.",28500.0
Arada,5,3,161.1,0,0,0,"5-bedroom apartment in Arada available for rent. 161 square metres, well laid out. Well maintained apartment. Ideal for families or professionals.",63000.0
Nifas Silk,5,3,152.3,1,1,0,"5-bedroom apartment in Nifas Silk available for rent. 152 square metres, well laid out. Features a private water tank. Comes with a backup generator. Ideal for families or professionals.",55500.0
Arada,2,1,82.4,0,0,0,Rent a 2-bedroom home located in Arada. Floor space of 82 square metres. Well maintained apartment. Close to schools and markets.,30500.0
Kirkos,4,3,129.6,0,0,0,4-bedroom unit in Kirkos for long-term rental. Floor space of 130 square metres. Well maintained apartment. Close to schools and markets.,54000.0
Kirkos,5,3,162.7,0,0,0,"5-bedroom apartment in Kirkos available for rent. 163 square metres, well laid out. Well maintained apartment. Close to schools and markets.",66500.0
Kirkos,4,2,122.0,0,0,0,"Apartment with 4 bedrooms in Kirkos, now available. Floor space of 122 square metres. Well maintained apartment. Well maintained and secure.",50000.0
Bole,1,1,62.5,1,0,0,"1-bedroom apartment in Bole available for rent. 62 square metres, well laid out. Features a private water tank. Well maintained and secure.",26500.0
Bole,4,3,130.1,0,0,1,4-bedroom unit in Bole for long-term rental. About 130 square metres of living space. Furnished and ready to move in. Close to schools and markets.,65000.0
Gulele,1,1,74.4,0,0,0,"Rent a 1-bedroom home located in Gulele. 74 square metres, well laid out. Well maintained apartment. Close to schools and markets.",20000.0
Kirkos,5,3,150.8,0,0,0,"5-bedroom unit in Kirkos for long-term rental. 151 square metres, well laid out. Well maintained apartment. Quiet neighbourhood with good access to transport.",63000.0
Yeka,1,1,85.7,0,0,0,Rent a 1-bedroom home located in Yeka. About 86 square metres of living space. Well maintained apartment. Well maintained and secure.,26000.0
Nifas Silk,5,3,150.1,1,1,0,"5-bedroom unit in Nifas Silk for long-term rental. 150 square metres, well laid out. Features a private water tank. Comes with a backup generator. Well maintained and secure.",55000.0
Kolfe,1,1,61.1,1,1,0,1-bedroom unit in Kolfe for long-term rental. About 61 square metres of living space. Features a private water tank. Comes with a backup generator. Well maintained and secure.,21000.0
Yeka,3,2,105.9,1,0,0,"Apartment with 3 bedrooms in Yeka, now available. About 106 square metres of living space. Features a private water tank. Well maintained and secure.",39000.0
Kolfe,2,1,70.2,1,1,0,"2-bedroom unit in Kolfe for long-term rental. 70 square metres, well laid out. Features a private water tank. Comes with a backup generator. Close to schools and markets.",25000.0
Akaky Kaliti,5,3,139.6,0,0,0,5-bedroom unit in Akaky Kaliti for long-term rental. Floor space of 140 square metres. Well maintained apartment. Quiet neighbourhood with good access to transport.,41000.0
Nifas Silk,2,1,79.6,0,0,0,2-bedroom unit in Nifas Silk for long-term rental. Floor space of 80 square metres. Well maintained apartment. Well maintained and secure.,24500.0
Gulele,4,2,143.6,0,1,1,"4-bedroom apartment in Gulele available for rent. 144 square metres, well laid out. Comes with a backup generator. Furnished and ready to move in. Close to schools and markets.",53000.0
Bole,1,1,63.6,0,1,0,1-bedroom unit in Bole for long-term rental. About 64 square metres of living space. Comes with a backup generator. Close to schools and markets.,27500.0
Akaky Kaliti,3,1,102.2,1,0,0,"Apartment with 3 bedrooms in Akaky Kaliti, now available. About 102 square metres of living space. Features a private water tank. Well maintained and secure.",29000.0
Kirkos,5,3,166.7,1,0,1,Rent a 5-bedroom home located in Kirkos. Floor space of 167 square metres. Features a private water tank. Furnished and ready to move in. Quiet neighbourhood with good access to transport.,80000.0
Akaky Kaliti,5,3,170.6,0,1,0,"Apartment with 5 bedrooms in Akaky Kaliti, now available. 171 square metres, well laid out. Comes with a backup generator. Well maintained and secure.",49500.0
Nifas Silk,2,1,101.1,0,0,0,2-bedroom unit in Nifas Silk for long-term rental. Floor space of 101 square metres. Well maintained apartment. Well maintained and secure.,30000.0
Bole,2,1,75.8,0,0,1,"2-bedroom apartment in Bole available for rent. 76 square metres, well laid out. Furnished and ready to move in. Ideal for families or professionals.",36000.0
Bole,3,2,102.1,0,0,1,"Apartment with 3 bedrooms in Bole, now available. Floor space of 102 square metres. Furnished and ready to move in. Close to schools and markets.",50500.0
Gulele,3,2,129.8,1,0,1,Rent a 3-bedroom home located in Gulele. Floor space of 130 square metres. Features a private water tank. Furnished and ready to move in. Close to schools and markets.,46000.0
Nifas Silk,3,2,110.9,0,1,0,"Apartment with 3 bedrooms in Nifas Silk, now available. About 111 square metres of living space. Comes with a backup generator. Ideal for families or professionals.",38000.0
Bole,1,1,60.8,1,0,0,"1-bedroom unit in Bole for long-term rental. 61 square metres, well laid out. Features a private water tank. Quiet neighbourhood with good access to transport.",26000.0
Gulele,4,2,138.6,0,0,0,"Rent a 4-bedroom home located in Gulele. 139 square metres, well laid out. Well maintained apartment. Quiet neighbourhood with good access to transport.",42500.0
Lidetta,2,1,98.1,0,0,0,2-bedroom apartment in Lidetta available for rent. About 98 square metres of living space. Well maintained apartment. Well maintained and secure.,26000.0
Arada,2,1,79.1,1,1,1,Rent a 2-bedroom home located in Arada. About 79 square metres of living space. Features a private water tank. Comes with a backup generator. Furnished and ready to move in. Quiet neighbourhood with good access to transport.,39000.0
Arada,5,3,154.6,1,0,0,"Apartment with 5 bedrooms in Arada, now available. 155 square metres, well laid out. Features a private water tank. Quiet neighbourhood with good access to transport.",63000.0
Bole,4,3,141.1,0,0,1,"Apartment with 4 bedrooms in Bole, now available. 141 square metres, well laid out. Furnished and ready to move in. Well maintained and secure.",69500.0
Kolfe,2,1,72.1,1,0,0,"Apartment with 2 bedrooms in Kolfe, now available. About 72 square metres of living space. Features a private water tank. Close to schools and markets.",23000.0
Kirkos,5,3,152.1,0,0,0,"5-bedroom unit in Kirkos for long-term rental. 152 square metres, well laid out. Well maintained apartment. Close to schools and markets.",63500.0
Lidetta,2,2,72.6,0,0,0,"Apartment with 2 bedrooms in Lidetta, now available. Floor space of 73 square metres. Well maintained apartment. Close to schools and markets.",22000.0
Kirkos,3,2,96.2,0,0,1,3-bedroom apartment in Kirkos available for rent. About 96 square metres of living space. Furnished and ready to move in. Quiet neighbourhood with good access to transport.,46000.0
Nifas Silk,2,1,79.2,0,0,1,"Apartment with 2 bedrooms in Nifas Silk, now available. About 79 square metres of living space. Furnished and ready to move in. Ideal for families or professionals.",28500.0
Yeka,1,1,69.7,0,0,0,"Rent a 1-bedroom home located in Yeka. 70 square metres, well laid out. Well maintained apartment. Well maintained and secure.",22000.0
Bole,3,2,104.1,1,0,0,"3-bedroom apartment in Bole available for rent. 104 square metres, well laid out. Features a private water tank. Ideal for families or professionals.",46000.0
Kolfe,3,2,100.2,0,1,0,3-bedroom apartment in Kolfe available for rent. Floor space of 100 square metres. Comes with a backup generator. Ideal for families or professionals.,33000.0
Arada,5,3,152.6,0,0,0,"Rent a 5-bedroom home located in Arada. 153 square metres, well laid out. Well maintained apartment. Quiet neighbourhood with good access to transport.",60500.0
Arada,2,1,72.2,0,0,0,2-bedroom unit in Arada for long-term rental. Floor space of 72 square metres. Well maintained apartment. Close to schools and markets.,27500.0
Addis Ketema,5,3,157.1,1,0,0,"5-bedroom unit in Addis Ketema for long-term rental. 157 square metres, well laid out. Features a private water tank. Quiet neighbourhood with good access to transport.",48500.0
Addis Ketema,4,3,143.6,0,0,0,4-bedroom unit in Addis Ketema for long-term rental. Floor space of 144 square metres. Well maintained apartment. Close to schools and markets.,42000.0
Lidetta,1,1,63.0,1,1,1,1-bedroom unit in Lidetta for long-term rental. Floor space of 63 square metres. Features a private water tank. Comes with a backup generator. Furnished and ready to move in. Close to schools and markets.,24000.0
Yeka,4,2,127.6,1,0,0,"Apartment with 4 bedrooms in Yeka, now available. About 128 square metres of living space. Features a private water tank. Close to schools and markets.",47000.0
Nifas Silk,3,1,112.5,0,1,0,"Apartment with 3 bedrooms in Nifas Silk, now available. About 112 square metres of living space. Comes with a backup generator. Quiet neighbourhood with good access to transport.",37500.0
Lidetta,2,1,61.7,1,1,0,"Apartment with 2 bedrooms in Lidetta, now available. 62 square metres, well laid out. Features a private water tank. Comes with a backup generator. Well maintained and secure.",23000.0
Kirkos,3,2,114.4,0,0,0,Rent a 3-bedroom home located in Kirkos. About 114 square metres of living space. Well maintained apartment. Ideal for families or professionals.,45500.0
Bole,2,2,123.2,0,0,1,Rent a 2-bedroom home located in Bole. About 123 square metres of living space. Furnished and ready to move in. Quiet neighbourhood with good access to transport.,56000.0
Kolfe,4,3,128.5,1,0,0,"Apartment with 4 bedrooms in Kolfe, now available. About 128 square metres of living space. Features a private water tank. Quiet neighbourhood with good access to transport.",42000.0
Arada,3,2,106.6,1,0,0,"Rent a 3-bedroom home located in Arada. 107 square metres, well laid out. Features a private water tank. Well maintained and secure.",43000.0
Nifas Silk,3,2,116.9,0,1,0,Rent a 3-bedroom home located in Nifas Silk. Floor space of 117 square metres. Comes with a backup generator. Well maintained and secure.,39500.0
Addis Ketema,2,1,105.7,1,0,0,"Rent a 2-bedroom home located in Addis Ketema. 106 square metres, well laid out. Features a private water tank. Well maintained and secure.",29000.0
Nifas Silk,2,1,97.7,1,0,0,"2-bedroom apartment in Nifas Silk available for rent. 98 square metres, well laid out. Features a private water tank. Quiet neighbourhood with good access to transport.",31000.0
Kirkos,3,1,82.1,0,0,1,3-bedroom apartment in Kirkos available for rent. Floor space of 82 square metres. Furnished and ready to move in. Ideal for families or professionals.,39000.0
Kirkos,3,2,114.8,0,0,0,"3-bedroom unit in Kirkos for long-term rental. 115 square metres, well laid out. Well maintained apartment. Quiet neighbourhood with good access to transport.",45500.0
Kirkos,2,1,116.9,0,0,0,"Rent a 2-bedroom home located in Kirkos. 117 square metres, well laid out. Well maintained apartment. Well maintained and secure.",43000.0
Bole,3,2,115.5,0,0,1,"Apartment with 3 bedrooms in Bole, now available. Floor space of 116 square metres. Furnished and ready to move in. Well maintained and secure.",55500.0
Kolfe,2,1,72.1,0,0,0,2-bedroom apartment in Kolfe available for rent. Floor space of 72 square metres. Well maintained apartment. Well maintained and secure.,21000.0
Lidetta,3,2,111.4,0,0,0,"3-bedroom apartment in Lidetta available for rent. 111 square metres, well laid out. Well maintained apartment. Quiet neighbourhood with good access to transport.",32500.0
Yeka,1,1,48.6,0,1,1,"1-bedroom apartment in Yeka available for rent. 49 square metres, well laid out. Comes with a backup generator. Furnished and ready to move in. Ideal for families or professionals.",21500.0
Yeka,3,2,122.8,0,0,1,Rent a 3-bedroom home located in Yeka. Floor space of 123 square metres. Furnished and ready to move in. Well maintained and secure.,48000.0
Lidetta,4,2,118.5,0,0,0,"Apartment with 4 bedrooms in Lidetta, now available. 118 square metres, well laid out. Well maintained apartment. Well maintained and secure.",36000.0
Bole,5,3,152.9,0,0,0,5-bedroom apartment in Bole available for rent. About 153 square metres of living space. Well maintained apartment. Ideal for families or professionals.,66500.0
Arada,4,3,119.7,0,0,1,Rent a 4-bedroom home located in Arada. Floor space of 120 square metres. Furnished and ready to move in. Quiet neighbourhood with good access to transport.,55500.0
Arada,4,2,123.4,0,0,1,4-bedroom apartment in Arada available for rent. About 123 square metres of living space. Furnished and ready to move in. Close to schools and markets.,55500.0
Gulele,1,1,81.8,1,0,0,"Rent a 1-bedroom home located in Gulele. 82 square metres, well laid out. Features a private water tank. Ideal for families or professionals.",23500.0
Bole,2,1,87.2,0,0,1,Rent a 2-bedroom home located in Bole. Floor space of 87 square metres. Furnished and ready to move in. Close to schools and markets.,40500.0
Gulele,4,3,123.3,1,1,0,"Apartment with 4 bedrooms in Gulele, now available. About 123 square metres of living space. Features a private water tank. Comes with a backup generator. Ideal for families or professionals.",44500.0
Kirkos,5,3,138.3,0,0,1,5-bedroom unit in Kirkos for long-term rental. About 138 square metres of living space. Furnished and ready to move in. Close to schools and markets.,67500.0
Nifas Silk,3,2,85.5,1,0,0,3-bedroom unit in Nifas Silk for long-term rental. About 86 square metres of living space. Features a private water tank. Well maintained and secure.,31500.0
Bole,5,3,137.0,1,0,1,"Apartment with 5 bedrooms in Bole, now available. 137 square metres, well laid out. Features a private water tank. Furnished and ready to move in. Close to schools and markets.",72500.0
Arada,2,1,87.3,1,0,0,2-bedroom apartment in Arada available for rent. About 87 square metres of living space. Features a private water tank. Close to schools and markets.,33500.0
Arada,1,1,75.8,1,1,0,Rent a 1-bedroom home located in Arada. About 76 square metres of living space. Features a private water tank. Comes with a backup generator. Well maintained and secure.,30500.0
Yeka,1,1,57.3,0,0,0,1-bedroom apartment in Yeka available for rent. About 57 square metres of living space. Well maintained apartment. Close to schools and markets.,18500.0
Bole,3,2,126.8,0,0,0,"3-bedroom apartment in Bole available for rent. 127 square metres, well laid out. Well maintained apartment. Quiet neighbourhood with good access to transport.",52000.0
Yeka,4,3,121.4,1,1,0,"4-bedroom apartment in Yeka available for rent. 121 square metres, well laid out. Features a private water tank. Comes with a backup generator. Quiet neighbourhood with good access to transport.",49000.0
Kirkos,2,1,83.1,0,0,0,Rent a 2-bedroom home located in Kirkos. Floor space of 83 square metres. Well maintained apartment. Well maintained and secure.,32000.0
Bole,4,2,117.0,1,0,0,Rent a 4-bedroom home located in Bole. About 117 square metres of living space. Features a private water tank. Quiet neighbourhood with good access to transport.,53000.0
Akaky Kaliti,4,2,141.9,1,1,0,4-bedroom apartment in Akaky Kaliti available for rent. About 142 square metres of living space. Features a private water tank. Comes with a backup generator. Well maintained and secure.,42500.0
Kirkos,2,1,111.2,0,0,1,Rent a 2-bedroom home located in Kirkos. About 111 square metres of living space. Furnished and ready to move in. Ideal for families or professionals.,47500.0
Kolfe,2,1,64.9,1,0,0,"Apartment with 2 bedrooms in Kolfe, now available. About 65 square metres of living space. Features a private water tank. Ideal for families or professionals.",21500.0
Addis Ketema,4,3,125.8,0,1,0,"Apartment with 4 bedrooms in Addis Ketema, now available. 126 square metres, well laid out. Comes with a backup generator. Well maintained and secure.",41000.0
Bole,4,3,145.2,0,0,0,Rent a 4-bedroom home located in Bole. Floor space of 145 square metres. Well maintained apartment. Close to schools and markets.,62000.0
Nifas Silk,1,1,46.6,0,1,1,1-bedroom unit in Nifas Silk for long-term rental. About 47 square metres of living space. Comes with a backup generator. Furnished and ready to move in. Close to schools and markets.,20000.0
Lidetta,2,1,92.8,1,1,0,"2-bedroom unit in Lidetta for long-term rental. 93 square metres, well laid out. Features a private water tank. Comes with a backup generator. Ideal for families or professionals.",29500.0
Nifas Silk,3,2,122.7,0,0,0,"Apartment with 3 bedrooms in Nifas Silk, now available. About 123 square metres of living space. Well maintained apartment. Quiet neighbourhood with good access to transport.",38500.0
Kirkos,3,2,108.9,0,0,1,"Apartment with 3 bedrooms in Kirkos, now available. About 109 square metres of living space. Furnished and ready to move in. Quiet neighbourhood with good access to transport.",50500.0
Kirkos,1,1,70.6,1,0,1,Rent a 1-bedroom home located in Kirkos. Floor space of 71 square metres. Features a private water tank. Furnished and ready to move in. Quiet neighbourhood with good access to transport.,32000.0
Bole,5,3,173.1,0,0,1,"5-bedroom unit in Bole for long-term rental. 173 square metres, well laid out. Furnished and ready to move in. Close to schools and markets.",84500.0
Arada,2,1,109.4,0,0,0,2-bedroom unit in Arada for long-term rental. Floor space of 109 square metres. Well maintained apartment. Ideal for families or professionals.,38500.0
Addis Ketema,2,1,85.3,0,0,0,2-bedroom unit in Addis Ketema for long-term rental. Floor space of 85 square metres. Well maintained apartment. Ideal for families or professionals.,23000.0
Addis Ketema,1,1,57.6,0,0,0,Rent a 1-bedroom home located in Addis Ketema. About 58 square metres of living space. Well maintained apartment. Close to schools and markets.,15000.0
Bole,5,3,141.0,0,0,0,"5-bedroom unit in Bole for long-term rental. 141 square metres, well laid out. Well maintained apartment. Quiet neighbourhood with good access to transport.",62500.0
Gulele,2,2,97.7,1,0,0,2-bedroom unit in Gulele for long-term rental. About 98 square metres of living space. Features a private water tank. Quiet neighbourhood with good access to transport.,30500.0
Yeka,5,3,135.5,0,0,0,5-bedroom apartment in Yeka available for rent. About 136 square metres of living space. Well maintained apartment. Ideal for families or professionals.,50500.0
Akaky Kaliti,3,2,105.0,1,0,0,3-bedroom unit in Akaky Kaliti for long-term rental. About 105 square metres of living space. Features a private water tank. Close to schools and markets.,31000.0
Bole,5,2,153.2,1,0,1,Rent a 5-bedroom home located in Bole. Floor space of 153 square metres. Features a private water tank. Furnished and ready to move in. Well maintained and secure.,77500.0
Akaky Kaliti,1,1,58.0,1,1,0,"1-bedroom unit in Akaky Kaliti for long-term rental. 58 square metres, well laid out. Features a private water tank. Comes with a backup generator. Close to schools and markets.",19000.0
Lidetta,1,1,67.4,0,1,1,1-bedroom unit in Lidetta for long-term rental. About 67 square metres of living space. Comes with a backup generator. Furnished and ready to move in. Quiet neighbourhood with good access to transport.,23000.0
Bole,5,3,182.8,1,0,1,Rent a 5-bedroom home located in Bole. About 183 square metres of living space. Features a private water tank. Furnished and ready to move in. Ideal for families or professionals.,90500.0
Bole,5,3,150.5,0,0,0,"Apartment with 5 bedrooms in Bole, now available. About 150 square metres of living space. Well maintained apartment. Quiet neighbourhood with good access to transport.",66000.0
Lidetta,3,2,102.8,0,0,0,3-bedroom unit in Lidetta for long-term rental. Floor space of 103 square metres. Well maintained apartment. Close to schools and markets.,30500.0
Bole,1,1,76.2,0,0,1,"Apartment with 1 bedrooms in Bole, now available. Floor space of 76 square metres. Furnished and ready to move in. Close to schools and markets.",33500.0
Arada,5,2,154.9,0,0,0,Rent a 5-bedroom home located in Arada. About 155 square metres of living space. Well maintained apartment. Close to schools and markets.,60000.0
Akaky Kaliti,2,2,103.3,1,1,0,"Apartment with 2 bedrooms in Akaky Kaliti, now available. About 103 square metres of living space. Features a private water tank. Comes with a backup generator. Well maintained and secure.",31000.0
Nifas Silk,5,3,154.0,0,1,0,"Rent a 5-bedroom home located in Nifas Silk. 154 square metres, well laid out. Comes with a backup generator. Well maintained and secure.",54000.0
Kirkos,5,3,149.0,0,0,0,"Rent a 5-bedroom home located in Kirkos. 149 square metres, well laid out. Well maintained apartment. Close to schools and markets.",62500.0
Kirkos,5,3,130.6,1,0,1,"Rent a 5-bedroom home located in Kirkos. 131 square metres, well laid out. Features a private water tank. Furnished and ready to move in. Quiet neighbourhood with good access to transport.",67000.0
Bole,4,3,110.6,0,0,1,"4-bedroom apartment in Bole available for rent. 111 square metres, well laid out. Furnished and ready to move in. Well maintained and secure.",57500.0
Addis Ketema,4,2,108.0,1,1,0,"4-bedroom apartment in Addis Ketema available for rent. 108 square metres, well laid out. Features a private water tank. Comes with a backup generator. Ideal for families or professionals.",37500.0
Yeka,3,2,112.6,0,0,0,Rent a 3-bedroom home located in Yeka. Floor space of 113 square metres. Well maintained apartment. Ideal for families or professionals.,39000.0
Yeka,1,1,47.7,1,0,0,1-bedroom unit in Yeka for long-term rental. Floor space of 48 square metres. Features a private water tank. Ideal for families or professionals.,18000.0
Yeka,2,1,101.1,0,1,0,2-bedroom unit in Yeka for long-term rental. Floor space of 101 square metres. Comes with a backup generator. Quiet neighbourhood with good access to transport.,35000.0
Addis Ketema,4,2,130.4,0,1,0,"Apartment with 4 bedrooms in Addis Ketema, now available. Floor space of 130 square metres. Comes with a backup generator. Well maintained and secure.",40500.0
Bole,5,2,149.1,1,0,1,5-bedroom apartment in Bole available for rent. Floor space of 149 square metres. Features a private water tank. Furnished and ready to move in. Well maintained and secure.,76000.0
Lidetta,3,2,97.9,0,0,1,"Apartment with 3 bedrooms in Lidetta, now available. 98 square metres, well laid out. Furnished and ready to move in. Close to schools and markets.",34000.0
Gulele,4,2,137.5,1,0,0,"Apartment with 4 bedrooms in Gulele, now available. Floor space of 138 square metres. Features a private water tank. Well maintained and secure.",44000.0
Lidetta,1,1,54.3,0,0,0,Rent a 1-bedroom home located in Lidetta. About 54 square metres of living space. Well maintained apartment. Well maintained and secure.,15000.0
Addis Ketema,3,2,96.2,1,0,0,"Rent a 3-bedroom home located in Addis Ketema. 96 square metres, well laid out. Features a private water tank. Well maintained and secure.",30500.0
Lidetta,3,2,122.3,0,1,0,3-bedroom unit in Lidetta for long-term rental. About 122 square metres of living space. Comes with a backup generator. Ideal for families or professionals.,37500.0
Akaky Kaliti,5,3,156.3,1,0,0,5-bedroom unit in Akaky Kaliti for long-term rental. Floor space of 156 square metres. Features a private water tank. Well maintained and secure.,46000.0
Bole,2,1,83.2,1,0,0,"Apartment with 2 bedrooms in Bole, now available. 83 square metres, well laid out. Features a private water tank. Quiet neighbourhood with good access to transport.",35500.0
Kolfe,2,1,93.7,0,0,0,Rent a 2-bedroom home located in Kolfe. Floor space of 94 square metres. Well maintained apartment. Well maintained and secure.,25500.0
Arada,2,1,86.1,0,0,0,2-bedroom unit in Arada for long-term rental. About 86 square metres of living space. Well maintained apartment. Quiet neighbourhood with good access to transport.,31500.0
Arada,1,1,68.6,0,0,1,1-bedroom unit in Arada for long-term rental. Floor space of 69 square metres. Furnished and ready to move in. Well maintained and secure.,27500.0
Akaky Kaliti,3,1,98.2,1,1,0,3-bedroom apartment in Akaky Kaliti available for rent. Floor space of 98 square metres. Features a private water tank. Comes with a backup generator. Ideal for families or professionals.,31000.0
Addis Ketema,4,2,154.8,1,0,0,"Apartment with 4 bedrooms in Addis Ketema, now available. About 155 square metres of living space. Features a private water tank. Ideal for families or professionals.",44500.0
Gulele,5,2,145.0,0,0,1,"Apartment with 5 bedrooms in Gulele, now available. Floor space of 145 square metres. Furnished and ready to move in. Close to schools and markets.",53000.0
Arada,5,3,170.7,1,1,0,5-bedroom unit in Arada for long-term rental. About 171 square metres of living space. Features a private water tank. Comes with a backup generator. Quiet neighbourhood with good access to transport.,70000.0
Arada,1,1,61.7,1,0,0,"Rent a 1-bedroom home located in Arada. 62 square metres, well laid out. Features a private water tank. Ideal for families or professionals.",23500.0
Kirkos,2,2,95.7,0,0,0,2-bedroom unit in Kirkos for long-term rental. About 96 square metres of living space. Well maintained apartment. Close to schools and markets.,37500.0
Kirkos,2,1,94.8,0,0,1,"2-bedroom apartment in Kirkos available for rent. 95 square metres, well laid out. Furnished and ready to move in. Close to schools and markets.",41500.0
Kirkos,2,1,99.8,1,0,0,Rent a 2-bedroom home located in Kirkos. About 100 square metres of living space. Features a private water tank. Well maintained and secure.,39500.0
Bole,5,3,141.9,1,0,1,"Apartment with 5 bedrooms in Bole, now available. About 142 square metres of living space. Features a private water tank. Furnished and ready to move in. Quiet neighbourhood with good access to transport.",74500.0
Bole,1,1,76.9,0,0,0,"1-bedroom unit in Bole for long-term rental. 77 square metres, well laid out. Well maintained apartment. Quiet neighbourhood with good access to transport.",29500.0
Kolfe,1,1,86.2,1,0,0,"1-bedroom unit in Kolfe for long-term rental. 86 square metres, well laid out. Features a private water tank. Close to schools and markets.",23500.0
Kirkos,5,3,148.9,1,0,0,"5-bedroom apartment in Kirkos available for rent. 149 square metres, well laid out. Features a private water tank. Quiet neighbourhood with good access to transport.",64000.0
Akaky Kaliti,5,3,152.4,1,0,0,5-bedroom apartment in Akaky Kaliti available for rent. About 152 square metres of living space. Features a private water tank. Ideal for families or professionals.,45500.0
Nifas Silk,2,1,79.7,1,0,0,"Apartment with 2 bedrooms in Nifas Silk, now available. About 80 square metres of living space. Features a private water tank. Quiet neighbourhood with good access to transport.",26500.0
Bole,2,2,81.8,0,0,1,Rent a 2-bedroom home located in Bole. About 82 square metres of living space. Furnished and ready to move in. Close to schools and markets.,40000.0
Bole,3,2,128.5,0,0,0,3-bedroom apartment in Bole available for rent. About 128 square metres of living space. Well maintained apartment. Ideal for families or professionals.,52500.0
Yeka,3,2,95.9,1,1,0,"3-bedroom apartment in Yeka available for rent. 96 square metres, well laid out. Features a private water tank. Comes with a backup generator. Quiet neighbourhood with good access to transport.",39000.0
Addis Ketema,5,3,140.7,1,0,0,Rent a 5-bedroom home located in Addis Ketema. Floor space of 141 square metres. Features a private water tank. Ideal for families or professionals.,45000.0
Yeka,3,2,127.3,0,0,0,Rent a 3-bedroom home located in Yeka. About 127 square metres of living space. Well maintained apartment. Ideal for families or professionals.,42500.0
Arada,1,1,71.5,0,0,1,1-bedroom apartment in Arada available for rent. Floor space of 72 square metres. Furnished and ready to move in. Ideal for families or professionals.,28500.0
Akaky Kaliti,3,2,133.4,1,0,1,Rent a 3-bedroom home located in Akaky Kaliti. About 133 square metres of living space. Features a private water tank. Furnished and ready to move in. Close to schools and markets.,41500.0
Addis Ketema,3,1,102.6,0,0,0,3-bedroom apartment in Addis Ketema available for rent. About 103 square metres of living space. Well maintained apartment. Quiet neighbourhood with good access to transport.,29000.0
Yeka,3,3,109.5,0,0,0,3-bedroom unit in Yeka for long-term rental. About 110 square metres of living space. Well maintained apartment. Ideal for families or professionals.,39000.0
Bole,3,2,100.1,0,0,1,3-bedroom unit in Bole for long-term rental. About 100 square metres of living space. Furnished and ready to move in. Quiet neighbourhood with good access to transport.,49500.0
Bole,5,2,153.7,0,0,0,"5-bedroom apartment in Bole available for rent. 154 square metres, well laid out. Well maintained apartment. Close to schools and markets.",65500.0
Bole,5,2,130.7,0,1,0,"Apartment with 5 bedrooms in Bole, now available. 131 square metres, well laid out. Comes with a backup generator. Close to schools and markets.",60500.0
Yeka,2,1,94.2,0,0,0,Rent a 2-bedroom home located in Yeka. About 94 square metres of living space. Well maintained apartment. Quiet neighbourhood with good access to transport.,30500.0
Nifas Silk,2,1,89.9,1,0,0,"2-bedroom unit in Nifas Silk for long-term rental. 90 square metres, well laid out. Features a private water tank. Close to schools and markets.",29000.0
Akaky Kaliti,4,2,129.3,1,1,1,"Apartment with 4 bedrooms in Akaky Kaliti, now available. 129 square metres, well laid out. Features a private water tank. Comes with a backup generator. Furnished and ready to move in. Close to schools and markets.",46000.0
Arada,3,3,103.3,0,1,0,"3-bedroom unit in Arada for long-term rental. 103 square metres, well laid out. Comes with a backup generator. Quiet neighbourhood with good access to transport.",44000.0
Nifas Silk,3,2,97.3,1,0,0,"Apartment with 3 bedrooms in Nifas Silk, now available. 97 square metres, well laid out. Features a private water tank. Ideal for families or professionals.",34000.0
Yeka,1,1,72.7,0,0,0,1-bedroom unit in Yeka for long-term rental. Floor space of 73 square metres. Well maintained apartment. Quiet neighbourhood with good access to transport.,22500.0
Kolfe,2,1,71.9,1,1,0,"Apartment with 2 bedrooms in Kolfe, now available. About 72 square metres of living space. Features a private water tank. Comes with a backup generator. Ideal for families or professionals.",25500.0
Nifas Silk,4,3,136.1,1,0,0,4-bedroom unit in Nifas Silk for long-term rental. About 136 square metres of living space. Features a private water tank. Quiet neighbourhood with good access to transport.,47000.0
Lidetta,5,3,176.9,0,0,0,"5-bedroom unit in Lidetta for long-term rental. 177 square metres, well laid out. Well maintained apartment. Ideal for families or professionals.",51500.0
Akaky Kaliti,4,2,147.8,1,1,0,"Rent a 4-bedroom home located in Akaky Kaliti. 148 square metres, well laid out. Features a private water tank. Comes with a backup generator. Well maintained and secure.",43500.0
Kirkos,2,1,67.9,0,0,0,2-bedroom unit in Kirkos for long-term rental. About 68 square metres of living space. Well maintained apartment. Well maintained and secure.,27500.0
Bole,1,1,57.6,0,0,1,"Apartment with 1 bedrooms in Bole, now available. About 58 square metres of living space. Furnished and ready to move in. Well maintained and secure.",26500.0
Yeka,1,1,69.1,0,1,0,"1-bedroom apartment in Yeka available for rent. 69 square metres, well laid out. Comes with a backup generator. Well maintained and secure.",24500.0
Kirkos,2,1,85.2,0,0,0,2-bedroom apartment in Kirkos available for rent. Floor space of 85 square metres. Well maintained apartment. Quiet neighbourhood with good access to transport.,33000.0
Akaky Kaliti,3,2,91.2,1,1,0,3-bedroom unit in Akaky Kaliti for long-term rental. About 91 square metres of living space. Features a private water tank. Comes with a backup generator. Well maintained and secure.,30500.0
Kirkos,5,3,156.6,0,0,0,5-bedroom apartment in Kirkos available for rent. About 157 square metres of living space. Well maintained apartment. Close to schools and markets.,64500.0
Kolfe,5,3,151.9,1,0,0,Rent a 5-bedroom home located in Kolfe. About 152 square metres of living space. Features a private water tank. Well maintained and secure.,49000.0
Arada,1,1,87.0,0,0,0,1-bedroom apartment in Arada available for rent. Floor space of 87 square metres. Well maintained apartment. Close to schools and markets.,29500.0
Yeka,4,3,127.0,0,0,0,"Apartment with 4 bedrooms in Yeka, now available. About 127 square metres of living space. Well maintained apartment. Quiet neighbourhood with good access to transport.",46000.0
Kirkos,2,1,100.0,0,0,1,2-bedroom apartment in Kirkos available for rent. Floor space of 100 square metres. Furnished and ready to move in. Well maintained and secure.,43000.0
Nifas Silk,1,1,48.8,0,0,0,"Apartment with 1 bedrooms in Nifas Silk, now available. Floor space of 49 square metres. Well maintained apartment. Quiet neighbourhood with good access to transport.",15000.0
Gulele,3,1,95.7,1,0,0,3-bedroom unit in Gulele for long-term rental. Floor space of 96 square metres. Features a private water tank. Well maintained and secure.,31000.0
Kirkos,1,1,72.7,1,0,0,1-bedroom apartment in Kirkos available for rent. About 73 square metres of living space. Features a private water tank. Ideal for families or professionals.,28500.0
Yeka,2,1,99.0,1,0,0,"Apartment with 2 bedrooms in Yeka, now available. 99 square metres, well laid out. Features a private water tank. Close to schools and markets.",33500.0
Gulele,3,2,96.5,0,1,0,"Apartment with 3 bedrooms in Gulele, now available. Floor space of 96 square metres. Comes with a backup generator. Ideal for families or professionals.",33500.0
Bole,2,1,86.3,1,1,0,"Apartment with 2 bedrooms in Bole, now available. About 86 square metres of living space. Features a private water tank. Comes with a backup generator. Ideal for families or professionals.",39500.0
Akaky Kaliti,3,2,91.4,1,0,0,3-bedroom unit in Akaky Kaliti for long-term rental. Floor space of 91 square metres. Features a private water tank. Ideal for families or professionals.,28000.0
Yeka,3,2,105.8,1,0,1,"Apartment with 3 bedrooms in Yeka, now available. About 106 square metres of living space. Features a private water tank. Furnished and ready to move in. Quiet neighbourhood with good access to transport.",44500.0
Bole,4,3,140.0,0,0,0,4-bedroom unit in Bole for long-term rental. Floor space of 140 square metres. Well maintained apartment. Ideal for families or professionals.,60000.0
Arada,1,1,58.8,1,0,0,"1-bedroom apartment in Arada available for rent. 59 square metres, well laid out. Features a private water tank. Well maintained and secure.",23000.0
Arada,1,1,61.0,0,0,0,Rent a 1-bedroom home located in Arada. Floor space of 61 square metres. Well maintained apartment. Ideal for families or professionals.,21500.0
Arada,3,2,94.4,0,0,0,Rent a 3-bedroom home located in Arada. About 94 square metres of living space. Well maintained apartment. Quiet neighbourhood with good access to transport.,37500.0
Kirkos,2,1,78.2,1,0,1,"2-bedroom unit in Kirkos for long-term rental. 78 square metres, well laid out. Features a private water tank. Furnished and ready to move in. Close to schools and markets.",37500.0
Addis Ketema,4,3,151.1,1,0,0,"Rent a 4-bedroom home located in Addis Ketema. 151 square metres, well laid out. Features a private water tank. Ideal for families or professionals.",45000.0
Arada,1,1,64.9,0,1,0,1-bedroom unit in Arada for long-term rental. About 65 square metres of living space. Comes with a backup generator. Ideal for families or professionals.,25500.0
Arada,3,2,96.0,0,0,0,"Apartment with 3 bedrooms in Arada, now available. 96 square metres, well laid out. Well maintained apartment. Ideal for families or professionals.",38000.0
Kirkos,5,3,148.2,0,1,0,"Rent a 5-bedroom home located in Kirkos. 148 square metres, well laid out. Comes with a backup generator. Ideal for families or professionals.",64500.0
Bole,1,1,44.8,1,0,0,"Apartment with 1 bedrooms in Bole, now available. Floor space of 45 square metres. Features a private water tank. Quiet neighbourhood with good access to transport.",20500.0
Nifas Silk,2,1,73.8,0,0,0,Rent a 2-bedroom home located in Nifas Silk. Floor space of 74 square metres. Well maintained apartment. Quiet neighbourhood with good access to transport.,23500.0
Yeka,5,3,168.3,1,0,0,"5-bedroom apartment in Yeka available for rent. 168 square metres, well laid out. Features a private water tank. Quiet neighbourhood with good access to transport.",61000.0
Nifas Silk,3,2,106.3,1,0,0,3-bedroom apartment in Nifas Silk available for rent. Floor space of 106 square metres. Features a private water tank. Well maintained and secure.,36500.0
Bole,1,1,86.7,0,0,0,1-bedroom apartment in Bole available for rent. About 87 square metres of living space. Well maintained apartment. Close to schools and markets.,33000.0
Addis Ketema,2,2,84.9,0,1,0,"Apartment with 2 bedrooms in Addis Ketema, now available. Floor space of 85 square metres. Comes with a backup generator. Quiet neighbourhood with good access to transport.",27000.0
Arada,4,3,129.6,0,0,0,4-bedroom apartment in Arada available for rent. About 130 square metres of living space. Well maintained apartment. Close to schools and markets.,51500.0
Akaky Kaliti,5,3,159.7,1,1,0,5-bedroom unit in Akaky Kaliti for long-term rental. Floor space of 160 square metres. Features a private water tank. Comes with a backup generator. Well maintained and secure.,49500.0
Arada,2,1,53.9,0,0,0,"2-bedroom apartment in Arada available for rent. 54 square metres, well laid out. Well maintained apartment. Well maintained and secure.",22000.0
Bole,3,2,110.5,0,0,0,"Apartment with 3 bedrooms in Bole, now available. 110 square metres, well laid out. Well maintained apartment. Quiet neighbourhood with good access to transport.",46500.0
Kolfe,4,2,129.4,1,0,0,Rent a 4-bedroom home located in Kolfe. About 129 square metres of living space. Features a private water tank. Ideal for families or professionals.,41000.0
Nifas Silk,1,1,81.8,1,0,0,Rent a 1-bedroom home located in Nifas Silk. Floor space of 82 square metres. Features a private water tank. Well maintained and secure.,25000.0
Kolfe,2,1,97.6,0,0,0,Rent a 2-bedroom home located in Kolfe. About 98 square metres of living space. Well maintained apartment. Quiet neighbourhood with good access to transport.,26500.0
Kirkos,4,2,116.4,0,0,1,"Apartment with 4 bedrooms in Kirkos, now available. Floor space of 116 square metres. Furnished and ready to move in. Close to schools and markets.",55500.0
Nifas Silk,1,1,78.9,1,1,0,1-bedroom unit in Nifas Silk for long-term rental. About 79 square metres of living space. Features a private water tank. Comes with a backup generator. Well maintained and secure.,26500.0
Lidetta,4,2,126.9,1,0,0,4-bedroom apartment in Lidetta available for rent. About 127 square metres of living space. Features a private water tank. Close to schools and markets.,39500.0
Nifas Silk,3,2,97.1,0,0,0,"Rent a 3-bedroom home located in Nifas Silk. 97 square metres, well laid out. Well maintained apartment. Quiet neighbourhood with good access to transport.",32500.0
Kirkos,5,2,154.4,1,0,1,"Apartment with 5 bedrooms in Kirkos, now available. About 154 square metres of living space. Features a private water tank. Furnished and ready to move in. Close to schools and markets.",74500.0
Gulele,1,1,61.6,1,0,0,"Apartment with 1 bedrooms in Gulele, now available. 62 square metres, well laid out. Features a private water tank. Ideal for families or professionals.",19000.0
Gulele,5,3,170.5,1,1,0,"5-bedroom unit in Gulele for long-term rental. 170 square metres, well laid out. Features a private water tank. Comes with a backup generator. Close to schools and markets.",57500.0
Addis Ketema,2,2,90.1,0,1,0,"Rent a 2-bedroom home located in Addis Ketema. 90 square metres, well laid out. Comes with a backup generator. Well maintained and secure.",28000.0
Kirkos,1,1,66.5,0,0,1,"1-bedroom apartment in Kirkos available for rent. 66 square metres, well laid out. Furnished and ready to move in. Quiet neighbourhood with good access to transport.",28500.0
Kirkos,4,2,140.8,1,1,0,"Apartment with 4 bedrooms in Kirkos, now available. About 141 square metres of living space. Features a private water tank. Comes with a backup generator. Close to schools and markets.",60500.0
Kolfe,3,2,121.1,1,0,0,"Apartment with 3 bedrooms in Kolfe, now available. 121 square metres, well laid out. Features a private water tank. Well maintained and secure.",37000.0
Arada,5,2,161.4,0,0,0,"Apartment with 5 bedrooms in Arada, now available. 161 square metres, well laid out. Well maintained apartment. Ideal for families or professionals.",62000.0
Gulele,1,1,81.0,1,0,0,"Apartment with 1 bedrooms in Gulele, now available. About 81 square metres of living space. Features a private water tank. Quiet neighbourhood with good access to transport.",23500.0
Arada,1,1,71.3,0,0,0,1-bedroom unit in Arada for long-term rental. Floor space of 71 square metres. Well maintained apartment. Quiet neighbourhood with good access to transport.,25000.0
Yeka,3,1,110.0,1,0,0,"3-bedroom unit in Yeka for long-term rental. 110 square metres, well laid out. Features a private water tank. Well maintained and secure.",39000.0
Gulele,5,3,166.9,0,0,0,"Rent a 5-bedroom home located in Gulele. 167 square metres, well laid out. Well maintained apartment. Well maintained and secure.",52000.0
Bole,3,1,106.9,0,0,0,Rent a 3-bedroom home located in Bole. About 107 square metres of living space. Well maintained apartment. Close to schools and markets.,44000.0
Yeka,4,2,130.4,0,0,0,"4-bedroom unit in Yeka for long-term rental. 130 square metres, well laid out. Well maintained apartment. Quiet neighbourhood with good access to transport.",46000.0
Nifas Silk,5,3,172.7,1,0,0,5-bedroom apartment in Nifas Silk available for rent. Floor space of 173 square metres. Features a private water tank. Well maintained and secure.,58000.0
Gulele,5,3,171.5,0,0,0,"5-bedroom unit in Gulele for long-term rental. 172 square metres, well laid out. Well maintained apartment. Ideal for families or professionals.",53000.0
Akaky Kaliti,3,2,107.9,1,0,0,3-bedroom apartment in Akaky Kaliti available for rent. About 108 square metres of living space. Features a private water tank. Quiet neighbourhood with good access to transport.,31500.0
Yeka,4,3,124.6,1,0,0,4-bedroom unit in Yeka for long-term rental. About 125 square metres of living space. Features a private water tank. Close to schools and markets.,47000.0
Bole,3,2,125.6,0,0,0,"Apartment with 3 bedrooms in Bole, now available. About 126 square metres of living space. Well maintained apartment. Well maintained and secure.",51500.0
Addis Ketema,4,2,139.6,0,1,0,"Apartment with 4 bedrooms in Addis Ketema, now available. About 140 square metres of living space. Comes with a backup generator. Quiet neighbourhood with good access to transport.",42500.0
Bole,3,2,111.8,0,0,1,Rent a 3-bedroom home located in Bole. About 112 square metres of living space. Furnished and ready to move in. Well maintained and secure.,54000.0
Yeka,3,1,104.1,0,0,0,"Apartment with 3 bedrooms in Yeka, now available. About 104 square metres of living space. Well maintained apartment. Quiet neighbourhood with good access to transport.",35500.0
Yeka,3,2,112.0,1,1,0,"Apartment with 3 bedrooms in Yeka, now available. Floor space of 112 square metres. Features a private water tank. Comes with a backup generator. Ideal for families or professionals.",43000.0
Arada,4,3,129.7,0,0,0,Rent a 4-bedroom home located in Arada. About 130 square metres of living space. Well maintained apartment. Close to schools and markets.,51500.0
Lidetta,4,3,122.0,1,0,0,4-bedroom unit in Lidetta for long-term rental. Floor space of 122 square metres. Features a private water tank. Ideal for families or professionals.,40000.0
Kolfe,5,3,153.5,1,0,0,5-bedroom apartment in Kolfe available for rent. About 154 square metres of living space. Features a private water tank. Close to schools and markets.,49500.0
Gulele,4,2,133.2,1,0,1,"4-bedroom apartment in Gulele available for rent. 133 square metres, well laid out. Features a private water tank. Furnished and ready to move in. Ideal for families or professionals.",49500.0
Bole,1,1,59.5,0,1,0,"Rent a 1-bedroom home located in Bole. 60 square metres, well laid out. Comes with a backup generator. Close to schools and markets.",26000.0
Kirkos,3,2,118.8,1,0,1,3-bedroom unit in Kirkos for long-term rental. About 119 square metres of living space. Features a private water tank. Furnished and ready to move in. Well maintained and secure.,56000.0
Arada,2,1,101.5,0,0,0,Rent a 2-bedroom home located in Arada. About 102 square metres of living space. Well maintained apartment. Ideal for families or professionals.,36000.0
Bole,1,1,75.6,0,0,0,1-bedroom apartment in Bole available for rent. About 76 square metres of living space. Well maintained apartment. Well maintained and secure.,29000.0
Yeka,1,1,60.7,1,0,0,"Apartment with 1 bedrooms in Yeka, now available. About 61 square metres of living space. Features a private water tank. Well maintained and secure.",21500.0
Yeka,3,2,117.1,1,0,0,"3-bedroom unit in Yeka for long-term rental. 117 square metres, well laid out. Features a private water tank. Well maintained and secure.",42000.0
Bole,5,3,152.9,0,0,0,"5-bedroom apartment in Bole available for rent. 153 square metres, well laid out. Well maintained apartment. Quiet neighbourhood with good access to transport.",66500.0
Arada,3,2,93.2,1,0,0,3-bedroom apartment in Arada available for rent. Floor space of 93 square metres. Features a private water tank. Ideal for families or professionals.,39000.0
Gulele,3,2,116.1,1,0,0,3-bedroom apartment in Gulele available for rent. About 116 square metres of living space. Features a private water tank. Close to schools and markets.,37000.0
Bole,1,1,65.8,0,0,0,"Apartment with 1 bedrooms in Bole, now available. 66 square metres, well laid out. Well maintained apartment. Quiet neighbourhood with good access to transport.",26000.0
Arada,4,3,161.1,0,0,0,4-bedroom unit in Arada for long-term rental. Floor space of 161 square metres. Well maintained apartment. Well maintained and secure.,60500.0
Kolfe,1,1,81.5,1,0,1,Rent a 1-bedroom home located in Kolfe. About 82 square metres of living space. Features a private water tank. Furnished and ready to move in. Ideal for families or professionals.,26000.0
Gulele,5,3,160.5,1,0,0,"5-bedroom apartment in Gulele available for rent. 160 square metres, well laid out. Features a private water tank. Ideal for families or professionals.",52500.0
Kolfe,5,3,155.0,1,1,0,"5-bedroom unit in Kolfe for long-term rental. 155 square metres, well laid out. Features a private water tank. Comes with a backup generator. Quiet neighbourhood with good access to transport.",52500.0
Kirkos,5,3,154.0,0,0,0,Rent a 5-bedroom home located in Kirkos. About 154 square metres of living space. Well maintained apartment. Quiet neighbourhood with good access to transport.,64000.0
Kolfe,2,2,74.0,1,0,1,2-bedroom unit in Kolfe for long-term rental. Floor space of 74 square metres. Features a private water tank. Furnished and ready to move in. Ideal for families or professionals.,28000.0
Yeka,1,1,43.1,0,0,0,1-bedroom apartment in Yeka available for rent. Floor space of 43 square metres. Well maintained apartment. Well maintained and secure.,15000.0
Kirkos,2,1,75.5,0,0,1,2-bedroom apartment in Kirkos available for rent. About 76 square metres of living space. Furnished and ready to move in. Ideal for families or professionals.,34000.0
Bole,4,3,129.4,1,0,0,"Apartment with 4 bedrooms in Bole, now available. 129 square metres, well laid out. Features a private water tank. Ideal for families or professionals.",58000.0
Arada,2,1,60.7,0,0,1,"2-bedroom apartment in Arada available for rent. 61 square metres, well laid out. Furnished and ready to move in. Ideal for families or professionals.",27500.0
Kirkos,5,3,145.5,1,0,0,"Apartment with 5 bedrooms in Kirkos, now available. About 146 square metres of living space. Features a private water tank. Quiet neighbourhood with good access to transport.",63000.0
Yeka,1,1,61.0,1,0,1,"1-bedroom apartment in Yeka available for rent. 61 square metres, well laid out. Features a private water tank. Furnished and ready to move in. Quiet neighbourhood with good access to transport.",24500.0
Kolfe,1,1,61.4,1,0,0,"1-bedroom unit in Kolfe for long-term rental. 61 square metres, well laid out. Features a private water tank. Well maintained and secure.",18500.0
Yeka,2,1,78.1,0,0,0,"2-bedroom unit in Yeka for long-term rental. 78 square metres, well laid out. Well maintained apartment. Well maintained and secure.",26500.0
Yeka,4,3,125.9,1,0,1,4-bedroom unit in Yeka for long-term rental. Floor space of 126 square metres. Features a private water tank. Furnished and ready to move in. Quiet neighbourhood with good access to transport.,54500.0
Bole,4,2,150.7,0,0,0,4-bedroom apartment in Bole available for rent. Floor space of 151 square metres. Well maintained apartment. Ideal for families or professionals.,62500.0
Kirkos,2,1,93.9,1,0,1,Rent a 2-bedroom home located in Kirkos. About 94 square metres of living space. Features a private water tank. Furnished and ready to move in. Well maintained and secure.,43000.0
Yeka,4,2,123.3,0,0,0,"Rent a 4-bedroom home located in Yeka. 123 square metres, well laid out. Well maintained apartment. Close to schools and markets.",44000.0
Kirkos,4,3,129.2,0,0,0,"Apartment with 4 bedrooms in Kirkos, now available. 129 square metres, well laid out. Well maintained apartment. Ideal for families or professionals.",53500.0
Yeka,3,1,107.7,1,1,1,"3-bedroom unit in Yeka for long-term rental. 108 square metres, well laid out. Features a private water tank. Comes with a backup generator. Furnished and ready to move in. Quiet neighbourhood with good access to transport.",47000.0
Kolfe,3,2,98.8,1,0,0,"Apartment with 3 bedrooms in Kolfe, now available. Floor space of 99 square metres. Features a private water tank. Ideal for families or professionals.",32000.0
Akaky Kaliti,1,1,54.8,1,1,1,"Rent a 1-bedroom home located in Akaky Kaliti. 55 square metres, well laid out. Features a private water tank. Comes with a backup generator. Furnished and ready to move in. Close to schools and markets.",21000.0
Arada,2,2,98.1,0,1,0,Rent a 2-bedroom home located in Arada. Floor space of 98 square metres. Comes with a backup generator. Well maintained and secure.,39000.0
Nifas Silk,3,1,103.0,1,1,0,"Apartment with 3 bedrooms in Nifas Silk, now available. Floor space of 103 square metres. Features a private water tank. Comes with a backup generator. Ideal for families or professionals.",37000.0
Lidetta,1,1,50.9,0,1,0,1-bedroom unit in Lidetta for long-term rental. Floor space of 51 square metres. Comes with a backup generator. Ideal for families or professionals.,16500.0
Addis Ketema,3,1,107.5,1,1,0,Rent a 3-bedroom home located in Addis Ketema. About 108 square metres of living space. Features a private water tank. Comes with a backup generator. Well maintained and secure.,34000.0
Nifas Silk,1,1,65.4,1,0,0,"Apartment with 1 bedrooms in Nifas Silk, now available. About 65 square metres of living space. Features a private water tank. Close to schools and markets.",21000.0
Lidetta,4,2,106.3,0,0,1,Rent a 4-bedroom home located in Lidetta. About 106 square metres of living space. Furnished and ready to move in. Well maintained and secure.,38500.0
Akaky Kaliti,1,1,63.5,1,0,0,"1-bedroom apartment in Akaky Kaliti available for rent. 64 square metres, well laid out. Features a private water tank. Close to schools and markets.",17500.0
Kolfe,1,1,74.4,1,0,0,"Apartment with 1 bedrooms in Kolfe, now available. 74 square metres, well laid out. Features a private water tank. Ideal for families or professionals.",21000.0
Arada,4,2,135.4,0,0,1,Rent a 4-bedroom home located in Arada. Floor space of 135 square metres. Furnished and ready to move in. Ideal for families or professionals.,59500.0
Bole,2,1,112.8,0,0,1,2-bedroom unit in Bole for long-term rental. Floor space of 113 square metres. Furnished and ready to move in. Ideal for families or professionals.,50500.0
Bole,2,1,101.0,0,0,0,"Apartment with 2 bedrooms in Bole, now available. About 101 square metres of living space. Well maintained apartment. Well maintained and secure.",40000.0
Arada,2,2,103.4,0,1,1,"2-bedroom unit in Arada for long-term rental. 103 square metres, well laid out. Comes with a backup generator. Furnished and ready to move in. Quiet neighbourhood with good access to transport.",46500.0
Arada,2,1,119.6,0,0,0,2-bedroom apartment in Arada available for rent. About 120 square metres of living space. Well maintained apartment. Close to schools and markets.,41500.0
Kirkos,4,3,139.1,1,0,0,Rent a 4-bedroom home located in Kirkos. About 139 square metres of living space. Features a private water tank. Well maintained and secure.,58500.0
Nifas Silk,4,2,132.0,1,0,0,4-bedroom unit in Nifas Silk for long-term rental. About 132 square metres of living space. Features a private water tank. Quiet neighbourhood with good access to transport.,44500.0
Arada,2,2,97.7,0,0,1,2-bedroom apartment in Arada available for rent. About 98 square metres of living space. Furnished and ready to move in. Quiet neighbourhood with good access to transport.,41500.0
Lidetta,4,3,123.3,0,0,1,4-bedroom apartment in Lidetta available for rent. Floor space of 123 square metres. Furnished and ready to move in. Quiet neighbourhood with good access to transport.,44000.0
Bole,4,2,131.3,1,0,1,"Apartment with 4 bedrooms in Bole, now available. Floor space of 131 square metres. Features a private water tank. Furnished and ready to move in. Well maintained and secure.",66500.0
Yeka,3,1,100.2,1,0,0,"Apartment with 3 bedrooms in Yeka, now available. Floor space of 100 square metres. Features a private water tank. Close to schools and markets.",36000.0
Kolfe,3,2,112.8,0,0,0,3-bedroom apartment in Kolfe available for rent. Floor space of 113 square metres. Well maintained apartment. Ideal for families or professionals.,33500.0
Lidetta,5,3,144.2,1,0,1,"Apartment with 5 bedrooms in Lidetta, now available. About 144 square metres of living space. Features a private water tank. Furnished and ready to move in. Ideal for families or professionals.",53500.0
Addis Ketema,3,2,99.8,1,0,1,"3-bedroom unit in Addis Ketema for long-term rental. 100 square metres, well laid out. Features a private water tank. Furnished and ready to move in. Ideal for families or professionals.",36000.0
Lidetta,2,2,91.0,0,0,0,2-bedroom apartment in Lidetta available for rent. Floor space of 91 square metres. Well maintained apartment. Ideal for families or professionals.,26000.0
Lidetta,3,2,106.3,0,0,0,Rent a 3-bedroom home located in Lidetta. About 106 square metres of living space. Well maintained apartment. Ideal for families or professionals.,31500.0
Yeka,5,3,128.9,1,0,0,5-bedroom apartment in Yeka available for rent. About 129 square metres of living space. Features a private water tank. Well maintained and secure.,50500.0
Kirkos,4,3,112.5,1,1,0,4-bedroom unit in Kirkos for long-term rental. About 112 square metres of living space. Features a private water tank. Comes with a backup generator. Quiet neighbourhood with good access to transport.,53000.0
Yeka,1,1,50.2,1,1,0,1-bedroom apartment in Yeka available for rent. Floor space of 50 square metres. Features a private water tank. Comes with a backup generator. Close to schools and markets.,21000.0
Nifas Silk,3,2,97.4,0,0,0,Rent a 3-bedroom home located in Nifas Silk. About 97 square metres of living space. Well maintained apartment. Quiet neighbourhood with good access to transport.,32500.0
Akaky Kaliti,4,2,135.0,1,1,0,"Apartment with 4 bedrooms in Akaky Kaliti, now available. Floor space of 135 square metres. Features a private water tank. Comes with a backup generator. Ideal for families or professionals.",41000.0
Kirkos,2,1,88.6,1,0,0,"2-bedroom apartment in Kirkos available for rent. 89 square metres, well laid out. Features a private water tank. Ideal for families or professionals.",36000.0
Arada,5,3,164.8,0,0,0,"Apartment with 5 bedrooms in Arada, now available. 165 square metres, well laid out. Well maintained apartment. Quiet neighbourhood with good access to transport.",64000.0
Yeka,5,3,161.0,1,0,0,"5-bedroom apartment in Yeka available for rent. 161 square metres, well laid out. Features a private water tank. Close to schools and markets.",59000.0
Bole,5,3,164.9,1,0,0,Rent a 5-bedroom home located in Bole. About 165 square metres of living space. Features a private water tank. Ideal for families or professionals.,72500.0
Yeka,1,1,71.3,1,0,0,"1-bedroom unit in Yeka for long-term rental. 71 square metres, well laid out. Features a private water tank. Quiet neighbourhood with good access to transport.",24000.0
Bole,3,2,110.5,0,0,0,"Apartment with 3 bedrooms in Bole, now available. About 110 square metres of living space. Well maintained apartment. Ideal for families or professionals.",46500.0
Akaky Kaliti,3,1,121.2,1,1,0,Rent a 3-bedroom home located in Akaky Kaliti. Floor space of 121 square metres. Features a private water tank. Comes with a backup generator. Well maintained and secure.,35000.0
Kirkos,4,2,141.0,0,0,0,"4-bedroom apartment in Kirkos available for rent. 141 square metres, well laid out. Well maintained apartment. Well maintained and secure.",56500.0
Lidetta,5,3,156.5,0,0,0,"Rent a 5-bedroom home located in Lidetta. 156 square metres, well laid out. Well maintained apartment. Ideal for families or professionals.",47500.0
Gulele,2,1,101.3,1,0,0,Rent a 2-bedroom home located in Gulele. About 101 square metres of living space. Features a private water tank. Close to schools and markets.,30000.0
Yeka,3,2,79.9,1,0,1,3-bedroom unit in Yeka for long-term rental. About 80 square metres of living space. Features a private water tank. Furnished and ready to move in. Close to schools and markets.,37000.0
Bole,4,3,126.5,1,0,1,4-bedroom unit in Bole for long-term rental. Floor space of 126 square metres. Features a private water tank. Furnished and ready to move in. Close to schools and markets.,66000.0
Kolfe,4,3,126.3,1,0,0,"Apartment with 4 bedrooms in Kolfe, now available. 126 square metres, well laid out. Features a private water tank. Quiet neighbourhood with good access to transport.",41500.0
Yeka,4,3,143.8,1,0,0,4-bedroom apartment in Yeka available for rent. Floor space of 144 square metres. Features a private water tank. Ideal for families or professionals.,52500.0
Akaky Kaliti,2,1,104.9,1,0,0,2-bedroom unit in Akaky Kaliti for long-term rental. About 105 square metres of living space. Features a private water tank. Close to schools and markets.,27500.0
Bole,5,3,134.6,1,0,1,"Apartment with 5 bedrooms in Bole, now available. 135 square metres, well laid out. Features a private water tank. Furnished and ready to move in. Close to schools and markets.",71500.0
Gulele,1,1,80.9,0,0,0,1-bedroom unit in Gulele for long-term rental. Floor space of 81 square metres. Well maintained apartment. Well maintained and secure.,21500.0
Kolfe,3,1,93.9,0,1,0,3-bedroom apartment in Kolfe available for rent. Floor space of 94 square metres. Comes with a backup generator. Ideal for families or professionals.,30500.0
Yeka,4,3,116.3,1,0,1,Rent a 4-bedroom home located in Yeka. Floor space of 116 square metres. Features a private water tank. Furnished and ready to move in. Quiet neighbourhood with good access to transport.,52000.0
Yeka,1,1,61.2,1,0,0,"Apartment with 1 bedrooms in Yeka, now available. Floor space of 61 square metres. Features a private water tank. Quiet neighbourhood with good access to transport.",21500.0
Addis Ketema,3,2,104.2,1,0,0,"Apartment with 3 bedrooms in Addis Ketema, now available. 104 square metres, well laid out. Features a private water tank. Well maintained and secure.",32000.0
Yeka,3,2,89.3,1,0,0,3-bedroom apartment in Yeka available for rent. Floor space of 89 square metres. Features a private water tank. Well maintained and secure.,34500.0
Kirkos,4,3,137.8,0,1,0,"Apartment with 4 bedrooms in Kirkos, now available. Floor space of 138 square metres. Comes with a backup generator. Quiet neighbourhood with good access to transport.",59000.0
Kirkos,1,1,72.2,1,0,1,1-bedroom apartment in Kirkos available for rent. About 72 square metres of living space. Features a private water tank. Furnished and ready to move in. Well maintained and secure.,32500.0
Yeka,2,1,98.6,0,1,0,"Apartment with 2 bedrooms in Yeka, now available. 99 square metres, well laid out. Comes with a backup generator. Ideal for families or professionals.",34500.0
Kolfe,2,1,80.8,1,1,1,Rent a 2-bedroom home located in Kolfe. About 81 square metres of living space. Features a private water tank. Comes with a backup generator. Furnished and ready to move in. Close to schools and markets.,31500.0
Kolfe,4,2,129.5,0,1,1,Rent a 4-bedroom home located in Kolfe. Floor space of 130 square metres. Comes with a backup generator. Furnished and ready to move in. Ideal for families or professionals.,48000.0
Kirkos,2,1,85.6,0,0,0,Rent a 2-bedroom home located in Kirkos. About 86 square metres of living space. Well maintained apartment. Close to schools and markets.,33000.0
Lidetta,3,2,128.3,0,0,1,"3-bedroom apartment in Lidetta available for rent. 128 square metres, well laid out. Furnished and ready to move in. Quiet neighbourhood with good access to transport.",41500.0
Yeka,4,2,96.0,0,0,1,"4-bedroom apartment in Yeka available for rent. 96 square metres, well laid out. Furnished and ready to move in. Close to schools and markets.",42000.0
Bole,4,2,118.5,0,0,0,"4-bedroom unit in Bole for long-term rental. 118 square metres, well laid out. Well maintained apartment. Ideal for families or professionals.",51500.0
Nifas Silk,1,1,64.1,1,0,0,1-bedroom apartment in Nifas Silk available for rent. Floor space of 64 square metres. Features a private water tank. Well maintained and secure.,20500.0
Addis Ketema,5,3,139.0,1,0,0,"Apartment with 5 bedrooms in Addis Ketema, now available. About 139 square metres of living space. Features a private water tank. Quiet neighbourhood with good access to transport.",45000.0
Bole,1,1,60.9,0,0,0,"Apartment with 1 bedrooms in Bole, now available. 61 square metres, well laid out. Well maintained apartment. Close to schools and markets.",24000.0
Yeka,1,1,62.5,1,0,0,"Apartment with 1 bedrooms in Yeka, now available. Floor space of 62 square metres. Features a private water tank. Ideal for families or professionals.",22000.0
Arada,1,1,56.1,0,1,1,"Apartment with 1 bedrooms in Arada, now available. Floor space of 56 square metres. Comes with a backup generator. Furnished and ready to move in. Quiet neighbourhood with good access to transport.",26500.0
Kolfe,2,2,86.8,1,0,0,Rent a 2-bedroom home located in Kolfe. Floor space of 87 square metres. Features a private water tank. Close to schools and markets.,27500.0
Bole,5,3,159.5,0,0,0,"5-bedroom unit in Bole for long-term rental. 160 square metres, well laid out. Well maintained apartment. Quiet neighbourhood with good access to transport.",69000.0
Kirkos,2,1,83.2,0,0,0,Rent a 2-bedroom home located in Kirkos. Floor space of 83 square metres. Well maintained apartment. Close to schools and markets.,32000.0
Gulele,4,3,124.6,1,0,0,"Rent a 4-bedroom home located in Gulele. 125 square metres, well laid out. Features a private water tank. Well maintained and secure.",42000.0
Kirkos,3,1,106.0,0,0,1,"Apartment with 3 bedrooms in Kirkos, now available. 106 square metres, well laid out. Furnished and ready to move in. Close to schools and markets.",48000.0
Yeka,1,1,63.9,1,0,0,"Apartment with 1 bedrooms in Yeka, now available. 64 square metres, well laid out. Features a private water tank. Ideal for families or professionals.",22000.0
Yeka,3,2,87.1,0,0,0,Rent a 3-bedroom home located in Yeka. Floor space of 87 square metres. Well maintained apartment. Close to schools and markets.,32000.0
Kirkos,1,1,69.5,0,0,0,"Apartment with 1 bedrooms in Kirkos, now available. 70 square metres, well laid out. Well maintained apartment. Well maintained and secure.",25500.0
Arada,3,2,102.6,1,0,0,Rent a 3-bedroom home located in Arada. Floor space of 103 square metres. Features a private water tank. Well maintained and secure.,41500.0
Lidetta,3,2,123.1,0,0,1,3-bedroom unit in Lidetta for long-term rental. About 123 square metres of living space. Furnished and ready to move in. Quiet neighbourhood with good access to transport.,40000.0
Nifas Silk,3,2,115.1,1,1,0,3-bedroom apartment in Nifas Silk available for rent. About 115 square metres of living space. Features a private water tank. Comes with a backup generator. Well maintained and secure.,41000.0
Gulele,2,1,100.0,0,0,0,2-bedroom unit in Gulele for long-term rental. Floor space of 100 square metres. Well maintained apartment. Quiet neighbourhood with good access to transport.,28000.0
Addis Ketema,4,2,117.9,1,0,0,"Rent a 4-bedroom home located in Addis Ketema. 118 square metres, well laid out. Features a private water tank. Quiet neighbourhood with good access to transport.",37000.0
Kirkos,3,2,103.5,0,0,1,"Apartment with 3 bedrooms in Kirkos, now available. Floor space of 104 square metres. Furnished and ready to move in. Close to schools and markets.",48500.0
Kirkos,2,1,71.1,0,0,0,"Apartment with 2 bedrooms in Kirkos, now available. Floor space of 71 square metres. Well maintained apartment. Well maintained and secure.",28500.0
Akaky Kaliti,3,2,99.5,0,0,0,3-bedroom unit in Akaky Kaliti for long-term rental. Floor space of 100 square metres. Well maintained apartment. Well maintained and secure.,28000.0
Yeka,1,1,79.0,0,0,0,1-bedroom unit in Yeka for long-term rental. Floor space of 79 square metres. Well maintained apartment. Well maintained and secure.,24500.0
Gulele,5,3,169.8,1,1,0,Rent a 5-bedroom home located in Gulele. Floor space of 170 square metres. Features a private water tank. Comes with a backup generator. Quiet neighbourhood with good access to transport.,57000.0
Kolfe,4,3,116.2,0,1,0,"Apartment with 4 bedrooms in Kolfe, now available. About 116 square metres of living space. Comes with a backup generator. Close to schools and markets.",40000.0
Bole,2,2,80.5,0,0,1,"2-bedroom unit in Bole for long-term rental. 80 square metres, well laid out. Furnished and ready to move in. Ideal for families or professionals.",39500.0
Arada,4,3,129.1,0,0,0,"Apartment with 4 bedrooms in Arada, now available. 129 square metres, well laid out. Well maintained apartment. Well maintained and secure.",51000.0
Yeka,4,2,137.0,0,1,1,"Apartment with 4 bedrooms in Yeka, now available. Floor space of 137 square metres. Comes with a backup generator. Furnished and ready to move in. Ideal for families or professionals.",57500.0
Yeka,4,1,108.9,1,0,0,"Apartment with 4 bedrooms in Yeka, now available. 109 square metres, well laid out. Features a private water tank. Quiet neighbourhood with good access to transport.",40500.0
Arada,1,1,44.8,1,0,0,1-bedroom apartment in Arada available for rent. About 45 square metres of living space. Features a private water tank. Well maintained and secure.,18500.0
Yeka,5,3,157.9,1,0,1,Rent a 5-bedroom home located in Yeka. Floor space of 158 square metres. Features a private water tank. Furnished and ready to move in. Close to schools and markets.,67000.0
Kolfe,5,3,128.6,1,0,0,5-bedroom apartment in Kolfe available for rent. About 129 square metres of living space. Features a private water tank. Quiet neighbourhood with good access to transport.,44000.0
Akaky Kaliti,5,3,146.6,1,0,0,"Rent a 5-bedroom home located in Akaky Kaliti. 147 square metres, well laid out. Features a private water tank. Quiet neighbourhood with good access to transport.",44500.0
Kolfe,5,3,153.9,1,0,0,5-bedroom apartment in Kolfe available for rent. About 154 square metres of living space. Features a private water tank. Close to schools and markets.,49500.0
Yeka,5,3,157.0,0,1,0,5-bedroom apartment in Yeka available for rent. Floor space of 157 square metres. Comes with a backup generator. Well maintained and secure.,59000.0
Yeka,4,2,128.3,1,0,0,4-bedroom apartment in Yeka available for rent. Floor space of 128 square metres. Features a private water tank. Ideal for families or professionals.,47000.0
Yeka,1,1,59.6,1,1,0,"Apartment with 1 bedrooms in Yeka, now available. About 60 square metres of living space. Features a private water tank. Comes with a backup generator. Well maintained and secure.",23500.0
Bole,3,2,118.1,0,0,0,3-bedroom unit in Bole for long-term rental. About 118 square metres of living space. Well maintained apartment. Well maintained and secure.,49000.0
Akaky Kaliti,2,2,89.4,1,0,0,"Apartment with 2 bedrooms in Akaky Kaliti, now available. About 89 square metres of living space. Features a private water tank. Well maintained and secure.",25500.0
Kirkos,2,1,78.2,0,0,1,"Apartment with 2 bedrooms in Kirkos, now available. About 78 square metres of living space. Furnished and ready to move in. Ideal for families or professionals.",35000.0
Yeka,5,3,152.5,0,1,1,"Apartment with 5 bedrooms in Yeka, now available. Floor space of 152 square metres. Comes with a backup generator. Furnished and ready to move in. Close to schools and markets.",66500.0
Lidetta,5,3,156.6,0,0,0,"5-bedroom apartment in Lidetta available for rent. 157 square metres, well laid out. Well maintained apartment. Quiet neighbourhood with good access to transport.",47500.0
Kirkos,3,2,128.6,0,0,0,"Apartment with 3 bedrooms in Kirkos, now available. Floor space of 129 square metres. Well maintained apartment. Quiet neighbourhood with good access to transport.",50000.0
Bole,4,2,139.4,1,0,1,"Apartment with 4 bedrooms in Bole, now available. Floor space of 139 square metres. Features a private water tank. Furnished and ready to move in. Well maintained and secure.",69500.0
Bole,1,1,78.6,1,1,0,Rent a 1-bedroom home located in Bole. About 79 square metres of living space. Features a private water tank. Comes with a backup generator. Well maintained and secure.,34500.0
Nifas Silk,2,2,78.7,0,0,0,"2-bedroom apartment in Nifas Silk available for rent. 79 square metres, well laid out. Well maintained apartment. Well maintained and secure.",25500.0
Kolfe,5,3,145.7,1,0,0,5-bedroom unit in Kolfe for long-term rental. About 146 square metres of living space. Features a private water tank. Well maintained and secure.,47500.0
Yeka,3,2,105.2,0,0,1,"Apartment with 3 bedrooms in Yeka, now available. 105 square metres, well laid out. Furnished and ready to move in. Ideal for families or professionals.",42500.0
Akaky Kaliti,3,2,106.3,1,1,0,3-bedroom unit in Akaky Kaliti for long-term rental. About 106 square metres of living space. Features a private water tank. Comes with a backup generator. Close to schools and markets.,33500.0
Lidetta,3,2,95.9,1,0,1,"Apartment with 3 bedrooms in Lidetta, now available. 96 square metres, well laid out. Features a private water tank. Furnished and ready to move in. Quiet neighbourhood with good access to transport.",35500.0
Lidetta,2,2,101.2,0,0,0,Rent a 2-bedroom home located in Lidetta. Floor space of 101 square metres. Well maintained apartment. Well maintained and secure.,28000.0
Yeka,5,3,162.6,0,0,1,5-bedroom apartment in Yeka available for rent. Floor space of 163 square metres. Furnished and ready to move in. Ideal for families or professionals.,66500.0
Bole,4,2,126.3,0,0,0,4-bedroom apartment in Bole available for rent. Floor space of 126 square metres. Well maintained apartment. Well maintained and secure.,54000.0
Lidetta,4,2,137.7,1,0,0,"4-bedroom apartment in Lidetta available for rent. 138 square metres, well laid out. Features a private water tank. Well maintained and secure.",42000.0
Yeka,2,1,88.7,0,0,1,"Rent a 2-bedroom home located in Yeka. 89 square metres, well laid out. Furnished and ready to move in. Close to schools and markets.",33500.0
Nifas Silk,4,2,138.6,1,0,0,"4-bedroom unit in Nifas Silk for long-term rental. 139 square metres, well laid out. Features a private water tank. Quiet neighbourhood with good access to transport.",46500.0
Kolfe,5,3,135.9,0,1,0,5-bedroom apartment in Kolfe available for rent. About 136 square metres of living space. Comes with a backup generator. Close to schools and markets.,46500.0
Bole,4,2,128.3,0,0,0,Rent a 4-bedroom home located in Bole. About 128 square metres of living space. Well maintained apartment. Close to schools and markets.,55000.0
Kolfe,3,2,107.3,0,0,0,3-bedroom apartment in Kolfe available for rent. Floor space of 107 square metres. Well maintained apartment. Ideal for families or professionals.,32000.0
Akaky Kaliti,2,1,93.5,1,0,0,Rent a 2-bedroom home located in Akaky Kaliti. Floor space of 94 square metres. Features a private water tank. Well maintained and secure.,25000.0
Gulele,3,2,100.5,0,0,0,Rent a 3-bedroom home located in Gulele. About 100 square metres of living space. Well maintained apartment. Well maintained and secure.,31500.0
Kirkos,2,1,56.0,0,1,0,"Apartment with 2 bedrooms in Kirkos, now available. Floor space of 56 square metres. Comes with a backup generator. Ideal for families or professionals.",26000.0
Lidetta,4,3,117.0,1,1,0,4-bedroom unit in Lidetta for long-term rental. Floor space of 117 square metres. Features a private water tank. Comes with a backup generator. Close to schools and markets.,41500.0
Arada,1,1,63.3,0,1,1,"Apartment with 1 bedrooms in Arada, now available. Floor space of 63 square metres. Comes with a backup generator. Furnished and ready to move in. Ideal for families or professionals.",28500.0
Gulele,1,1,64.8,0,0,0,"Apartment with 1 bedrooms in Gulele, now available. Floor space of 65 square metres. Well maintained apartment. Well maintained and secure.",18000.0
Kolfe,4,2,150.2,0,0,1,"Apartment with 4 bedrooms in Kolfe, now available. Floor space of 150 square metres. Furnished and ready to move in. Quiet neighbourhood with good access to transport.",50000.0
Gulele,2,2,93.0,1,0,0,"Rent a 2-bedroom home located in Gulele. 93 square metres, well laid out. Features a private water tank. Well maintained and secure.",29500.0
Yeka,3,1,109.0,0,0,1,"3-bedroom unit in Yeka for long-term rental. 109 square metres, well laid out. Furnished and ready to move in. Close to schools and markets.",42000.0
Bole,3,1,107.6,0,0,1,"3-bedroom apartment in Bole available for rent. 108 square metres, well laid out. Furnished and ready to move in. Quiet neighbourhood with good access to transport.",51000.0
Yeka,3,3,121.3,0,0,0,3-bedroom apartment in Yeka available for rent. About 121 square metres of living space. Well maintained apartment. Ideal for families or professionals.,42500.0
Arada,4,3,122.9,0,0,0,4-bedroom apartment in Arada available for rent. Floor space of 123 square metres. Well maintained apartment. Quiet neighbourhood with good access to transport.,49500.0
Arada,2,1,84.3,0,0,1,2-bedroom apartment in Arada available for rent. Floor space of 84 square metres. Furnished and ready to move in. Ideal for families or professionals.,35500.0
Nifas Silk,4,2,116.9,1,0,0,Rent a 4-bedroom home located in Nifas Silk. Floor space of 117 square metres. Features a private water tank. Ideal for families or professionals.,41000.0
Kirkos,2,1,103.0,0,0,0,2-bedroom apartment in Kirkos available for rent. Floor space of 103 square metres. Well maintained apartment. Close to schools and markets.,38500.0
Kolfe,2,2,90.7,1,1,0,2-bedroom apartment in Kolfe available for rent. About 91 square metres of living space. Features a private water tank. Comes with a backup generator. Close to schools and markets.,30500.0
Akaky Kaliti,3,3,99.5,1,1,0,"Apartment with 3 bedrooms in Akaky Kaliti, now available. About 100 square metres of living space. Features a private water tank. Comes with a backup generator. Close to schools and markets.",33500.0
Yeka,5,3,150.6,1,0,1,Rent a 5-bedroom home located in Yeka. Floor space of 151 square metres. Features a private water tank. Furnished and ready to move in. Well maintained and secure.,65000.0
Gulele,2,1,92.1,1,1,1,"2-bedroom apartment in Gulele available for rent. 92 square metres, well laid out. Features a private water tank. Comes with a backup generator. Furnished and ready to move in. Well maintained and secure.",35500.0
Gulele,3,2,105.0,0,0,0,"3-bedroom apartment in Gulele available for rent. 105 square metres, well laid out. Well maintained apartment. Well maintained and secure.",32500.0
Arada,1,1,57.6,0,0,1,"1-bedroom unit in Arada for long-term rental. 58 square metres, well laid out. Furnished and ready to move in. Ideal for families or professionals.",24000.0
Yeka,1,1,56.1,1,0,0,1-bedroom unit in Yeka for long-term rental. About 56 square metres of living space. Features a private water tank. Ideal for families or professionals.,20000.0
Kolfe,4,2,134.1,0,1,0,"Apartment with 4 bedrooms in Kolfe, now available. Floor space of 134 square metres. Comes with a backup generator. Quiet neighbourhood with good access to transport.",42500.0
Addis Ketema,4,2,125.7,0,1,0,"4-bedroom apartment in Addis Ketema available for rent. 126 square metres, well laid out. Comes with a backup generator. Close to schools and markets.",39500.0
Gulele,2,1,80.6,0,0,0,"Apartment with 2 bedrooms in Gulele, now available. Floor space of 81 square metres. Well maintained apartment. Close to schools and markets.",23500.0
Akaky Kaliti,4,2,114.0,0,1,0,"4-bedroom apartment in Akaky Kaliti available for rent. 114 square metres, well laid out. Comes with a backup generator. Quiet neighbourhood with good access to transport.",35500.0
Addis Ketema,2,1,86.9,0,0,0,"Apartment with 2 bedrooms in Addis Ketema, now available. Floor space of 87 square metres. Well maintained apartment. Close to schools and markets.",23500.0
Kirkos,2,1,83.8,0,0,1,2-bedroom apartment in Kirkos available for rent. Floor space of 84 square metres. Furnished and ready to move in. Quiet neighbourhood with good access to transport.,37500.0
Nifas Silk,3,1,104.1,0,0,0,3-bedroom apartment in Nifas Silk available for rent. Floor space of 104 square metres. Well maintained apartment. Close to schools and markets.,33000.0
Arada,2,1,88.4,0,1,1,"Rent a 2-bedroom home located in Arada. 88 square metres, well laid out. Comes with a backup generator. Furnished and ready to move in. Well maintained and secure.",40000.0
Addis Ketema,5,3,161.0,1,1,0,5-bedroom unit in Addis Ketema for long-term rental. About 161 square metres of living space. Features a private water tank. Comes with a backup generator. Quiet neighbourhood with good access to transport.,52000.0
Bole,3,2,116.4,0,0,0,3-bedroom unit in Bole for long-term rental. About 116 square metres of living space. Well maintained apartment. Quiet neighbourhood with good access to transport.,48500.0
Kirkos,2,2,92.6,0,0,0,"2-bedroom unit in Kirkos for long-term rental. 93 square metres, well laid out. Well maintained apartment. Quiet neighbourhood with good access to transport.",36500.0
Lidetta,3,2,105.1,0,0,1,3-bedroom unit in Lidetta for long-term rental. Floor space of 105 square metres. Furnished and ready to move in. Ideal for families or professionals.,35500.0
Yeka,4,3,123.2,0,0,0,"Apartment with 4 bedrooms in Yeka, now available. About 123 square metres of living space. Well maintained apartment. Quiet neighbourhood with good access to transport.",45000.0
Kolfe,2,1,73.5,1,0,0,2-bedroom apartment in Kolfe available for rent. About 74 square metres of living space. Features a private water tank. Well maintained and secure.,23000.0
Kirkos,5,3,144.9,0,1,1,5-bedroom unit in Kirkos for long-term rental. Floor space of 145 square metres. Comes with a backup generator. Furnished and ready to move in. Quiet neighbourhood with good access to transport.,73000.0
Addis Ketema,3,1,108.2,0,1,1,"Rent a 3-bedroom home located in Addis Ketema. 108 square metres, well laid out. Comes with a backup generator. Furnished and ready to move in. Close to schools and markets.",37500.0
Lidetta,4,2,120.6,0,0,0,"Apartment with 4 bedrooms in Lidetta, now available. Floor space of 121 square metres. Well maintained apartment. Well maintained and secure.",36500.0
Yeka,5,3,153.2,0,0,0,5-bedroom apartment in Yeka available for rent. Floor space of 153 square metres. Well maintained apartment. Well maintained and secure.,55000.0
Kolfe,3,2,96.4,0,0,0,3-bedroom apartment in Kolfe available for rent. About 96 square metres of living space. Well maintained apartment. Close to schools and markets.,29500.0
Kirkos,1,1,44.1,0,0,0,1-bedroom apartment in Kirkos available for rent. About 44 square metres of living space. Well maintained apartment. Well maintained and secure.,17500.0
Nifas Silk,4,2,139.8,0,0,1,"Rent a 4-bedroom home located in Nifas Silk. 140 square metres, well laid out. Furnished and ready to move in. Close to schools and markets.",51500.0
Nifas Silk,1,1,58.3,1,0,0,1-bedroom unit in Nifas Silk for long-term rental. About 58 square metres of living space. Features a private water tank. Close to schools and markets.,19000.0
Kolfe,3,2,98.0,0,0,1,Rent a 3-bedroom home located in Kolfe. About 98 square metres of living space. Furnished and ready to move in. Close to schools and markets.,34500.0
Bole,5,3,138.9,1,0,1,"Apartment with 5 bedrooms in Bole, now available. About 139 square metres of living space. Features a private water tank. Furnished and ready to move in. Close to schools and markets.",73000.0
Yeka,3,2,113.1,0,1,0,"3-bedroom apartment in Yeka available for rent. 113 square metres, well laid out. Comes with a backup generator. Ideal for families or professionals.",41500.0
Gulele,4,2,146.5,1,0,1,"4-bedroom apartment in Gulele available for rent. 146 square metres, well laid out. Features a private water tank. Furnished and ready to move in. Well maintained and secure.",53000.0
Nifas Silk,3,1,103.2,1,0,1,3-bedroom unit in Nifas Silk for long-term rental. Floor space of 103 square metres. Features a private water tank. Furnished and ready to move in. Close to schools and markets.,39500.0
Arada,2,1,83.4,0,0,1,"2-bedroom unit in Arada for long-term rental. 83 square metres, well laid out. Furnished and ready to move in. Well maintained and secure.",35000.0
Bole,2,1,98.9,1,1,1,2-bedroom apartment in Bole available for rent. Floor space of 99 square metres. Features a private water tank. Comes with a backup generator. Furnished and ready to move in. Well maintained and secure.,50000.0
Kirkos,3,1,86.3,0,0,0,3-bedroom apartment in Kirkos available for rent. About 86 square metres of living space. Well maintained apartment. Ideal for families or professionals.,35500.0
Lidetta,1,1,87.6,0,0,1,1-bedroom unit in Lidetta for long-term rental. About 88 square metres of living space. Furnished and ready to move in. Close to schools and markets.,25000.0
Bole,3,2,137.3,1,0,0,3-bedroom unit in Bole for long-term rental. About 137 square metres of living space. Features a private water tank. Quiet neighbourhood with good access to transport.,57500.0
Kirkos,3,2,75.5,0,0,0,"3-bedroom unit in Kirkos for long-term rental. 76 square metres, well laid out. Well maintained apartment. Well maintained and secure.",33000.0
Akaky Kaliti,5,3,150.8,1,0,0,5-bedroom unit in Akaky Kaliti for long-term rental. About 151 square metres of living space. Features a private water tank. Ideal for families or professionals.,45000.0
Bole,1,2,55.4,1,0,0,"Apartment with 1 bedrooms in Bole, now available. About 55 square metres of living space. Features a private water tank. Close to schools and markets.",25000.0
Gulele,5,3,148.8,1,1,0,"Apartment with 5 bedrooms in Gulele, now available. About 149 square metres of living space. Features a private water tank. Comes with a backup generator. Quiet neighbourhood with good access to transport.",52500.0
Yeka,3,2,103.0,0,0,1,3-bedroom apartment in Yeka available for rent. Floor space of 103 square metres. Furnished and ready to move in. Close to schools and markets.,41500.0
Lidetta,4,3,139.7,0,0,1,4-bedroom apartment in Lidetta available for rent. Floor space of 140 square metres. Furnished and ready to move in. Well maintained and secure.,48000.0
Gulele,3,3,106.6,1,0,0,Rent a 3-bedroom home located in Gulele. Floor space of 107 square metres. Features a private water tank. Well maintained and secure.,36000.0
Lidetta,2,1,75.1,0,0,0,2-bedroom unit in Lidetta for long-term rental. Floor space of 75 square metres. Well maintained apartment. Well maintained and secure.,21500.0
Yeka,5,2,149.9,0,1,0,Rent a 5-bedroom home located in Yeka. About 150 square metres of living space. Comes with a backup generator. Quiet neighbourhood with good access to transport.,55500.0
Arada,2,1,92.2,0,0,1,"2-bedroom apartment in Arada available for rent. 92 square metres, well laid out. Furnished and ready to move in. Quiet neighbourhood with good access to transport.",38000.0
Kolfe,1,1,49.8,0,0,0,Rent a 1-bedroom home located in Kolfe. Floor space of 50 square metres. Well maintained apartment. Well maintained and secure.,14000.0
Yeka,4,2,110.2,1,0,0,"4-bedroom apartment in Yeka available for rent. 110 square metres, well laid out. Features a private water tank. Ideal for families or professionals.",42000.0
Yeka,4,3,153.9,1,0,0,4-bedroom apartment in Yeka available for rent. About 154 square metres of living space. Features a private water tank. Close to schools and markets.,55000.0
Bole,5,3,144.3,1,0,1,"5-bedroom unit in Bole for long-term rental. 144 square metres, well laid out. Features a private water tank. Furnished and ready to move in. Ideal for families or professionals.",75500.0
Addis Ketema,3,2,106.4,1,0,0,3-bedroom unit in Addis Ketema for long-term rental. About 106 square metres of living space. Features a private water tank. Quiet neighbourhood with good access to transport.,32500.0
Gulele,1,1,59.2,1,0,0,1-bedroom unit in Gulele for long-term rental. About 59 square metres of living space. Features a private water tank. Well maintained and secure.,18500.0
Nifas Silk,1,1,70.6,1,1,0,"Apartment with 1 bedrooms in Nifas Silk, now available. About 71 square metres of living space. Features a private water tank. Comes with a backup generator. Close to schools and markets.",24500.0
Gulele,3,1,129.3,0,0,1,"3-bedroom apartment in Gulele available for rent. 129 square metres, well laid out. Furnished and ready to move in. Ideal for families or professionals.",42500.0
Arada,2,2,93.0,0,0,1,Rent a 2-bedroom home located in Arada. About 93 square metres of living space. Furnished and ready to move in. Well maintained and secure.,40000.0
Arada,5,3,133.8,1,0,0,5-bedroom apartment in Arada available for rent. About 134 square metres of living space. Features a private water tank. Well maintained and secure.,56500.0
Kirkos,1,1,47.4,1,0,0,"Apartment with 1 bedrooms in Kirkos, now available. 47 square metres, well laid out. Features a private water tank. Close to schools and markets.",20500.0
Nifas Silk,5,3,147.2,1,0,0,"5-bedroom unit in Nifas Silk for long-term rental. 147 square metres, well laid out. Features a private water tank. Close to schools and markets.",51500.0
Yeka,2,1,82.8,1,0,0,"Rent a 2-bedroom home located in Yeka. 83 square metres, well laid out. Features a private water tank. Close to schools and markets.",29500.0
Lidetta,1,1,43.3,0,0,1,"Apartment with 1 bedrooms in Lidetta, now available. About 43 square metres of living space. Furnished and ready to move in. Quiet neighbourhood with good access to transport.",14500.0
Kolfe,2,1,95.8,1,1,0,Rent a 2-bedroom home located in Kolfe. Floor space of 96 square metres. Features a private water tank. Comes with a backup generator. Well maintained and secure.,30500.0
Kirkos,1,1,51.0,1,0,0,1-bedroom unit in Kirkos for long-term rental. Floor space of 51 square metres. Features a private water tank. Well maintained and secure.,21500.0
Nifas Silk,3,2,125.9,1,1,0,"3-bedroom unit in Nifas Silk for long-term rental. 126 square metres, well laid out. Features a private water tank. Comes with a backup generator. Well maintained and secure.",43500.0
Bole,2,1,107.8,1,1,1,"Apartment with 2 bedrooms in Bole, now available. About 108 square metres of living space. Features a private water tank. Comes with a backup generator. Furnished and ready to move in. Well maintained and secure.",53500.0
Addis Ketema,3,2,105.0,1,1,0,3-bedroom apartment in Addis Ketema available for rent. Floor space of 105 square metres. Features a private water tank. Comes with a backup generator. Well maintained and secure.,35000.0
Akaky Kaliti,3,2,113.3,1,0,0,"3-bedroom apartment in Akaky Kaliti available for rent. 113 square metres, well laid out. Features a private water tank. Ideal for families or professionals.",32500.0
Akaky Kaliti,1,1,49.2,1,0,0,"Apartment with 1 bedrooms in Akaky Kaliti, now available. Floor space of 49 square metres. Features a private water tank. Ideal for families or professionals.",14500.0
Kirkos,1,1,71.5,0,0,0,Rent a 1-bedroom home located in Kirkos. About 72 square metres of living space. Well maintained apartment. Quiet neighbourhood with good access to transport.,26500.0
Bole,1,1,58.0,0,0,1,1-bedroom unit in Bole for long-term rental. About 58 square metres of living space. Furnished and ready to move in. Ideal for families or professionals.,26500.0
Yeka,1,1,51.0,1,0,1,1-bedroom apartment in Yeka available for rent. Floor space of 51 square metres. Features a private water tank. Furnished and ready to move in. Well maintained and secure.,21500.0
Bole,1,1,60.5,0,0,0,"Rent a 1-bedroom home located in Bole. 60 square metres, well laid out. Well maintained apartment. Ideal for families or professionals.",24000.0
Bole,2,1,80.4,1,0,1,"Apartment with 2 bedrooms in Bole, now available. About 80 square metres of living space. Features a private water tank. Furnished and ready to move in. Well maintained and secure.",40000.0
Bole,3,2,104.1,0,0,1,3-bedroom apartment in Bole available for rent. About 104 square metres of living space. Furnished and ready to move in. Well maintained and secure.,51000.0
Addis Ketema,2,1,97.4,0,1,0,2-bedroom unit in Addis Ketema for long-term rental. About 97 square metres of living space. Comes with a backup generator. Ideal for families or professionals.,28000.0
Bole,2,2,76.6,0,0,1,Rent a 2-bedroom home located in Bole. About 77 square metres of living space. Furnished and ready to move in. Close to schools and markets.,38000.0
Bole,3,2,128.8,1,0,0,"Apartment with 3 bedrooms in Bole, now available. Floor space of 129 square metres. Features a private water tank. Ideal for families or professionals.",54500.0
Kolfe,3,1,92.1,1,0,0,"Apartment with 3 bedrooms in Kolfe, now available. Floor space of 92 square metres. Features a private water tank. Ideal for families or professionals.",29500.0
Nifas Silk,2,1,105.4,0,1,1,2-bedroom unit in Nifas Silk for long-term rental. About 105 square metres of living space. Comes with a backup generator. Furnished and ready to move in. Ideal for families or professionals.,38500.0
Kolfe,2,1,73.8,0,0,0,2-bedroom apartment in Kolfe available for rent. Floor space of 74 square metres. Well maintained apartment. Close to schools and markets.,21500.0
Nifas Silk,3,2,108.0,1,0,0,3-bedroom unit in Nifas Silk for long-term rental. Floor space of 108 square metres. Features a private water tank. Quiet neighbourhood with good access to transport.,36500.0
Lidetta,1,1,58.1,1,0,0,"Apartment with 1 bedrooms in Lidetta, now available. Floor space of 58 square metres. Features a private water tank. Close to schools and markets.",17500.0
Nifas Silk,3,2,103.9,1,0,0,"Apartment with 3 bedrooms in Nifas Silk, now available. About 104 square metres of living space. Features a private water tank. Close to schools and markets.",35500.0
Arada,5,3,161.6,1,0,0,"Apartment with 5 bedrooms in Arada, now available. 162 square metres, well laid out. Features a private water tank. Quiet neighbourhood with good access to transport.",65000.0
Gulele,2,1,104.0,1,0,0,Rent a 2-bedroom home located in Gulele. Floor space of 104 square metres. Features a private water tank. Ideal for families or professionals.,31000.0
Kirkos,1,1,78.3,0,0,1,1-bedroom unit in Kirkos for long-term rental. About 78 square metres of living space. Furnished and ready to move in. Quiet neighbourhood with good access to transport.,32500.0
Kirkos,4,2,125.1,0,0,0,"4-bedroom apartment in Kirkos available for rent. 125 square metres, well laid out. Well maintained apartment. Quiet neighbourhood with good access to transport.",51000.0
Arada,1,1,66.2,1,1,0,"Apartment with 1 bedrooms in Arada, now available. About 66 square metres of living space. Features a private water tank. Comes with a backup generator. Ideal for families or professionals.",27500.0
Bole,1,1,54.6,0,0,0,"Apartment with 1 bedrooms in Bole, now available. About 55 square metres of living space. Well maintained apartment. Quiet neighbourhood with good access to transport.",22000.0
Kolfe,1,1,52.1,0,1,0,"Apartment with 1 bedrooms in Kolfe, now available. About 52 square metres of living space. Comes with a backup generator. Ideal for families or professionals.",17000.0
Yeka,5,3,138.2,0,0,0,"Apartment with 5 bedrooms in Yeka, now available. About 138 square metres of living space. Well maintained apartment. Quiet neighbourhood with good access to transport.",51000.0
Bole,5,3,146.7,1,0,1,"Rent a 5-bedroom home located in Bole. 147 square metres, well laid out. Features a private water tank. Furnished and ready to move in. Quiet neighbourhood with good access to transport.",76000.0
Yeka,3,2,111.0,1,0,0,"Rent a 3-bedroom home located in Yeka. 111 square metres, well laid out. Features a private water tank. Ideal for families or professionals.",40000.0
Lidetta,4,3,107.1,1,0,0,"Rent a 4-bedroom home located in Lidetta. 107 square metres, well laid out. Features a private water tank. Ideal for families or professionals.",36500.0
Kirkos,4,2,129.4,1,0,1,"Rent a 4-bedroom home located in Kirkos. 129 square metres, well laid out. Features a private water tank. Furnished and ready to move in. Quiet neighbourhood with good access to transport.",62500.0
Gulele,4,1,148.2,1,0,0,"Apartment with 4 bedrooms in Gulele, now available. Floor space of 148 square metres. Features a private water tank. Close to schools and markets.",45000.0
Lidetta,3,1,121.5,1,1,0,"Apartment with 3 bedrooms in Lidetta, now available. 122 square metres, well laid out. Features a private water tank. Comes with a backup generator. Quiet neighbourhood with good access to transport.",37500.0
Bole,5,3,145.0,1,1,1,"5-bedroom apartment in Bole available for rent. 145 square metres, well laid out. Features a private water tank. Comes with a backup generator. Furnished and ready to move in. Ideal for families or professionals.",78500.0
Kolfe,4,2,113.2,1,1,0,"4-bedroom unit in Kolfe for long-term rental. 113 square metres, well laid out. Features a private water tank. Comes with a backup generator. Ideal for families or professionals.",40000.0
Yeka,1,1,69.5,0,0,0,1-bedroom apartment in Yeka available for rent. About 70 square metres of living space. Well maintained apartment. Well maintained and secure.,22000.0
Yeka,2,2,58.2,0,0,0,2-bedroom apartment in Yeka available for rent. About 58 square metres of living space. Well maintained apartment. Quiet neighbourhood with good access to transport.,22000.0
Gulele,5,3,165.3,1,0,0,5-bedroom unit in Gulele for long-term rental. Floor space of 165 square metres. Features a private water tank. Well maintained and secure.,53500.0
Akaky Kaliti,3,1,105.4,0,1,0,"Apartment with 3 bedrooms in Akaky Kaliti, now available. Floor space of 105 square metres. Comes with a backup generator. Ideal for families or professionals.",30500.0
Yeka,2,1,108.0,1,1,0,Rent a 2-bedroom home located in Yeka. Floor space of 108 square metres. Features a private water tank. Comes with a backup generator. Close to schools and markets.,38500.0
Nifas Silk,5,3,131.3,1,0,0,"5-bedroom unit in Nifas Silk for long-term rental. 131 square metres, well laid out. Features a private water tank. Close to schools and markets.",48000.0
Yeka,4,2,141.0,0,1,0,"4-bedroom unit in Yeka for long-term rental. 141 square metres, well laid out. Comes with a backup generator. Close to schools and markets.",51000.0
Arada,3,2,106.8,0,0,0,3-bedroom apartment in Arada available for rent. About 107 square metres of living space. Well maintained apartment. Ideal for families or professionals.,41000.0
Nifas Silk,3,3,104.0,1,0,1,3-bedroom apartment in Nifas Silk available for rent. Floor space of 104 square metres. Features a private water tank. Furnished and ready to move in. Quiet neighbourhood with good access to transport.,42500.0
Nifas Silk,1,1,47.6,1,0,0,1-bedroom unit in Nifas Silk for long-term rental. Floor space of 48 square metres. Features a private water tank. Quiet neighbourhood with good access to transport.,16500.0
Nifas Silk,2,1,93.1,1,0,0,"Apartment with 2 bedrooms in Nifas Silk, now available. 93 square metres, well laid out. Features a private water tank. Ideal for families or professionals.",29500.0
Bole,3,2,116.1,0,0,1,"3-bedroom unit in Bole for long-term rental. 116 square metres, well laid out. Furnished and ready to move in. Close to schools and markets.",55500.0
Gulele,5,3,173.4,1,0,0,5-bedroom apartment in Gulele available for rent. Floor space of 173 square metres. Features a private water tank. Close to schools and markets.,55500.0
Gulele,2,2,98.1,1,0,1,Rent a 2-bedroom home located in Gulele. Floor space of 98 square metres. Features a private water tank. Furnished and ready to move in. Ideal for families or professionals.,35500.0
Gulele,1,1,56.9,1,0,0,"Rent a 1-bedroom home located in Gulele. 57 square metres, well laid out. Features a private water tank. Quiet neighbourhood with good access to transport.",18000.0
Bole,3,2,96.0,0,0,0,"3-bedroom unit in Bole for long-term rental. 96 square metres, well laid out. Well maintained apartment. Quiet neighbourhood with good access to transport.",41500.0
Kirkos,5,3,135.6,1,0,0,5-bedroom unit in Kirkos for long-term rental. Floor space of 136 square metres. Features a private water tank. Ideal for families or professionals.,60000.0
Kirkos,3,2,125.7,0,0,1,Rent a 3-bedroom home located in Kirkos. Floor space of 126 square metres. Furnished and ready to move in. Quiet neighbourhood with good access to transport.,56500.0
Bole,2,1,76.7,0,1,0,"Apartment with 2 bedrooms in Bole, now available. Floor space of 77 square metres. Comes with a backup generator. Ideal for families or professionals.",34500.0
Yeka,4,2,147.8,1,0,0,Rent a 4-bedroom home located in Yeka. Floor space of 148 square metres. Features a private water tank. Well maintained and secure.,52000.0
Kirkos,4,2,136.3,0,0,0,"Rent a 4-bedroom home located in Kirkos. 136 square metres, well laid out. Well maintained apartment. Close to schools and markets.",55000.0
Gulele,2,1,90.0,1,0,1,"Rent a 2-bedroom home located in Gulele. 90 square metres, well laid out. Features a private water tank. Furnished and ready to move in. Close to schools and markets.",32000.0
Yeka,5,3,148.3,1,0,1,5-bedroom apartment in Yeka available for rent. Floor space of 148 square metres. Features a private water tank. Furnished and ready to move in. Close to schools and markets.,64000.0
Kolfe,3,1,115.9,1,1,0,3-bedroom apartment in Kolfe available for rent. Floor space of 116 square metres. Features a private water tank. Comes with a backup generator. Close to schools and markets.,37000.0
Arada,1,1,63.8,0,0,1,"1-bedroom unit in Arada for long-term rental. 64 square metres, well laid out. Furnished and ready to move in. Well maintained and secure.",26000.0
Kolfe,3,1,103.6,0,0,0,3-bedroom apartment in Kolfe available for rent. About 104 square metres of living space. Well maintained apartment. Close to schools and markets.,30000.0
Arada,5,3,160.4,0,0,1,"Apartment with 5 bedrooms in Arada, now available. About 160 square metres of living space. Furnished and ready to move in. Quiet neighbourhood with good access to transport.",72000.0
Arada,2,1,84.3,0,0,1,"2-bedroom apartment in Arada available for rent. 84 square metres, well laid out. Furnished and ready to move in. Close to schools and markets.",35500.0
Nifas Silk,3,2,98.4,1,0,0,3-bedroom unit in Nifas Silk for long-term rental. About 98 square metres of living space. Features a private water tank. Well maintained and secure.,34500.0
Akaky Kaliti,4,2,137.2,1,1,0,4-bedroom unit in Akaky Kaliti for long-term rental. Floor space of 137 square metres. Features a private water tank. Comes with a backup generator. Close to schools and markets.,41500.0
Arada,4,3,129.2,1,0,0,"Apartment with 4 bedrooms in Arada, now available. About 129 square metres of living space. Features a private water tank. Ideal for families or professionals.",53000.0
Arada,5,3,157.9,1,0,0,Rent a 5-bedroom home located in Arada. About 158 square metres of living space. Features a private water tank. Well maintained and secure.,64000.0
Nifas Silk,1,1,58.6,0,0,0,1-bedroom unit in Nifas Silk for long-term rental. About 59 square metres of living space. Well maintained apartment. Ideal for families or professionals.,17500.0
Gulele,3,2,93.5,0,0,0,"Apartment with 3 bedrooms in Gulele, now available. About 94 square metres of living space. Well maintained apartment. Quiet neighbourhood with good access to transport.",30000.0
Bole,3,1,128.8,0,0,1,3-bedroom apartment in Bole available for rent. About 129 square metres of living space. Furnished and ready to move in. Close to schools and markets.,59500.0
Arada,1,1,82.6,1,0,0,"Rent a 1-bedroom home located in Arada. 83 square metres, well laid out. Features a private water tank. Well maintained and secure.",30000.0
Arada,4,2,140.6,1,0,0,"Rent a 4-bedroom home located in Arada. 141 square metres, well laid out. Features a private water tank. Ideal for families or professionals.",55000.0
Akaky Kaliti,1,2,59.3,1,1,0,"1-bedroom apartment in Akaky Kaliti available for rent. 59 square metres, well laid out. Features a private water tank. Comes with a backup generator. Well maintained and secure.",20500.0
Arada,3,2,104.4,0,0,0,Rent a 3-bedroom home located in Arada. Floor space of 104 square metres. Well maintained apartment. Close to schools and markets.,40500.0
Arada,2,2,102.6,1,0,0,"Rent a 2-bedroom home located in Arada. 103 square metres, well laid out. Features a private water tank. Close to schools and markets.",39500.0
Addis Ketema,1,1,59.8,1,0,0,1-bedroom unit in Addis Ketema for long-term rental. About 60 square metres of living space. Features a private water tank. Quiet neighbourhood with good access to transport.,17500.0
Arada,5,3,144.4,1,0,0,"5-bedroom apartment in Arada available for rent. 144 square metres, well laid out. Features a private water tank. Ideal for families or professionals.",59500.0
Yeka,2,1,108.5,0,0,0,2-bedroom unit in Yeka for long-term rental. About 108 square metres of living space. Well maintained apartment. Ideal for families or professionals.,34500.0
Yeka,2,2,85.4,0,0,0,"Rent a 2-bedroom home located in Yeka. 85 square metres, well laid out. Well maintained apartment. Quiet neighbourhood with good access to transport.",29500.0
Bole,5,2,173.2,0,0,0,"Rent a 5-bedroom home located in Bole. 173 square metres, well laid out. Well maintained apartment. Close to schools and markets.",72500.0
Bole,5,3,135.2,1,0,1,5-bedroom unit in Bole for long-term rental. Floor space of 135 square metres. Features a private water tank. Furnished and ready to move in. Quiet neighbourhood with good access to transport.,71500.0
Kirkos,1,1,70.2,0,0,0,1-bedroom apartment in Kirkos available for rent. Floor space of 70 square metres. Well maintained apartment. Ideal for families or professionals.,26000.0
Kolfe,2,1,110.9,1,0,0,"Apartment with 2 bedrooms in Kolfe, now available. About 111 square metres of living space. Features a private water tank. Well maintained and secure.",31000.0
Gulele,4,2,130.4,1,1,0,Rent a 4-bedroom home located in Gulele. About 130 square metres of living space. Features a private water tank. Comes with a backup generator. Close to schools and markets.,45000.0
Bole,4,3,126.8,0,0,1,Rent a 4-bedroom home located in Bole. About 127 square metres of living space. Furnished and ready to move in. Ideal for families or professionals.,64000.0
Nifas Silk,5,3,138.0,1,0,1,"5-bedroom unit in Nifas Silk for long-term rental. 138 square metres, well laid out. Features a private water tank. Furnished and ready to move in. Quiet neighbourhood with good access to transport.",57000.0
Bole,3,2,121.0,0,0,1,"Apartment with 3 bedrooms in Bole, now available. Floor space of 121 square metres. Furnished and ready to move in. Close to schools and markets.",57500.0
Akaky Kaliti,1,1,54.8,0,0,0,"1-bedroom unit in Akaky Kaliti for long-term rental. 55 square metres, well laid out. Well maintained apartment. Well maintained and secure.",14000.0
Bole,5,2,150.9,0,0,0,"Rent a 5-bedroom home located in Bole. 151 square metres, well laid out. Well maintained apartment. Close to schools and markets.",64500.0
Nifas Silk,1,1,49.2,1,0,0,"1-bedroom unit in Nifas Silk for long-term rental. 49 square metres, well laid out. Features a private water tank. Well maintained and secure.",17000.0
Kirkos,1,1,82.7,0,0,1,"1-bedroom unit in Kirkos for long-term rental. 83 square metres, well laid out. Furnished and ready to move in. Quiet neighbourhood with good access to transport.",34500.0
Nifas Silk,4,2,143.9,0,0,0,"4-bedroom apartment in Nifas Silk available for rent. 144 square metres, well laid out. Well maintained apartment. Ideal for families or professionals.",45500.0
Kirkos,4,3,129.6,1,0,0,4-bedroom unit in Kirkos for long-term rental. About 130 square metres of living space. Features a private water tank. Ideal for families or professionals.,55500.0
Kolfe,1,1,50.2,1,0,0,1-bedroom unit in Kolfe for long-term rental. Floor space of 50 square metres. Features a private water tank. Well maintained and secure.,16000.0
Yeka,1,1,82.4,1,1,1,Rent a 1-bedroom home located in Yeka. Floor space of 82 square metres. Features a private water tank. Comes with a backup generator. Furnished and ready to move in. Ideal for families or professionals.,34000.0
Akaky Kaliti,3,2,103.6,1,1,0,3-bedroom unit in Akaky Kaliti for long-term rental. Floor space of 104 square metres. Features a private water tank. Comes with a backup generator. Quiet neighbourhood with good access to transport.,33000.0
Arada,2,1,72.7,0,0,0,"Apartment with 2 bedrooms in Arada, now available. 73 square metres, well laid out. Well maintained apartment. Close to schools and markets.",27500.0
Kolfe,4,2,108.9,1,0,0,"4-bedroom apartment in Kolfe available for rent. 109 square metres, well laid out. Features a private water tank. Ideal for families or professionals.",36500.0
Lidetta,3,2,100.2,0,0,0,3-bedroom unit in Lidetta for long-term rental. Floor space of 100 square metres. Well maintained apartment. Close to schools and markets.,30000.0
Addis Ketema,3,3,90.5,1,1,0,Rent a 3-bedroom home located in Addis Ketema. Floor space of 90 square metres. Features a private water tank. Comes with a backup generator. Well maintained and secure.,33000.0
Yeka,3,2,100.5,1,0,0,"3-bedroom apartment in Yeka available for rent. 100 square metres, well laid out. Features a private water tank. Quiet neighbourhood with good access to transport.",37500.0
Yeka,2,1,94.9,1,0,1,2-bedroom unit in Yeka for long-term rental. About 95 square metres of living space. Features a private water tank. Furnished and ready to move in. Quiet neighbourhood with good access to transport.,37500.0
Yeka,2,1,81.5,0,0,1,Rent a 2-bedroom home located in Yeka. About 82 square metres of living space. Furnished and ready to move in. Quiet neighbourhood with good access to transport.,31500.0
Yeka,4,3,134.3,1,0,0,4-bedroom apartment in Yeka available for rent. About 134 square metres of living space. Features a private water tank. Ideal for families or professionals.,50000.0
Nifas Silk,3,2,99.3,0,0,1,3-bedroom apartment in Nifas Silk available for rent. About 99 square metres of living space. Furnished and ready to move in. Well maintained and secure.,38000.0
Addis Ketema,3,2,108.8,1,0,0,"Rent a 3-bedroom home located in Addis Ketema. 109 square metres, well laid out. Features a private water tank. Close to schools and markets.",33000.0
Addis Ketema,3,1,131.1,0,0,0,"3-bedroom apartment in Addis Ketema available for rent. 131 square metres, well laid out. Well maintained apartment. Well maintained and secure.",34500.0
Arada,2,1,81.8,1,0,0,2-bedroom unit in Arada for long-term rental. Floor space of 82 square metres. Features a private water tank. Quiet neighbourhood with good access to transport.,32000.0
Nifas Silk,5,3,156.6,1,0,1,5-bedroom unit in Nifas Silk for long-term rental. Floor space of 157 square metres. Features a private water tank. Furnished and ready to move in. Quiet neighbourhood with good access to transport.,62000.0
Lidetta,3,2,89.2,1,0,1,3-bedroom apartment in Lidetta available for rent. About 89 square metres of living space. Features a private water tank. Furnished and ready to move in. Ideal for families or professionals.,34000.0
Akaky Kaliti,4,2,148.2,1,0,0,Rent a 4-bedroom home located in Akaky Kaliti. Floor space of 148 square metres. Features a private water tank. Close to schools and markets.,41000.0
Yeka,5,3,146.3,0,1,0,"5-bedroom unit in Yeka for long-term rental. 146 square metres, well laid out. Comes with a backup generator. Well maintained and secure.",56000.0
Arada,5,3,164.6,0,0,1,5-bedroom unit in Arada for long-term rental. About 165 square metres of living space. Furnished and ready to move in. Well maintained and secure.,73500.0
Lidetta,4,2,128.5,0,0,0,"Apartment with 4 bedrooms in Lidetta, now available. About 128 square metres of living space. Well maintained apartment. Close to schools and markets.",38000.0
Yeka,4,3,137.3,1,0,1,4-bedroom apartment in Yeka available for rent. About 137 square metres of living space. Features a private water tank. Furnished and ready to move in. Ideal for families or professionals.,58000.0
Kirkos,3,2,116.1,0,0,1,3-bedroom unit in Kirkos for long-term rental. Floor space of 116 square metres. Furnished and ready to move in. Quiet neighbourhood with good access to transport.,53000.0
Addis Ketema,4,2,124.6,0,1,0,4-bedroom unit in Addis Ketema for long-term rental. About 125 square metres of living space. Comes with a backup generator. Quiet neighbourhood with good access to transport.,39500.0
Addis Ketema,2,2,99.1,0,1,0,2-bedroom unit in Addis Ketema for long-term rental. About 99 square metres of living space. Comes with a backup generator. Quiet neighbourhood with good access to transport.,29500.0
Akaky Kaliti,4,2,120.9,1,0,0,"Rent a 4-bedroom home located in Akaky Kaliti. 121 square metres, well laid out. Features a private water tank. Close to schools and markets.",36000.0
Kolfe,1,1,73.3,0,1,0,1-bedroom apartment in Kolfe available for rent. About 73 square metres of living space. Comes with a backup generator. Well maintained and secure.,22000.0
Yeka,5,3,147.3,1,1,0,"Apartment with 5 bedrooms in Yeka, now available. Floor space of 147 square metres. Features a private water tank. Comes with a backup generator. Ideal for families or professionals.",58000.0
Kirkos,2,1,90.2,0,0,1,2-bedroom unit in Kirkos for long-term rental. About 90 square metres of living space. Furnished and ready to move in. Close to schools and markets.,39500.0
Arada,4,2,124.5,1,0,0,"4-bedroom unit in Arada for long-term rental. 124 square metres, well laid out. Features a private water tank. Ideal for families or professionals.",50500.0
Nifas Silk,1,1,64.6,1,0,0,Rent a 1-bedroom home located in Nifas Silk. Floor space of 65 square metres. Features a private water tank. Quiet neighbourhood with good access to transport.,20500.0
Arada,1,1,51.1,0,0,0,1-bedroom apartment in Arada available for rent. Floor space of 51 square metres. Well maintained apartment. Well maintained and secure.,18500.0
Nifas Silk,5,3,155.0,1,0,0,Rent a 5-bedroom home located in Nifas Silk. Floor space of 155 square metres. Features a private water tank. Quiet neighbourhood with good access to transport.,53500.0
Kirkos,5,2,152.5,1,0,0,"5-bedroom unit in Kirkos for long-term rental. 152 square metres, well laid out. Features a private water tank. Quiet neighbourhood with good access to transport.",64000.0
Gulele,2,2,79.5,1,1,1,Rent a 2-bedroom home located in Gulele. Floor space of 80 square metres. Features a private water tank. Comes with a backup generator. Furnished and ready to move in. Quiet neighbourhood with good access to transport.,33500.0
Kirkos,1,1,63.3,0,0,0,"1-bedroom apartment in Kirkos available for rent. 63 square metres, well laid out. Well maintained apartment. Quiet neighbourhood with good access to transport.",23500.0
Kirkos,5,3,153.6,0,0,0,"Apartment with 5 bedrooms in Kirkos, now available. 154 square metres, well laid out. Well maintained apartment. Well maintained and secure.",64000.0
Bole,5,2,144.6,0,0,0,Rent a 5-bedroom home located in Bole. About 145 square metres of living space. Well maintained apartment. Well maintained and secure.,62500.0
Yeka,1,1,62.5,1,0,0,"Rent a 1-bedroom home located in Yeka. 62 square metres, well laid out. Features a private water tank. Well maintained and secure.",22000.0
Lidetta,4,2,117.9,0,0,0,4-bedroom apartment in Lidetta available for rent. About 118 square metres of living space. Well maintained apartment. Well maintained and secure.,36000.0
Kirkos,2,2,114.1,0,0,0,"Apartment with 2 bedrooms in Kirkos, now available. 114 square metres, well laid out. Well maintained apartment. Quiet neighbourhood with good access to transport.",43500.0
Yeka,4,2,142.7,0,0,0,4-bedroom apartment in Yeka available for rent. About 143 square metres of living space. Well maintained apartment. Well maintained and secure.,49000.0
Kolfe,3,2,111.3,1,1,0,"3-bedroom apartment in Kolfe available for rent. 111 square metres, well laid out. Features a private water tank. Comes with a backup generator. Ideal for families or professionals.",37500.0
Arada,1,1,78.1,0,0,0,Rent a 1-bedroom home located in Arada. About 78 square metres of living space. Well maintained apartment. Ideal for families or professionals.,27000.0
Bole,2,1,62.2,1,0,0,2-bedroom unit in Bole for long-term rental. About 62 square metres of living space. Features a private water tank. Well maintained and secure.,28500.0
Yeka,3,2,77.3,1,0,0,3-bedroom apartment in Yeka available for rent. About 77 square metres of living space. Features a private water tank. Well maintained and secure.,31500.0
Bole,4,3,125.2,0,1,0,"Apartment with 4 bedrooms in Bole, now available. Floor space of 125 square metres. Comes with a backup generator. Quiet neighbourhood with good access to transport.",57500.0
Nifas Silk,1,1,47.5,1,0,0,1-bedroom apartment in Nifas Silk available for rent. Floor space of 48 square metres. Features a private water tank. Quiet neighbourhood with good access to transport.,16500.0
Yeka,5,2,149.2,1,0,0,5-bedroom unit in Yeka for long-term rental. About 149 square metres of living space. Features a private water tank. Well maintained and secure.,54500.0
Bole,4,2,132.5,0,0,0,4-bedroom apartment in Bole available for rent. Floor space of 132 square metres. Well maintained apartment. Quiet neighbourhood with good access to transport.,56000.0
Bole,5,3,163.0,1,0,1,Rent a 5-bedroom home located in Bole. Floor space of 163 square metres. Features a private water tank. Furnished and ready to move in. Quiet neighbourhood with good access to transport.,82500.0
Nifas Silk,5,3,138.3,1,0,0,"5-bedroom apartment in Nifas Silk available for rent. 138 square metres, well laid out. Features a private water tank. Ideal for families or professionals.",49500.0
Bole,1,1,68.8,0,0,0,"Apartment with 1 bedrooms in Bole, now available. Floor space of 69 square metres. Well maintained apartment. Well maintained and secure.",27000.0
Lidetta,1,1,64.2,0,0,0,"Apartment with 1 bedrooms in Lidetta, now available. 64 square metres, well laid out. Well maintained apartment. Well maintained and secure.",17000.0
Bole,4,2,134.2,0,0,1,Rent a 4-bedroom home located in Bole. About 134 square metres of living space. Furnished and ready to move in. Close to schools and markets.,65500.0
Nifas Silk,1,1,57.8,0,0,0,Rent a 1-bedroom home located in Nifas Silk. Floor space of 58 square metres. Well maintained apartment. Close to schools and markets.,17500.0
Kirkos,1,1,80.6,0,0,1,1-bedroom apartment in Kirkos available for rent. About 81 square metres of living space. Furnished and ready to move in. Quiet neighbourhood with good access to transport.,33500.0
Kirkos,3,2,106.8,0,0,0,3-bedroom apartment in Kirkos available for rent. Floor space of 107 square metres. Well maintained apartment. Well maintained and secure.,43000.0
Bole,5,3,173.3,0,0,0,Rent a 5-bedroom home located in Bole. About 173 square metres of living space. Well maintained apartment. Well maintained and secure.,73500.0
Kolfe,4,2,120.5,0,1,0,"4-bedroom apartment in Kolfe available for rent. 120 square metres, well laid out. Comes with a backup generator. Close to schools and markets.",39500.0
Akaky Kaliti,3,1,116.9,0,0,0,Rent a 3-bedroom home located in Akaky Kaliti. Floor space of 117 square metres. Well maintained apartment. Well maintained and secure.,30000.0
Bole,1,1,63.3,0,0,0,1-bedroom apartment in Bole available for rent. Floor space of 63 square metres. Well maintained apartment. Ideal for families or professionals.,25000.0
Bole,2,1,82.1,0,0,0,Rent a 2-bedroom home located in Bole. About 82 square metres of living space. Well maintained apartment. Close to schools and markets.,33500.0
Akaky Kaliti,4,3,137.6,0,0,0,Rent a 4-bedroom home located in Akaky Kaliti. About 138 square metres of living space. Well maintained apartment. Close to schools and markets.,38500.0
Arada,1,1,60.4,0,0,1,1-bedroom unit in Arada for long-term rental. Floor space of 60 square metres. Furnished and ready to move in. Quiet neighbourhood with good access to transport.,24500.0
Bole,3,2,76.1,0,0,1,3-bedroom unit in Bole for long-term rental. About 76 square metres of living space. Furnished and ready to move in. Quiet neighbourhood with good access to transport.,40000.0
Yeka,1,1,30.0,1,0,1,"Apartment with 1 bedrooms in Yeka, now available. About 30 square metres of living space. Features a private water tank. Furnished and ready to move in. Quiet neighbourhood with good access to transport.",15000.0
Nifas Silk,2,1,101.3,0,1,0,"Apartment with 2 bedrooms in Nifas Silk, now available. About 101 square metres of living space. Comes with a backup generator. Close to schools and markets.",32500.0
Gulele,2,1,100.8,0,0,0,"2-bedroom apartment in Gulele available for rent. 101 square metres, well laid out. Well maintained apartment. Well maintained and secure.",28500.0
Nifas Silk,4,2,152.6,1,0,0,4-bedroom apartment in Nifas Silk available for rent. Floor space of 153 square metres. Features a private water tank. Close to schools and markets.,49500.0
Addis Ketema,5,3,151.8,1,0,0,"5-bedroom apartment in Addis Ketema available for rent. 152 square metres, well laid out. Features a private water tank. Ideal for families or professionals.",47500.0
Arada,1,1,48.5,0,0,1,1-bedroom unit in Arada for long-term rental. About 48 square metres of living space. Furnished and ready to move in. Well maintained and secure.,20500.0
Yeka,4,2,125.0,0,0,0,4-bedroom unit in Yeka for long-term rental. Floor space of 125 square metres. Well maintained apartment. Quiet neighbourhood with good access to transport.,44500.0
Arada,4,3,130.1,0,0,1,Rent a 4-bedroom home located in Arada. Floor space of 130 square metres. Furnished and ready to move in. Well maintained and secure.,59000.0
Kirkos,5,2,139.9,0,0,1,"Rent a 5-bedroom home located in Kirkos. 140 square metres, well laid out. Furnished and ready to move in. Well maintained and secure.",67000.0
Yeka,5,3,171.8,1,0,1,"Apartment with 5 bedrooms in Yeka, now available. 172 square metres, well laid out. Features a private water tank. Furnished and ready to move in. Close to schools and markets.",71000.0
Bole,1,1,90.9,0,0,0,Rent a 1-bedroom home located in Bole. About 91 square metres of living space. Well maintained apartment. Well maintained and secure.,34500.0
Kirkos,4,2,135.7,0,0,0,"Apartment with 4 bedrooms in Kirkos, now available. Floor space of 136 square metres. Well maintained apartment. Well maintained and secure.",54500.0
Gulele,3,1,107.9,1,0,0,"Apartment with 3 bedrooms in Gulele, now available. 108 square metres, well laid out. Features a private water tank. Ideal for families or professionals.",34000.0
Bole,1,1,48.5,0,0,1,1-bedroom unit in Bole for long-term rental. About 48 square metres of living space. Furnished and ready to move in. Close to schools and markets.,23000.0
Kirkos,2,1,104.6,1,0,0,"2-bedroom apartment in Kirkos available for rent. 105 square metres, well laid out. Features a private water tank. Quiet neighbourhood with good access to transport.",41000.0
Nifas Silk,5,3,152.9,1,0,0,"5-bedroom unit in Nifas Silk for long-term rental. 153 square metres, well laid out. Features a private water tank. Close to schools and markets.",53000.0
Nifas Silk,3,1,104.5,1,0,0,3-bedroom unit in Nifas Silk for long-term rental. Floor space of 104 square metres. Features a private water tank. Quiet neighbourhood with good access to transport.,34500.0
Kolfe,2,1,91.8,1,0,1,2-bedroom unit in Kolfe for long-term rental. Floor space of 92 square metres. Features a private water tank. Furnished and ready to move in. Close to schools and markets.,31000.0
Kolfe,2,1,79.0,1,1,0,"Apartment with 2 bedrooms in Kolfe, now available. 79 square metres, well laid out. Features a private water tank. Comes with a backup generator. Ideal for families or professionals.",27000.0
Gulele,5,3,153.8,1,0,0,Rent a 5-bedroom home located in Gulele. Floor space of 154 square metres. Features a private water tank. Well maintained and secure.,51000.0
Bole,2,2,68.7,1,0,0,"Apartment with 2 bedrooms in Bole, now available. About 69 square metres of living space. Features a private water tank. Quiet neighbourhood with good access to transport.",32000.0
Arada,1,1,77.0,1,0,0,1-bedroom apartment in Arada available for rent. Floor space of 77 square metres. Features a private water tank. Well maintained and secure.,28500.0
Nifas Silk,3,1,106.7,1,0,0,"3-bedroom apartment in Nifas Silk available for rent. 107 square metres, well laid out. Features a private water tank. Quiet neighbourhood with good access to transport.",35000.0
Yeka,5,3,165.9,0,0,0,"5-bedroom unit in Yeka for long-term rental. 166 square metres, well laid out. Well maintained apartment. Well maintained and secure.",58500.0
Bole,1,1,61.6,0,0,1,"Apartment with 1 bedrooms in Bole, now available. Floor space of 62 square metres. Furnished and ready to move in. Close to schools and markets.",28000.0
Yeka,2,1,84.4,1,1,1,"Apartment with 2 bedrooms in Yeka, now available. About 84 square metres of living space. Features a private water tank. Comes with a backup generator. Furnished and ready to move in. Close to schools and markets.",37000.0
Arada,3,1,93.5,0,0,0,"Apartment with 3 bedrooms in Arada, now available. About 94 square metres of living space. Well maintained apartment. Close to schools and markets.",36000.0
Kirkos,1,1,73.1,0,0,1,1-bedroom apartment in Kirkos available for rent. Floor space of 73 square metres. Furnished and ready to move in. Well maintained and secure.,31000.0
Bole,4,3,119.5,0,0,1,4-bedroom unit in Bole for long-term rental. Floor space of 120 square metres. Furnished and ready to move in. Close to schools and markets.,61000.0
Kolfe,2,1,80.2,0,1,0,"Rent a 2-bedroom home located in Kolfe. 80 square metres, well laid out. Comes with a backup generator. Quiet neighbourhood with good access to transport.",25500.0
Akaky Kaliti,1,1,64.0,0,0,0,"1-bedroom unit in Akaky Kaliti for long-term rental. 64 square metres, well laid out. Well maintained apartment. Well maintained and secure.",15500.0
Yeka,2,1,87.5,0,1,1,2-bedroom apartment in Yeka available for rent. Floor space of 88 square metres. Comes with a backup generator. Furnished and ready to move in. Quiet neighbourhood with good access to transport.,36000.0
Akaky Kaliti,5,3,131.5,0,1,0,5-bedroom unit in Akaky Kaliti for long-term rental. Floor space of 132 square metres. Comes with a backup generator. Close to schools and markets.,42000.0
Bole,5,3,149.2,1,0,0,5-bedroom unit in Bole for long-term rental. About 149 square metres of living space. Features a private water tank. Close to schools and markets.,67000.0
Akaky Kaliti,3,2,117.5,0,1,0,Rent a 3-bedroom home located in Akaky Kaliti. About 118 square metres of living space. Comes with a backup generator. Ideal for families or professionals.,34000.0
Addis Ketema,3,2,103.5,0,0,0,"Apartment with 3 bedrooms in Addis Ketema, now available. 104 square metres, well laid out. Well maintained apartment. Well maintained and secure.",30000.0
Bole,5,3,149.3,0,0,0,5-bedroom apartment in Bole available for rent. About 149 square metres of living space. Well maintained apartment. Ideal for families or professionals.,65500.0
Kolfe,1,1,65.9,1,1,0,"Apartment with 1 bedrooms in Kolfe, now available. Floor space of 66 square metres. Features a private water tank. Comes with a backup generator. Quiet neighbourhood with good access to transport.",22000.0
Addis Ketema,4,2,128.5,0,1,0,4-bedroom apartment in Addis Ketema available for rent. About 128 square metres of living space. Comes with a backup generator. Close to schools and markets.,40000.0
Akaky Kaliti,4,3,117.6,1,1,0,"Apartment with 4 bedrooms in Akaky Kaliti, now available. Floor space of 118 square metres. Features a private water tank. Comes with a backup generator. Close to schools and markets.",39000.0
Addis Ketema,4,2,129.6,0,0,1,4-bedroom apartment in Addis Ketema available for rent. About 130 square metres of living space. Furnished and ready to move in. Ideal for families or professionals.,43500.0
Arada,2,2,97.9,0,0,0,"2-bedroom apartment in Arada available for rent. 98 square metres, well laid out. Well maintained apartment. Close to schools and markets.",36000.0
Bole,4,3,117.4,0,0,0,"Apartment with 4 bedrooms in Bole, now available. 117 square metres, well laid out. Well maintained apartment. Ideal for families or professionals.",52500.0
Lidetta,4,2,125.5,0,0,1,4-bedroom apartment in Lidetta available for rent. About 126 square metres of living space. Furnished and ready to move in. Quiet neighbourhood with good access to transport.,43000.0
Nifas Silk,5,3,135.4,1,0,0,5-bedroom unit in Nifas Silk for long-term rental. Floor space of 135 square metres. Features a private water tank. Close to schools and markets.,49000.0
Nifas Silk,1,1,75.3,1,0,0,"Rent a 1-bedroom home located in Nifas Silk. 75 square metres, well laid out. Features a private water tank. Ideal for families or professionals.",23500.0
Kirkos,4,2,128.9,0,1,1,Rent a 4-bedroom home located in Kirkos. Floor space of 129 square metres. Comes with a backup generator. Furnished and ready to move in. Close to schools and markets.,63500.0
Nifas Silk,5,3,141.8,0,0,0,"Apartment with 5 bedrooms in Nifas Silk, now available. 142 square metres, well laid out. Well maintained apartment. Well maintained and secure.",48500.0
Bole,2,1,87.1,0,0,1,"Rent a 2-bedroom home located in Bole. 87 square metres, well laid out. Furnished and ready to move in. Close to schools and markets.",40500.0
Gulele,4,3,115.6,0,0,1,"Rent a 4-bedroom home located in Gulele. 116 square metres, well laid out. Furnished and ready to move in. Ideal for families or professionals.",44000.0
Bole,1,1,51.6,1,0,0,"Apartment with 1 bedrooms in Bole, now available. Floor space of 52 square metres. Features a private water tank. Close to schools and markets.",22500.0
Gulele,4,2,112.5,0,1,0,4-bedroom unit in Gulele for long-term rental. Floor space of 112 square metres. Comes with a backup generator. Well maintained and secure.,39000.0
Lidetta,4,2,117.2,0,0,0,"Apartment with 4 bedrooms in Lidetta, now available. 117 square metres, well laid out. Well maintained apartment. Quiet neighbourhood with good access to transport.",36000.0
Arada,1,1,80.3,1,0,0,"Apartment with 1 bedrooms in Arada, now available. Floor space of 80 square metres. Features a private water tank. Ideal for families or professionals.",29500.0
Arada,1,1,55.2,0,0,0,"Rent a 1-bedroom home located in Arada. 55 square metres, well laid out. Well maintained apartment. Ideal for families or professionals.",20000.0
Yeka,4,2,135.6,1,0,0,"4-bedroom apartment in Yeka available for rent. 136 square metres, well laid out. Features a private water tank. Ideal for families or professionals.",49000.0
Addis Ketema,2,2,76.0,1,0,0,2-bedroom apartment in Addis Ketema available for rent. About 76 square metres of living space. Features a private water tank. Close to schools and markets.,24000.0
Gulele,3,2,117.1,1,1,0,Rent a 3-bedroom home located in Gulele. About 117 square metres of living space. Features a private water tank. Comes with a backup generator. Ideal for families or professionals.,39500.0
Kirkos,1,1,51.7,1,0,0,1-bedroom apartment in Kirkos available for rent. Floor space of 52 square metres. Features a private water tank. Quiet neighbourhood with good access to transport.,21500.0
Bole,5,3,152.5,1,0,0,5-bedroom unit in Bole for long-term rental. Floor space of 152 square metres. Features a private water tank. Quiet neighbourhood with good access to transport.,68000.0
Yeka,3,2,108.6,1,0,0,Rent a 3-bedroom home located in Yeka. About 109 square metres of living space. Features a private water tank. Ideal for families or professionals.,39500.0
Arada,5,3,179.9,1,0,0,"5-bedroom apartment in Arada available for rent. 180 square metres, well laid out. Features a private water tank. Close to schools and markets.",70500.0
Akaky Kaliti,1,1,71.6,0,0,0,Rent a 1-bedroom home located in Akaky Kaliti. About 72 square metres of living space. Well maintained apartment. Quiet neighbourhood with good access to transport.,17000.0
Gulele,2,1,78.9,1,0,0,2-bedroom unit in Gulele for long-term rental. Floor space of 79 square metres. Features a private water tank. Ideal for families or professionals.,25000.0
Yeka,4,3,138.2,1,0,0,4-bedroom apartment in Yeka available for rent. Floor space of 138 square metres. Features a private water tank. Quiet neighbourhood with good access to transport.,51000.0
Lidetta,4,2,155.7,0,0,0,4-bedroom unit in Lidetta for long-term rental. About 156 square metres of living space. Well maintained apartment. Quiet neighbourhood with good access to transport.,44000.0
Kirkos,4,3,110.4,0,0,0,"Apartment with 4 bedrooms in Kirkos, now available. Floor space of 110 square metres. Well maintained apartment. Well maintained and secure.",47500.0
Lidetta,5,3,141.9,1,0,0,"5-bedroom apartment in Lidetta available for rent. 142 square metres, well laid out. Features a private water tank. Ideal for families or professionals.",46000.0
Yeka,5,2,149.2,1,0,0,"5-bedroom unit in Yeka for long-term rental. 149 square metres, well laid out. Features a private water tank. Well maintained and secure.",54500.0
Nifas Silk,1,1,59.0,1,1,0,Rent a 1-bedroom home located in Nifas Silk. About 59 square metres of living space. Features a private water tank. Comes with a backup generator. Well maintained and secure.,22000.0
Akaky Kaliti,2,1,82.0,1,0,0,2-bedroom apartment in Akaky Kaliti available for rent. About 82 square metres of living space. Features a private water tank. Well maintained and secure.,23000.0
Yeka,5,3,136.3,1,1,1,5-bedroom apartment in Yeka available for rent. About 136 square metres of living space. Features a private water tank. Comes with a backup generator. Furnished and ready to move in. Well maintained and secure.,63500.0
Gulele,3,2,124.8,1,0,1,"Rent a 3-bedroom home located in Gulele. 125 square metres, well laid out. Features a private water tank. Furnished and ready to move in. Close to schools and markets.",44500.0
Addis Ketema,5,3,134.9,1,1,0,5-bedroom apartment in Addis Ketema available for rent. About 135 square metres of living space. Features a private water tank. Comes with a backup generator. Close to schools and markets.,46500.0
Bole,3,2,105.6,0,0,1,3-bedroom apartment in Bole available for rent. Floor space of 106 square metres. Furnished and ready to move in. Close to schools and markets.,51500.0
Bole,1,1,76.5,0,0,1,"Apartment with 1 bedrooms in Bole, now available. About 76 square metres of living space. Furnished and ready to move in. Quiet neighbourhood with good access to transport.",34000.0
Gulele,3,1,107.6,1,1,1,Rent a 3-bedroom home located in Gulele. Floor space of 108 square metres. Features a private water tank. Comes with a backup generator. Furnished and ready to move in. Quiet neighbourhood with good access to transport.,42000.0
Kirkos,5,3,140.2,0,0,0,"Apartment with 5 bedrooms in Kirkos, now available. Floor space of 140 square metres. Well maintained apartment. Ideal for families or professionals.",59500.0
Bole,4,3,113.8,0,0,0,"4-bedroom unit in Bole for long-term rental. 114 square metres, well laid out. Well maintained apartment. Well maintained and secure.",51000.0
Arada,1,1,61.2,0,0,0,"Apartment with 1 bedrooms in Arada, now available. Floor space of 61 square metres. Well maintained apartment. Quiet neighbourhood with good access to transport.",22000.0
Kolfe,2,2,76.9,0,1,0,Rent a 2-bedroom home located in Kolfe. About 77 square metres of living space. Comes with a backup generator. Ideal for families or professionals.,26000.0
Yeka,5,3,154.5,1,0,0,Rent a 5-bedroom home located in Yeka. Floor space of 154 square metres. Features a private water tank. Ideal for families or professionals.,57500.0
Kirkos,5,3,135.2,0,0,1,"Rent a 5-bedroom home located in Kirkos. 135 square metres, well laid out. Furnished and ready to move in. Quiet neighbourhood with good access to transport.",66500.0
Lidetta,4,2,139.8,0,0,0,"4-bedroom apartment in Lidetta available for rent. 140 square metres, well laid out. Well maintained apartment. Well maintained and secure.",40500.0
Arada,1,1,65.4,0,0,1,"1-bedroom unit in Arada for long-term rental. 65 square metres, well laid out. Furnished and ready to move in. Close to schools and markets.",26500.0
