title,location,subcity,bedrooms,bathrooms,size_sqm,furnished,price_etb,description
2-bedroom unit in Kolfe for long-term rental. Floor space of 92 square metres. Well maintained apartment. Ideal for families or professionals.,Kolfe,Kolfe,2.0,2.0,92.4,False,26500.0,2-bedroom unit in Kolfe for long-term rental. Floor space of 92 square metres. Well maintained apartment. Ideal for families or professionals.
"5-bedroom apartment in Kirkos available for rent. 147 square metres, well laid out. Well maintained apartment. Quiet neighbourhood with good access to transport.",Kirkos,Kirkos,5.0,3.0,147.4,False,62000.0,"5-bedroom apartment in Kirkos available for rent. 147 square metres, well laid out. Well maintained apartment. Quiet neighbourhood with good access to transport."
1-bedroom unit in Lidetta for long-term rental. About 56 square metres of living space. Furnished and ready to move in. Well maintained and secure.,Lidetta,Lidetta,1.0,1.0,56.0,False,17500.0,1-bedroom unit in Lidetta for long-term rental. About 56 square metres of living space. Furnished and ready to move in. Well maintained and secure.
3-bedroom apartment in Gulele available for rent. Floor space of 111 square metres. Features a private water tank. Close to schools and markets.,Gulele,Gulele,3.0,1.0,111.1,False,34500.0,3-bedroom apartment in Gulele available for rent. Floor space of 111 square metres. Features a private water tank. Close to schools and markets.
"Apartment with 5 bedrooms in Bole, now available. Floor space of 132 square metres. Well maintained apartment. Quiet neighbourhood with good access to transport.",Bole,Bole,5.0,3.0,131.9,False,59500.0,"Apartment with 5 bedrooms in Bole, now available. Floor space of 132 square metres. Well maintained apartment. Quiet neighbourhood with good access to transport."
5-bedroom unit in Addis Ketema for long-term rental. Floor space of 160 square metres. Well maintained apartment. Well maintained and secure.,Addis Ketema,Addis Ketema,5.0,3.0,160.4,False,47500.0,5-bedroom unit in Addis Ketema for long-term rental. Floor space of 160 square metres. Well maintained apartment. Well maintained and secure.
2-bedroom unit in Kolfe for long-term rental. Floor space of 75 square metres. Features a private water tank. Comes with a backup generator. Well maintained and secure.,Kolfe,Kolfe,2.0,1.0,74.6,False,26000.0,2-bedroom unit in Kolfe for long-term rental. Floor space of 75 square metres. Features a private water tank. Comes with a backup generator. Well maintained and secure.
4-bedroom apartment in Kolfe available for rent. Floor space of 134 square metres. Features a private water tank. Well maintained and secure.,Kolfe,Kolfe,4.0,3.0,134.4,False,43000.0,4-bedroom apartment in Kolfe available for rent. Floor space of 134 square metres. Features a private water tank. Well maintained and secure.
1-bedroom apartment in Bole available for rent. Floor space of 58 square metres. Features a private water tank. Close to schools and markets.,Bole,Bole,1.0,1.0,57.7,False,25000.0,1-bedroom apartment in Bole available for rent. Floor space of 58 square metres. Features a private water tank. Close to schools and markets.
"1-bedroom unit in Arada for long-term rental. 61 square metres, well laid out. Well maintained apartment. Close to schools and markets.",Arada,Arada,1.0,1.0,60.8,False,21500.0,"1-bedroom unit in Arada for long-term rental. 61 square metres, well laid out. Well maintained apartment. Close to schools and markets."
2-bedroom unit in Kirkos for long-term rental. About 77 square metres of living space. Well maintained apartment. Close to schools and markets.,Kirkos,Kirkos,2.0,1.0,76.9,False,30000.0,2-bedroom unit in Kirkos for long-term rental. About 77 square metres of living space. Well maintained apartment. Close to schools and markets.
"Apartment with 5 bedrooms in Akaky Kaliti, now available. 150 square metres, well laid out. Features a private water tank. Well maintained and secure.",Akaky Kaliti,Akaky Kaliti,5.0,3.0,150.1,False,45000.0,"Apartment with 5 bedrooms in Akaky Kaliti, now available. 150 square metres, well laid out. Features a private water tank. Well maintained and secure."
4-bedroom apartment in Nifas Silk available for rent. Floor space of 153 square metres. Well maintained apartment. Close to schools and markets.,Nifas Silk,Nifas Silk,4.0,2.0,152.7,False,48000.0,4-bedroom apartment in Nifas Silk available for rent. Floor space of 153 square metres. Well maintained apartment. Close to schools and markets.
3-bedroom apartment in Kolfe available for rent. Floor space of 125 square metres. Comes with a backup generator. Furnished and ready to move in. Well maintained and secure.,Kolfe,Kolfe,3.0,2.0,124.6,False,44000.0,3-bedroom apartment in Kolfe available for rent. Floor space of 125 square metres. Comes with a backup generator. Furnished and ready to move in. Well maintained and secure.
"Rent a 2-bedroom home located in Kirkos. 90 square metres, well laid out. Features a private water tank. Quiet neighbourhood with good access to transport.",Kirkos,Kirkos,2.0,1.0,90.3,False,36500.0,"Rent a 2-bedroom home located in Kirkos. 90 square metres, well laid out. Features a private water tank. Quiet neighbourhood with good access to transport."
"Rent a 1-bedroom home located in Yeka. 64 square metres, well laid out. Well maintained apartment. Well maintained and secure.",Yeka,Yeka,1.0,1.0,63.7,False,20500.0,"Rent a 1-bedroom home located in Yeka. 64 square metres, well laid out. Well maintained apartment. Well maintained and secure."
2-bedroom apartment in Arada available for rent. About 96 square metres of living space. Well maintained apartment. Well maintained and secure.,Arada,Arada,2.0,2.0,96.1,False,35500.0,2-bedroom apartment in Arada available for rent. About 96 square metres of living space. Well maintained apartment. Well maintained and secure.
1-bedroom unit in Bole for long-term rental. About 78 square metres of living space. Furnished and ready to move in. Quiet neighbourhood with good access to transport.,Bole,Bole,1.0,1.0,77.6,False,34500.0,1-bedroom unit in Bole for long-term rental. About 78 square metres of living space. Furnished and ready to move in. Quiet neighbourhood with good access to transport.
Rent a 1-bedroom home located in Kolfe. About 54 square metres of living space. Comes with a backup generator. Furnished and ready to move in. Quiet neighbourhood with good access to transport.,Kolfe,Kolfe,1.0,1.0,54.0,False,20500.0,Rent a 1-bedroom home located in Kolfe. About 54 square metres of living space. Comes with a backup generator. Furnished and ready to move in. Quiet neighbourhood with good access to transport.
Rent a 4-bedroom home located in Nifas Silk. Floor space of 129 square metres. Features a private water tank. Close to schools and markets.,Nifas Silk,Nifas Silk,4.0,2.0,129.1,False,44000.0,Rent a 4-bedroom home located in Nifas Silk. Floor space of 129 square metres. Features a private water tank. Close to schools and markets.
"Rent a 1-bedroom home located in Kolfe. 42 square metres, well laid out. Features a private water tank. Comes with a backup generator. Close to schools and markets.",Kolfe,Kolfe,1.0,1.0,42.1,False,17000.0,"Rent a 1-bedroom home located in Kolfe. 42 square metres, well laid out. Features a private water tank. Comes with a backup generator. Close to schools and markets."
"1-bedroom apartment in Kirkos available for rent. 78 square metres, well laid out. Furnished and ready to move in. Quiet neighbourhood with good access to transport.",Kirkos,Kirkos,1.0,1.0,77.5,False,32500.0,"1-bedroom apartment in Kirkos available for rent. 78 square metres, well laid out. Furnished and ready to move in. Quiet neighbourhood with good access to transport."
"Apartment with 3 bedrooms in Addis Ketema, now available. 133 square metres, well laid out. Features a private water tank. Close to schools and markets.",Addis Ketema,Addis Ketema,3.0,1.0,132.8,False,37000.0,"Apartment with 3 bedrooms in Addis Ketema, now available. 133 square metres, well laid out. Features a private water tank. Close to schools and markets."
Rent a 2-bedroom home located in Akaky Kaliti. Floor space of 87 square metres. Features a private water tank. Quiet neighbourhood with good access to transport.,Akaky Kaliti,Akaky Kaliti,2.0,1.0,87.0,False,24000.0,Rent a 2-bedroom home located in Akaky Kaliti. Floor space of 87 square metres. Features a private water tank. Quiet neighbourhood with good access to transport.
"Rent a 3-bedroom home located in Kolfe. 82 square metres, well laid out. Features a private water tank. Comes with a backup generator. Quiet neighbourhood with good access to transport.",Kolfe,Kolfe,3.0,2.0,82.5,False,31000.0,"Rent a 3-bedroom home located in Kolfe. 82 square metres, well laid out. Features a private water tank. Comes with a backup generator. Quiet neighbourhood with good access to transport."
"1-bedroom apartment in Yeka available for rent. 71 square metres, well laid out. Well maintained apartment. Well maintained and secure.",Yeka,Yeka,1.0,1.0,71.3,False,22500.0,"1-bedroom apartment in Yeka available for rent. 71 square metres, well laid out. Well maintained apartment. Well maintained and secure."
Rent a 2-bedroom home located in Arada. About 75 square metres of living space. Features a private water tank. Quiet neighbourhood with good access to transport.,Arada,Arada,2.0,2.0,75.2,False,31000.0,Rent a 2-bedroom home located in Arada. About 75 square metres of living space. Features a private water tank. Quiet neighbourhood with good access to transport.
"Apartment with 3 bedrooms in Bole, now available. Floor space of 100 square metres. Features a private water tank. Close to schools and markets.",Bole,Bole,3.0,1.0,100.0,False,43500.0,"Apartment with 3 bedrooms in Bole, now available. Floor space of 100 square metres. Features a private water tank. Close to schools and markets."
Rent a 4-bedroom home located in Bole. Floor space of 138 square metres. Well maintained apartment. Quiet neighbourhood with good access to transport.,Bole,Bole,4.0,2.0,137.5,False,58000.0,Rent a 4-bedroom home located in Bole. Floor space of 138 square metres. Well maintained apartment. Quiet neighbourhood with good access to transport.
"Apartment with 3 bedrooms in Gulele, now available. About 111 square metres of living space. Features a private water tank. Comes with a backup generator. Furnished and ready to move in. Close to schools and markets.",Gulele,Gulele,3.0,2.0,111.1,False,44000.0,"Apartment with 3 bedrooms in Gulele, now available. About 111 square metres of living space. Features a private water tank. Comes with a backup generator. Furnished and ready to move in. Close to schools and markets."
"Rent a 3-bedroom home located in Gulele. 102 square metres, well laid out. Features a private water tank. Ideal for families or professionals.",Gulele,Gulele,3.0,2.0,102.1,False,34000.0,"Rent a 3-bedroom home located in Gulele. 102 square metres, well laid out. Features a private water tank. Ideal for families or professionals."
Rent a 3-bedroom home located in Addis Ketema. Floor space of 100 square metres. Well maintained apartment. Ideal for families or professionals.,Addis Ketema,Addis Ketema,3.0,2.0,100.2,False,29500.0,Rent a 3-bedroom home located in Addis Ketema. Floor space of 100 square metres. Well maintained apartment. Ideal for families or professionals.
"Rent a 2-bedroom home located in Kirkos. 88 square metres, well laid out. Well maintained apartment. Well maintained and secure.",Kirkos,Kirkos,2.0,1.0,87.5,False,33500.0,"Rent a 2-bedroom home located in Kirkos. 88 square metres, well laid out. Well maintained apartment. Well maintained and secure."
2-bedroom apartment in Kirkos available for rent. About 81 square metres of living space. Features a private water tank. Furnished and ready to move in. Quiet neighbourhood with good access to transport.,Kirkos,Kirkos,2.0,2.0,81.1,False,39500.0,2-bedroom apartment in Kirkos available for rent. About 81 square metres of living space. Features a private water tank. Furnished and ready to move in. Quiet neighbourhood with good access to transport.
"Apartment with 3 bedrooms in Arada, now available. About 95 square metres of living space. Comes with a backup generator. Furnished and ready to move in. Ideal for families or professionals.",Arada,Arada,3.0,2.0,94.7,False,46000.0,"Apartment with 3 bedrooms in Arada, now available. About 95 square metres of living space. Comes with a backup generator. Furnished and ready to move in. Ideal for families or professionals."
1-bedroom unit in Yeka for long-term rental. About 60 square metres of living space. Well maintained apartment. Quiet neighbourhood with good access to transport.,Yeka,Yeka,1.0,1.0,60.0,False,19500.0,1-bedroom unit in Yeka for long-term rental. About 60 square metres of living space. Well maintained apartment. Quiet neighbourhood with good access to transport.
4-bedroom apartment in Bole available for rent. About 134 square metres of living space. Furnished and ready to move in. Quiet neighbourhood with good access to transport.,Bole,Bole,4.0,2.0,134.1,False,65500.0,4-bedroom apartment in Bole available for rent. About 134 square metres of living space. Furnished and ready to move in. Quiet neighbourhood with good access to transport.
"Apartment with 4 bedrooms in Arada, now available. 128 square metres, well laid out. Furnished and ready to move in. Quiet neighbourhood with good access to transport.",Arada,Arada,4.0,3.0,127.9,False,58500.0,"Apartment with 4 bedrooms in Arada, now available. 128 square metres, well laid out. Furnished and ready to move in. Quiet neighbourhood with good access to transport."
"Apartment with 2 bedrooms in Yeka, now available. About 69 square metres of living space. Furnished and ready to move in. Quiet neighbourhood with good access to transport.",Yeka,Yeka,2.0,1.0,69.0,False,27500.0,"Apartment with 2 bedrooms in Yeka, now available. About 69 square metres of living space. Furnished and ready to move in. Quiet neighbourhood with good access to transport."
"Rent a 2-bedroom home located in Gulele. 98 square metres, well laid out. Comes with a backup generator. Quiet neighbourhood with good access to transport.",Gulele,Gulele,2.0,1.0,97.9,False,30000.0,"Rent a 2-bedroom home located in Gulele. 98 square metres, well laid out. Comes with a backup generator. Quiet neighbourhood with good access to transport."
"2-bedroom unit in Kirkos for long-term rental. 53 square metres, well laid out. Furnished and ready to move in. Quiet neighbourhood with good access to transport.",Kirkos,Kirkos,2.0,1.0,53.1,False,26000.0,"2-bedroom unit in Kirkos for long-term rental. 53 square metres, well laid out. Furnished and ready to move in. Quiet neighbourhood with good access to transport."
4-bedroom apartment in Lidetta available for rent. About 125 square metres of living space. Furnished and ready to move in. Close to schools and markets.,Lidetta,Lidetta,4.0,2.0,124.6,False,43000.0,4-bedroom apartment in Lidetta available for rent. About 125 square metres of living space. Furnished and ready to move in. Close to schools and markets.
4-bedroom apartment in Gulele available for rent. Floor space of 123 square metres. Well maintained apartment. Well maintained and secure.,Gulele,Gulele,4.0,3.0,122.6,False,40000.0,4-bedroom apartment in Gulele available for rent. Floor space of 123 square metres. Well maintained apartment. Well maintained and secure.
1-bedroom apartment in Yeka available for rent. About 66 square metres of living space. Well maintained apartment. Quiet neighbourhood with good access to transport.,Yeka,Yeka,1.0,1.0,65.8,False,21000.0,1-bedroom apartment in Yeka available for rent. About 66 square metres of living space. Well maintained apartment. Quiet neighbourhood with good access to transport.
3-bedroom apartment in Lidetta available for rent. Floor space of 115 square metres. Furnished and ready to move in. Close to schools and markets.,Lidetta,Lidetta,3.0,2.0,114.7,False,38000.0,3-bedroom apartment in Lidetta available for rent. Floor space of 115 square metres. Furnished and ready to move in. Close to schools and markets.
Rent a 1-bedroom home located in Kolfe. About 78 square metres of living space. Furnished and ready to move in. Quiet neighbourhood with good access to transport.,Kolfe,Kolfe,1.0,1.0,77.5,False,23000.0,Rent a 1-bedroom home located in Kolfe. About 78 square metres of living space. Furnished and ready to move in. Quiet neighbourhood with good access to transport.
"3-bedroom unit in Kirkos for long-term rental. 100 square metres, well laid out. Well maintained apartment. Well maintained and secure.",Kirkos,Kirkos,3.0,3.0,99.5,False,42000.0,"3-bedroom unit in Kirkos for long-term rental. 100 square metres, well laid out. Well maintained apartment. Well maintained and secure."
Rent a 2-bedroom home located in Yeka. About 93 square metres of living space. Comes with a backup generator. Close to schools and markets.,Yeka,Yeka,2.0,1.0,93.0,False,33000.0,Rent a 2-bedroom home located in Yeka. About 93 square metres of living space. Comes with a backup generator. Close to schools and markets.
2-bedroom apartment in Gulele available for rent. About 88 square metres of living space. Features a private water tank. Comes with a backup generator. Furnished and ready to move in. Well maintained and secure.,Gulele,Gulele,2.0,2.0,88.3,False,35500.0,2-bedroom apartment in Gulele available for rent. About 88 square metres of living space. Features a private water tank. Comes with a backup generator. Furnished and ready to move in. Well maintained and secure.
3-bedroom apartment in Bole available for rent. About 88 square metres of living space. Features a private water tank. Furnished and ready to move in. Well maintained and secure.,Bole,Bole,3.0,2.0,87.5,False,46500.0,3-bedroom apartment in Bole available for rent. About 88 square metres of living space. Features a private water tank. Furnished and ready to move in. Well maintained and secure.
2-bedroom apartment in Yeka available for rent. About 109 square metres of living space. Furnished and ready to move in. Well maintained and secure.,Yeka,Yeka,2.0,1.0,108.8,False,39500.0,2-bedroom apartment in Yeka available for rent. About 109 square metres of living space. Furnished and ready to move in. Well maintained and secure.
"2-bedroom apartment in Bole available for rent. 69 square metres, well laid out. Well maintained apartment. Quiet neighbourhood with good access to transport.",Bole,Bole,2.0,1.0,68.7,False,29000.0,"2-bedroom apartment in Bole available for rent. 69 square metres, well laid out. Well maintained apartment. Quiet neighbourhood with good access to transport."
"Apartment with 4 bedrooms in Kolfe, now available. About 135 square metres of living space. Features a private water tank. Well maintained and secure.",Kolfe,Kolfe,4.0,2.0,135.0,False,42000.0,"Apartment with 4 bedrooms in Kolfe, now available. About 135 square metres of living space. Features a private water tank. Well maintained and secure."
"5-bedroom unit in Gulele for long-term rental. 157 square metres, well laid out. Well maintained apartment. Ideal for families or professionals.",Gulele,Gulele,5.0,3.0,156.7,False,50000.0,"5-bedroom unit in Gulele for long-term rental. 157 square metres, well laid out. Well maintained apartment. Ideal for families or professionals."
"1-bedroom apartment in Gulele available for rent. 67 square metres, well laid out. Well maintained apartment. Well maintained and secure.",Gulele,Gulele,1.0,1.0,67.3,False,18500.0,"1-bedroom apartment in Gulele available for rent. 67 square metres, well laid out. Well maintained apartment. Well maintained and secure."
2-bedroom apartment in Kolfe available for rent. About 80 square metres of living space. Features a private water tank. Ideal for families or professionals.,Kolfe,Kolfe,2.0,1.0,80.1,False,24500.0,2-bedroom apartment in Kolfe available for rent. About 80 square metres of living space. Features a private water tank. Ideal for families or professionals.
"Apartment with 5 bedrooms in Arada, now available. Floor space of 162 square metres. Furnished and ready to move in. Close to schools and markets.",Arada,Arada,5.0,3.0,161.9,False,72500.0,"Apartment with 5 bedrooms in Arada, now available. Floor space of 162 square metres. Furnished and ready to move in. Close to schools and markets."
"Apartment with 3 bedrooms in Nifas Silk, now available. 89 square metres, well laid out. Features a private water tank. Comes with a backup generator. Close to schools and markets.",Nifas Silk,Nifas Silk,3.0,2.0,89.3,False,35000.0,"Apartment with 3 bedrooms in Nifas Silk, now available. 89 square metres, well laid out. Features a private water tank. Comes with a backup generator. Close to schools and markets."
"Rent a 2-bedroom home located in Bole. 85 square metres, well laid out. Well maintained apartment. Ideal for families or professionals.",Bole,Bole,2.0,2.0,85.2,False,36000.0,"Rent a 2-bedroom home located in Bole. 85 square metres, well laid out. Well maintained apartment. Ideal for families or professionals."
3-bedroom apartment in Bole available for rent. About 101 square metres of living space. Features a private water tank. Ideal for families or professionals.,Bole,Bole,3.0,2.0,101.2,False,45000.0,3-bedroom apartment in Bole available for rent. About 101 square metres of living space. Features a private water tank. Ideal for families or professionals.
"1-bedroom unit in Gulele for long-term rental. 56 square metres, well laid out. Features a private water tank. Comes with a backup generator. Furnished and ready to move in. Quiet neighbourhood with good access to transport.",Gulele,Gulele,1.0,2.0,55.9,False,25000.0,"1-bedroom unit in Gulele for long-term rental. 56 square metres, well laid out. Features a private water tank. Comes with a backup generator. Furnished and ready to move in. Quiet neighbourhood with good access to transport."
1-bedroom apartment in Arada available for rent. Floor space of 69 square metres. Well maintained apartment. Well maintained and secure.,Arada,Arada,1.0,1.0,69.1,False,24000.0,1-bedroom apartment in Arada available for rent. Floor space of 69 square metres. Well maintained apartment. Well maintained and secure.
"Apartment with 4 bedrooms in Nifas Silk, now available. About 143 square metres of living space. Comes with a backup generator. Close to schools and markets.",Nifas Silk,Nifas Silk,4.0,2.0,142.9,False,48000.0,"Apartment with 4 bedrooms in Nifas Silk, now available. About 143 square metres of living space. Comes with a backup generator. Close to schools and markets."
Rent a 3-bedroom home located in Kolfe. Floor space of 104 square metres. Features a private water tank. Comes with a backup generator. Ideal for families or professionals.,Kolfe,Kolfe,3.0,1.0,103.9,False,34500.0,Rent a 3-bedroom home located in Kolfe. Floor space of 104 square metres. Features a private water tank. Comes with a backup generator. Ideal for families or professionals.
4-bedroom unit in Nifas Silk for long-term rental. Floor space of 139 square metres. Features a private water tank. Well maintained and secure.,Nifas Silk,Nifas Silk,4.0,3.0,139.4,False,47500.0,4-bedroom unit in Nifas Silk for long-term rental. Floor space of 139 square metres. Features a private water tank. Well maintained and secure.
2-bedroom unit in Arada for long-term rental. About 87 square metres of living space. Features a private water tank. Well maintained and secure.,Arada,Arada,2.0,2.0,86.6,False,34500.0,2-bedroom unit in Arada for long-term rental. About 87 square metres of living space. Features a private water tank. Well maintained and secure.
"Apartment with 5 bedrooms in Arada, now available. 141 square metres, well laid out. Features a private water tank. Quiet neighbourhood with good access to transport.",Arada,Arada,5.0,3.0,141.3,False,59000.0,"Apartment with 5 bedrooms in Arada, now available. 141 square metres, well laid out. Features a private water tank. Quiet neighbourhood with good access to transport."
"Apartment with 3 bedrooms in Yeka, now available. 105 square metres, well laid out. Well maintained apartment. Ideal for families or professionals.",Yeka,Yeka,3.0,2.0,104.9,False,37000.0,"Apartment with 3 bedrooms in Yeka, now available. 105 square metres, well laid out. Well maintained apartment. Ideal for families or professionals."
"Apartment with 4 bedrooms in Bole, now available. Floor space of 126 square metres. Well maintained apartment. Well maintained and secure.",Bole,Bole,4.0,3.0,126.4,False,55500.0,"Apartment with 4 bedrooms in Bole, now available. Floor space of 126 square metres. Well maintained apartment. Well maintained and secure."
Rent a 1-bedroom home located in Kirkos. About 56 square metres of living space. Comes with a backup generator. Close to schools and markets.,Kirkos,Kirkos,1.0,1.0,55.6,False,24000.0,Rent a 1-bedroom home located in Kirkos. About 56 square metres of living space. Comes with a backup generator. Close to schools and markets.
1-bedroom apartment in Yeka available for rent. About 69 square metres of living space. Features a private water tank. Furnished and ready to move in. Close to schools and markets.,Yeka,Yeka,1.0,1.0,69.1,False,27000.0,1-bedroom apartment in Yeka available for rent. About 69 square metres of living space. Features a private water tank. Furnished and ready to move in. Close to schools and markets.
4-bedroom unit in Kirkos for long-term rental. Floor space of 133 square metres. Comes with a backup generator. Furnished and ready to move in. Well maintained and secure.,Kirkos,Kirkos,4.0,2.0,132.8,False,64500.0,4-bedroom unit in Kirkos for long-term rental. Floor space of 133 square metres. Comes with a backup generator. Furnished and ready to move in. Well maintained and secure.
Rent a 5-bedroom home located in Lidetta. Floor space of 133 square metres. Well maintained apartment. Well maintained and secure.,Lidetta,Lidetta,5.0,3.0,132.9,False,42500.0,Rent a 5-bedroom home located in Lidetta. Floor space of 133 square metres. Well maintained apartment. Well maintained and secure.
"Apartment with 5 bedrooms in Yeka, now available. Floor space of 132 square metres. Features a private water tank. Well maintained and secure.",Yeka,Yeka,5.0,2.0,132.2,False,50000.0,"Apartment with 5 bedrooms in Yeka, now available. Floor space of 132 square metres. Features a private water tank. Well maintained and secure."
"2-bedroom unit in Bole for long-term rental. 91 square metres, well laid out. Features a private water tank. Furnished and ready to move in. Ideal for families or professionals.",Bole,Bole,2.0,2.0,91.1,False,45500.0,"2-bedroom unit in Bole for long-term rental. 91 square metres, well laid out. Features a private water tank. Furnished and ready to move in. Ideal for families or professionals."
"Apartment with 1 bedrooms in Yeka, now available. About 54 square metres of living space. Features a private water tank. Quiet neighbourhood with good access to transport.",Yeka,Yeka,1.0,1.0,54.2,False,19500.0,"Apartment with 1 bedrooms in Yeka, now available. About 54 square metres of living space. Features a private water tank. Quiet neighbourhood with good access to transport."
5-bedroom unit in Yeka for long-term rental. Floor space of 156 square metres. Features a private water tank. Quiet neighbourhood with good access to transport.,Yeka,Yeka,5.0,3.0,155.6,False,57500.0,5-bedroom unit in Yeka for long-term rental. Floor space of 156 square metres. Features a private water tank. Quiet neighbourhood with good access to transport.
"Rent a 4-bedroom home located in Gulele. 139 square metres, well laid out. Features a private water tank. Well maintained and secure.",Gulele,Gulele,4.0,3.0,139.4,False,45500.0,"Rent a 4-bedroom home located in Gulele. 139 square metres, well laid out. Features a private water tank. Well maintained and secure."
2-bedroom unit in Arada for long-term rental. Floor space of 71 square metres. Features a private water tank. Furnished and ready to move in. Quiet neighbourhood with good access to transport.,Arada,Arada,2.0,1.0,70.7,False,33000.0,2-bedroom unit in Arada for long-term rental. Floor space of 71 square metres. Features a private water tank. Furnished and ready to move in. Quiet neighbourhood with good access to transport.
4-bedroom apartment in Kolfe available for rent. About 113 square metres of living space. Features a private water tank. Well maintained and secure.,Kolfe,Kolfe,4.0,2.0,113.1,False,37500.0,4-bedroom apartment in Kolfe available for rent. About 113 square metres of living space. Features a private water tank. Well maintained and secure.
5-bedroom unit in Gulele for long-term rental. Floor space of 172 square metres. Features a private water tank. Well maintained and secure.,Gulele,Gulele,5.0,3.0,172.1,False,55000.0,5-bedroom unit in Gulele for long-term rental. Floor space of 172 square metres. Features a private water tank. Well maintained and secure.
"Apartment with 2 bedrooms in Kirkos, now available. 90 square metres, well laid out. Features a private water tank. Furnished and ready to move in. Well maintained and secure.",Kirkos,Kirkos,2.0,2.0,90.2,False,43000.0,"Apartment with 2 bedrooms in Kirkos, now available. 90 square metres, well laid out. Features a private water tank. Furnished and ready to move in. Well maintained and secure."
Rent a 4-bedroom home located in Kolfe. Floor space of 125 square metres. Features a private water tank. Ideal for families or professionals.,Kolfe,Kolfe,4.0,2.0,125.0,False,40000.0,Rent a 4-bedroom home located in Kolfe. Floor space of 125 square metres. Features a private water tank. Ideal for families or professionals.
"Apartment with 4 bedrooms in Bole, now available. 119 square metres, well laid out. Well maintained apartment. Quiet neighbourhood with good access to transport.",Bole,Bole,4.0,2.0,118.8,False,51500.0,"Apartment with 4 bedrooms in Bole, now available. 119 square metres, well laid out. Well maintained apartment. Quiet neighbourhood with good access to transport."
"Apartment with 3 bedrooms in Bole, now available. About 102 square metres of living space. Well maintained apartment. Ideal for families or professionals.",Bole,Bole,3.0,2.0,101.9,False,43500.0,"Apartment with 3 bedrooms in Bole, now available. About 102 square metres of living space. Well maintained apartment. Ideal for families or professionals."
"Apartment with 4 bedrooms in Bole, now available. About 116 square metres of living space. Well maintained apartment. Quiet neighbourhood with good access to transport.",Bole,Bole,4.0,3.0,115.7,False,51500.0,"Apartment with 4 bedrooms in Bole, now available. About 116 square metres of living space. Well maintained apartment. Quiet neighbourhood with good access to transport."
Rent a 2-bedroom home located in Gulele. About 97 square metres of living space. Features a private water tank. Furnished and ready to move in. Well maintained and secure.,Gulele,Gulele,2.0,1.0,96.6,False,33500.0,Rent a 2-bedroom home located in Gulele. About 97 square metres of living space. Features a private water tank. Furnished and ready to move in. Well maintained and secure.
5-bedroom apartment in Arada available for rent. About 143 square metres of living space. Furnished and ready to move in. Ideal for families or professionals.,Arada,Arada,5.0,3.0,142.7,False,66000.0,5-bedroom apartment in Arada available for rent. About 143 square metres of living space. Furnished and ready to move in. Ideal for families or professionals.
"5-bedroom unit in Bole for long-term rental. 165 square metres, well laid out. Furnished and ready to move in. Quiet neighbourhood with good access to transport.",Bole,Bole,5.0,3.0,165.1,False,81500.0,"5-bedroom unit in Bole for long-term rental. 165 square metres, well laid out. Furnished and ready to move in. Quiet neighbourhood with good access to transport."
"5-bedroom apartment in Arada available for rent. 147 square metres, well laid out. Furnished and ready to move in. Ideal for families or professionals.",Arada,Arada,5.0,3.0,147.2,False,67500.0,"5-bedroom apartment in Arada available for rent. 147 square metres, well laid out. Furnished and ready to move in. Ideal for families or professionals."
"Apartment with 4 bedrooms in Bole, now available. 118 square metres, well laid out. Well maintained apartment. Quiet neighbourhood with good access to transport.",Bole,Bole,4.0,2.0,117.5,False,51000.0,"Apartment with 4 bedrooms in Bole, now available. 118 square metres, well laid out. Well maintained apartment. Quiet neighbourhood with good access to transport."
1-bedroom unit in Gulele for long-term rental. About 59 square metres of living space. Features a private water tank. Furnished and ready to move in. Quiet neighbourhood with good access to transport.,Gulele,Gulele,1.0,1.0,58.9,False,21000.0,1-bedroom unit in Gulele for long-term rental. About 59 square metres of living space. Features a private water tank. Furnished and ready to move in. Quiet neighbourhood with good access to transport.
"Apartment with 2 bedrooms in Kirkos, now available. 54 square metres, well laid out. Features a private water tank. Well maintained and secure.",Kirkos,Kirkos,2.0,1.0,54.5,False,25000.0,"Apartment with 2 bedrooms in Kirkos, now available. 54 square metres, well laid out. Features a private water tank. Well maintained and secure."
3-bedroom apartment in Kirkos available for rent. About 107 square metres of living space. Furnished and ready to move in. Close to schools and markets.,Kirkos,Kirkos,3.0,2.0,106.6,False,49500.0,3-bedroom apartment in Kirkos available for rent. About 107 square metres of living space. Furnished and ready to move in. Close to schools and markets.
"Apartment with 5 bedrooms in Yeka, now available. About 150 square metres of living space. Comes with a backup generator. Furnished and ready to move in. Well maintained and secure.",Yeka,Yeka,5.0,2.0,150.0,False,64000.0,"Apartment with 5 bedrooms in Yeka, now available. About 150 square metres of living space. Comes with a backup generator. Furnished and ready to move in. Well maintained and secure."
Rent a 3-bedroom home located in Nifas Silk. About 118 square metres of living space. Features a private water tank. Furnished and ready to move in. Quiet neighbourhood with good access to transport.,Nifas Silk,Nifas Silk,3.0,1.0,117.9,False,43500.0,Rent a 3-bedroom home located in Nifas Silk. About 118 square metres of living space. Features a private water tank. Furnished and ready to move in. Quiet neighbourhood with good access to transport.
"3-bedroom unit in Kirkos for long-term rental. 85 square metres, well laid out. Well maintained apartment. Quiet neighbourhood with good access to transport.",Kirkos,Kirkos,3.0,2.0,85.4,False,36500.0,"3-bedroom unit in Kirkos for long-term rental. 85 square metres, well laid out. Well maintained apartment. Quiet neighbourhood with good access to transport."
1-bedroom apartment in Bole available for rent. Floor space of 78 square metres. Features a private water tank. Ideal for families or professionals.,Bole,Bole,1.0,1.0,77.9,False,31500.0,1-bedroom apartment in Bole available for rent. Floor space of 78 square metres. Features a private water tank. Ideal for families or professionals.
"Rent a 4-bedroom home located in Bole. 140 square metres, well laid out. Features a private water tank. Quiet neighbourhood with good access to transport.",Bole,Bole,4.0,3.0,139.8,False,61500.0,"Rent a 4-bedroom home located in Bole. 140 square metres, well laid out. Features a private water tank. Quiet neighbourhood with good access to transport."
"2-bedroom apartment in Addis Ketema available for rent. 101 square metres, well laid out. Furnished and ready to move in. Close to schools and markets.",Addis Ketema,Addis Ketema,2.0,1.0,101.0,False,30500.0,"2-bedroom apartment in Addis Ketema available for rent. 101 square metres, well laid out. Furnished and ready to move in. Close to schools and markets."
1-bedroom apartment in Akaky Kaliti available for rent. Floor space of 63 square metres. Features a private water tank. Well maintained and secure.,Akaky Kaliti,Akaky Kaliti,1.0,1.0,63.4,False,17000.0,1-bedroom apartment in Akaky Kaliti available for rent. Floor space of 63 square metres. Features a private water tank. Well maintained and secure.
"5-bedroom apartment in Gulele available for rent. 164 square metres, well laid out. Well maintained apartment. Quiet neighbourhood with good access to transport.",Gulele,Gulele,5.0,3.0,164.2,False,51500.0,"5-bedroom apartment in Gulele available for rent. 164 square metres, well laid out. Well maintained apartment. Quiet neighbourhood with good access to transport."
"Apartment with 1 bedrooms in Yeka, now available. Floor space of 46 square metres. Comes with a backup generator. Well maintained and secure.",Yeka,Yeka,1.0,1.0,46.3,False,18500.0,"Apartment with 1 bedrooms in Yeka, now available. Floor space of 46 square metres. Comes with a backup generator. Well maintained and secure."
1-bedroom apartment in Addis Ketema available for rent. About 73 square metres of living space. Comes with a backup generator. Furnished and ready to move in. Well maintained and secure.,Addis Ketema,Addis Ketema,1.0,1.0,72.6,False,24000.0,1-bedroom apartment in Addis Ketema available for rent. About 73 square metres of living space. Comes with a backup generator. Furnished and ready to move in. Well maintained and secure.
1-bedroom unit in Kolfe for long-term rental. Floor space of 55 square metres. Comes with a backup generator. Close to schools and markets.,Kolfe,Kolfe,1.0,1.0,54.7,False,18000.0,1-bedroom unit in Kolfe for long-term rental. Floor space of 55 square metres. Comes with a backup generator. Close to schools and markets.
Rent a 3-bedroom home located in Gulele. About 88 square metres of living space. Features a private water tank. Furnished and ready to move in. Ideal for families or professionals.,Gulele,Gulele,3.0,1.0,88.2,False,34000.0,Rent a 3-bedroom home located in Gulele. About 88 square metres of living space. Features a private water tank. Furnished and ready to move in. Ideal for families or professionals.
"1-bedroom unit in Kirkos for long-term rental. 50 square metres, well laid out. Well maintained apartment. Well maintained and secure.",Kirkos,Kirkos,1.0,1.0,50.5,False,19500.0,"1-bedroom unit in Kirkos for long-term rental. 50 square metres, well laid out. Well maintained apartment. Well maintained and secure."
Rent a 5-bedroom home located in Yeka. Floor space of 152 square metres. Well maintained apartment. Well maintained and secure.,Yeka,Yeka,5.0,3.0,152.1,False,55000.0,Rent a 5-bedroom home located in Yeka. Floor space of 152 square metres. Well maintained apartment. Well maintained and secure.
"Apartment with 3 bedrooms in Bole, now available. 98 square metres, well laid out. Well maintained apartment. Well maintained and secure.",Bole,Bole,3.0,2.0,98.1,False,42500.0,"Apartment with 3 bedrooms in Bole, now available. 98 square metres, well laid out. Well maintained apartment. Well maintained and secure."
2-bedroom apartment in Akaky Kaliti available for rent. About 90 square metres of living space. Features a private water tank. Comes with a backup generator. Well maintained and secure.,Akaky Kaliti,Akaky Kaliti,2.0,1.0,90.5,False,27000.0,2-bedroom apartment in Akaky Kaliti available for rent. About 90 square metres of living space. Features a private water tank. Comes with a backup generator. Well maintained and secure.
"1-bedroom unit in Arada for long-term rental. 42 square metres, well laid out. Features a private water tank. Well maintained and secure.",Arada,Arada,1.0,1.0,42.3,False,18000.0,"1-bedroom unit in Arada for long-term rental. 42 square metres, well laid out. Features a private water tank. Well maintained and secure."
"Apartment with 3 bedrooms in Yeka, now available. 82 square metres, well laid out. Features a private water tank. Close to schools and markets.",Yeka,Yeka,3.0,2.0,82.5,False,32500.0,"Apartment with 3 bedrooms in Yeka, now available. 82 square metres, well laid out. Features a private water tank. Close to schools and markets."
1-bedroom apartment in Yeka available for rent. About 80 square metres of living space. Features a private water tank. Furnished and ready to move in. Ideal for families or professionals.,Yeka,Yeka,1.0,1.0,80.5,False,30500.0,1-bedroom apartment in Yeka available for rent. About 80 square metres of living space. Features a private water tank. Furnished and ready to move in. Ideal for families or professionals.
"Apartment with 5 bedrooms in Nifas Silk, now available. About 163 square metres of living space. Features a private water tank. Ideal for families or professionals.",Nifas Silk,Nifas Silk,5.0,3.0,162.8,False,55500.0,"Apartment with 5 bedrooms in Nifas Silk, now available. About 163 square metres of living space. Features a private water tank. Ideal for families or professionals."
2-bedroom apartment in Bole available for rent. About 73 square metres of living space. Comes with a backup generator. Furnished and ready to move in. Ideal for families or professionals.,Bole,Bole,2.0,1.0,73.4,False,38000.0,2-bedroom apartment in Bole available for rent. About 73 square metres of living space. Comes with a backup generator. Furnished and ready to move in. Ideal for families or professionals.
3-bedroom unit in Lidetta for long-term rental. About 108 square metres of living space. Features a private water tank. Furnished and ready to move in. Quiet neighbourhood with good access to transport.,Lidetta,Lidetta,3.0,2.0,108.0,False,38500.0,3-bedroom unit in Lidetta for long-term rental. About 108 square metres of living space. Features a private water tank. Furnished and ready to move in. Quiet neighbourhood with good access to transport.
"Rent a 1-bedroom home located in Kolfe. 76 square metres, well laid out. Features a private water tank. Well maintained and secure.",Kolfe,Kolfe,1.0,1.0,76.2,False,21500.0,"Rent a 1-bedroom home located in Kolfe. 76 square metres, well laid out. Features a private water tank. Well maintained and secure."
"Apartment with 1 bedrooms in Gulele, now available. About 69 square metres of living space. Features a private water tank. Close to schools and markets.",Gulele,Gulele,1.0,1.0,69.0,False,20500.0,"Apartment with 1 bedrooms in Gulele, now available. About 69 square metres of living space. Features a private water tank. Close to schools and markets."
"2-bedroom apartment in Kirkos available for rent. 88 square metres, well laid out. Features a private water tank. Close to schools and markets.",Kirkos,Kirkos,2.0,1.0,87.8,False,35500.0,"2-bedroom apartment in Kirkos available for rent. 88 square metres, well laid out. Features a private water tank. Close to schools and markets."
"Apartment with 1 bedrooms in Nifas Silk, now available. 77 square metres, well laid out. Well maintained apartment. Close to schools and markets.",Nifas Silk,Nifas Silk,1.0,1.0,77.1,False,22000.0,"Apartment with 1 bedrooms in Nifas Silk, now available. 77 square metres, well laid out. Well maintained apartment. Close to schools and markets."
"Apartment with 4 bedrooms in Nifas Silk, now available. 121 square metres, well laid out. Features a private water tank. Comes with a backup generator. Furnished and ready to move in. Well maintained and secure.",Nifas Silk,Nifas Silk,4.0,2.0,121.2,False,51500.0,"Apartment with 4 bedrooms in Nifas Silk, now available. 121 square metres, well laid out. Features a private water tank. Comes with a backup generator. Furnished and ready to move in. Well maintained and secure."
"Apartment with 5 bedrooms in Nifas Silk, now available. Floor space of 152 square metres. Features a private water tank. Well maintained and secure.",Nifas Silk,Nifas Silk,5.0,3.0,152.4,False,53000.0,"Apartment with 5 bedrooms in Nifas Silk, now available. Floor space of 152 square metres. Features a private water tank. Well maintained and secure."
Rent a 5-bedroom home located in Bole. About 152 square metres of living space. Features a private water tank. Furnished and ready to move in. Ideal for families or professionals.,Bole,Bole,5.0,3.0,151.8,False,78000.0,Rent a 5-bedroom home located in Bole. About 152 square metres of living space. Features a private water tank. Furnished and ready to move in. Ideal for families or professionals.
"2-bedroom apartment in Kirkos available for rent. 83 square metres, well laid out. Well maintained apartment. Ideal for families or professionals.",Kirkos,Kirkos,2.0,1.0,82.7,False,32000.0,"2-bedroom apartment in Kirkos available for rent. 83 square metres, well laid out. Well maintained apartment. Ideal for families or professionals."
4-bedroom unit in Bole for long-term rental. Floor space of 125 square metres. Comes with a backup generator. Ideal for families or professionals.,Bole,Bole,4.0,2.0,125.3,False,56500.0,4-bedroom unit in Bole for long-term rental. Floor space of 125 square metres. Comes with a backup generator. Ideal for families or professionals.
"3-bedroom apartment in Arada available for rent. 109 square metres, well laid out. Well maintained apartment. Well maintained and secure.",Arada,Arada,3.0,2.0,108.9,False,41500.0,"3-bedroom apartment in Arada available for rent. 109 square metres, well laid out. Well maintained apartment. Well maintained and secure."
Rent a 1-bedroom home located in Kirkos. Floor space of 64 square metres. Well maintained apartment. Close to schools and markets.,Kirkos,Kirkos,1.0,1.0,64.4,False,24000.0,Rent a 1-bedroom home located in Kirkos. Floor space of 64 square metres. Well maintained apartment. Close to schools and markets.
"Apartment with 1 bedrooms in Bole, now available. Floor space of 51 square metres. Well maintained apartment. Close to schools and markets.",Bole,Bole,1.0,1.0,51.4,False,21000.0,"Apartment with 1 bedrooms in Bole, now available. Floor space of 51 square metres. Well maintained apartment. Close to schools and markets."
"3-bedroom unit in Bole for long-term rental. 118 square metres, well laid out. Well maintained apartment. Quiet neighbourhood with good access to transport.",Bole,Bole,3.0,2.0,117.6,False,49000.0,"3-bedroom unit in Bole for long-term rental. 118 square metres, well laid out. Well maintained apartment. Quiet neighbourhood with good access to transport."
3-bedroom unit in Nifas Silk for long-term rental. About 96 square metres of living space. Furnished and ready to move in. Well maintained and secure.,Nifas Silk,Nifas Silk,3.0,3.0,96.3,False,38500.0,3-bedroom unit in Nifas Silk for long-term rental. About 96 square metres of living space. Furnished and ready to move in. Well maintained and secure.
"Apartment with 1 bedrooms in Bole, now available. About 61 square metres of living space. Well maintained apartment. Quiet neighbourhood with good access to transport.",Bole,Bole,1.0,1.0,61.4,False,24500.0,"Apartment with 1 bedrooms in Bole, now available. About 61 square metres of living space. Well maintained apartment. Quiet neighbourhood with good access to transport."
"5-bedroom unit in Akaky Kaliti for long-term rental. 148 square metres, well laid out. Features a private water tank. Furnished and ready to move in. Quiet neighbourhood with good access to transport.",Akaky Kaliti,Akaky Kaliti,5.0,3.0,148.5,False,51500.0,"5-bedroom unit in Akaky Kaliti for long-term rental. 148 square metres, well laid out. Features a private water tank. Furnished and ready to move in. Quiet neighbourhood with good access to transport."
"Apartment with 4 bedrooms in Nifas Silk, now available. About 134 square metres of living space. Comes with a backup generator. Well maintained and secure.",Nifas Silk,Nifas Silk,4.0,2.0,134.3,False,46000.0,"Apartment with 4 bedrooms in Nifas Silk, now available. About 134 square metres of living space. Comes with a backup generator. Well maintained and secure."
"Rent a 3-bedroom home located in Kirkos. 83 square metres, well laid out. Well maintained apartment. Well maintained and secure.",Kirkos,Kirkos,3.0,2.0,82.6,False,35500.0,"Rent a 3-bedroom home located in Kirkos. 83 square metres, well laid out. Well maintained apartment. Well maintained and secure."
"Rent a 5-bedroom home located in Nifas Silk. 163 square metres, well laid out. Features a private water tank. Ideal for families or professionals.",Nifas Silk,Nifas Silk,5.0,3.0,162.7,False,55500.0,"Rent a 5-bedroom home located in Nifas Silk. 163 square metres, well laid out. Features a private water tank. Ideal for families or professionals."
5-bedroom apartment in Bole available for rent. Floor space of 144 square metres. Well maintained apartment. Close to schools and markets.,Bole,Bole,5.0,3.0,143.9,False,63500.0,5-bedroom apartment in Bole available for rent. Floor space of 144 square metres. Well maintained apartment. Close to schools and markets.
Rent a 5-bedroom home located in Addis Ketema. About 167 square metres of living space. Well maintained apartment. Quiet neighbourhood with good access to transport.,Addis Ketema,Addis Ketema,5.0,3.0,166.6,False,49000.0,Rent a 5-bedroom home located in Addis Ketema. About 167 square metres of living space. Well maintained apartment. Quiet neighbourhood with good access to transport.
"Rent a 2-bedroom home located in Arada. 80 square metres, well laid out. Features a private water tank. Ideal for families or professionals.",Arada,Arada,2.0,2.0,80.3,False,32500.0,"Rent a 2-bedroom home located in Arada. 80 square metres, well laid out. Features a private water tank. Ideal for families or professionals."
5-bedroom unit in Kolfe for long-term rental. About 151 square metres of living space. Well maintained apartment. Ideal for families or professionals.,Kolfe,Kolfe,5.0,3.0,151.4,False,47000.0,5-bedroom unit in Kolfe for long-term rental. About 151 square metres of living space. Well maintained apartment. Ideal for families or professionals.
3-bedroom unit in Bole for long-term rental. Floor space of 131 square metres. Well maintained apartment. Quiet neighbourhood with good access to transport.,Bole,Bole,3.0,1.0,131.0,False,52500.0,3-bedroom unit in Bole for long-term rental. Floor space of 131 square metres. Well maintained apartment. Quiet neighbourhood with good access to transport.
4-bedroom apartment in Arada available for rent. About 127 square metres of living space. Well maintained apartment. Close to schools and markets.,Arada,Arada,4.0,3.0,126.7,False,50500.0,4-bedroom apartment in Arada available for rent. About 127 square metres of living space. Well maintained apartment. Close to schools and markets.
5-bedroom apartment in Arada available for rent. About 167 square metres of living space. Well maintained apartment. Close to schools and markets.,Arada,Arada,5.0,3.0,166.9,False,64500.0,5-bedroom apartment in Arada available for rent. About 167 square metres of living space. Well maintained apartment. Close to schools and markets.
"Apartment with 1 bedrooms in Akaky Kaliti, now available. 64 square metres, well laid out. Well maintained apartment. Quiet neighbourhood with good access to transport.",Akaky Kaliti,Akaky Kaliti,1.0,1.0,64.5,False,15500.0,"Apartment with 1 bedrooms in Akaky Kaliti, now available. 64 square metres, well laid out. Well maintained apartment. Quiet neighbourhood with good access to transport."
"Apartment with 3 bedrooms in Nifas Silk, now available. About 113 square metres of living space. Features a private water tank. Furnished and ready to move in. Well maintained and secure.",Nifas Silk,Nifas Silk,3.0,2.0,113.0,False,43500.0,"Apartment with 3 bedrooms in Nifas Silk, now available. About 113 square metres of living space. Features a private water tank. Furnished and ready to move in. Well maintained and secure."
"1-bedroom apartment in Arada available for rent. 65 square metres, well laid out. Well maintained apartment. Ideal for families or professionals.",Arada,Arada,1.0,1.0,64.8,False,23000.0,"1-bedroom apartment in Arada available for rent. 65 square metres, well laid out. Well maintained apartment. Ideal for families or professionals."
"Rent a 2-bedroom home located in Yeka. 96 square metres, well laid out. Features a private water tank. Comes with a backup generator. Furnished and ready to move in. Quiet neighbourhood with good access to transport.",Yeka,Yeka,2.0,1.0,96.2,False,41000.0,"Rent a 2-bedroom home located in Yeka. 96 square metres, well laid out. Features a private water tank. Comes with a backup generator. Furnished and ready to move in. Quiet neighbourhood with good access to transport."
3-bedroom unit in Kirkos for long-term rental. Floor space of 100 square metres. Furnished and ready to move in. Well maintained and secure.,Kirkos,Kirkos,3.0,2.0,99.8,False,47000.0,3-bedroom unit in Kirkos for long-term rental. Floor space of 100 square metres. Furnished and ready to move in. Well maintained and secure.
"Rent a 5-bedroom home located in Arada. 140 square metres, well laid out. Well maintained apartment. Ideal for families or professionals.",Arada,Arada,5.0,3.0,140.2,False,56500.0,"Rent a 5-bedroom home located in Arada. 140 square metres, well laid out. Well maintained apartment. Ideal for families or professionals."
Rent a 5-bedroom home located in Kirkos. Floor space of 144 square metres. Well maintained apartment. Ideal for families or professionals.,Kirkos,Kirkos,5.0,3.0,144.3,False,61000.0,Rent a 5-bedroom home located in Kirkos. Floor space of 144 square metres. Well maintained apartment. Ideal for families or professionals.
Rent a 2-bedroom home located in Bole. About 87 square metres of living space. Features a private water tank. Furnished and ready to move in. Ideal for families or professionals.,Bole,Bole,2.0,1.0,87.2,False,42500.0,Rent a 2-bedroom home located in Bole. About 87 square metres of living space. Features a private water tank. Furnished and ready to move in. Ideal for families or professionals.
Rent a 2-bedroom home located in Kolfe. Floor space of 83 square metres. Well maintained apartment. Close to schools and markets.,Kolfe,Kolfe,2.0,1.0,83.4,False,23500.0,Rent a 2-bedroom home located in Kolfe. Floor space of 83 square metres. Well maintained apartment. Close to schools and markets.
"3-bedroom apartment in Akaky Kaliti available for rent. 116 square metres, well laid out. Comes with a backup generator. Close to schools and markets.",Akaky Kaliti,Akaky Kaliti,3.0,2.0,116.5,False,33500.0,"3-bedroom apartment in Akaky Kaliti available for rent. 116 square metres, well laid out. Comes with a backup generator. Close to schools and markets."
"5-bedroom apartment in Bole available for rent. 168 square metres, well laid out. Well maintained apartment. Quiet neighbourhood with good access to transport.",Bole,Bole,5.0,3.0,167.7,False,71500.0,"5-bedroom apartment in Bole available for rent. 168 square metres, well laid out. Well maintained apartment. Quiet neighbourhood with good access to transport."
"5-bedroom apartment in Arada available for rent. 140 square metres, well laid out. Features a private water tank. Furnished and ready to move in. Quiet neighbourhood with good access to transport.",Arada,Arada,5.0,3.0,140.3,False,67500.0,"5-bedroom apartment in Arada available for rent. 140 square metres, well laid out. Features a private water tank. Furnished and ready to move in. Quiet neighbourhood with good access to transport."
Rent a 2-bedroom home located in Bole. About 77 square metres of living space. Furnished and ready to move in. Quiet neighbourhood with good access to transport.,Bole,Bole,2.0,1.0,77.2,False,36500.0,Rent a 2-bedroom home located in Bole. About 77 square metres of living space. Furnished and ready to move in. Quiet neighbourhood with good access to transport.
"1-bedroom apartment in Gulele available for rent. 47 square metres, well laid out. Features a private water tank. Furnished and ready to move in. Quiet neighbourhood with good access to transport.",Gulele,Gulele,1.0,1.0,46.8,False,18000.0,"1-bedroom apartment in Gulele available for rent. 47 square metres, well laid out. Features a private water tank. Furnished and ready to move in. Quiet neighbourhood with good access to transport."
4-bedroom unit in Yeka for long-term rental. About 154 square metres of living space. Features a private water tank. Close to schools and markets.,Yeka,Yeka,4.0,3.0,154.4,False,55000.0,4-bedroom unit in Yeka for long-term rental. About 154 square metres of living space. Features a private water tank. Close to schools and markets.
2-bedroom unit in Nifas Silk for long-term rental. Floor space of 90 square metres. Features a private water tank. Close to schools and markets.,Nifas Silk,Nifas Silk,2.0,2.0,89.7,False,30000.0,2-bedroom unit in Nifas Silk for long-term rental. Floor space of 90 square metres. Features a private water tank. Close to schools and markets.
"Rent a 1-bedroom home located in Gulele. 70 square metres, well laid out. Furnished and ready to move in. Quiet neighbourhood with good access to transport.",Gulele,Gulele,1.0,1.0,69.8,False,22000.0,"Rent a 1-bedroom home located in Gulele. 70 square metres, well laid out. Furnished and ready to move in. Quiet neighbourhood with good access to transport."
"Apartment with 1 bedrooms in Kolfe, now available. 48 square metres, well laid out. Features a private water tank. Well maintained and secure.",Kolfe,Kolfe,1.0,1.0,47.9,False,15500.0,"Apartment with 1 bedrooms in Kolfe, now available. 48 square metres, well laid out. Features a private water tank. Well maintained and secure."
"Rent a 3-bedroom home located in Bole. 108 square metres, well laid out. Comes with a backup generator. Furnished and ready to move in. Close to schools and markets.",Bole,Bole,3.0,1.0,108.0,False,54000.0,"Rent a 3-bedroom home located in Bole. 108 square metres, well laid out. Comes with a backup generator. Furnished and ready to move in. Close to schools and markets."
"2-bedroom unit in Akaky Kaliti for long-term rental. 92 square metres, well laid out. Well maintained apartment. Well maintained and secure.",Akaky Kaliti,Akaky Kaliti,2.0,2.0,92.1,False,24500.0,"2-bedroom unit in Akaky Kaliti for long-term rental. 92 square metres, well laid out. Well maintained apartment. Well maintained and secure."
"3-bedroom unit in Yeka for long-term rental. 105 square metres, well laid out. Features a private water tank. Quiet neighbourhood with good access to transport.",Yeka,Yeka,3.0,1.0,105.0,False,37500.0,"3-bedroom unit in Yeka for long-term rental. 105 square metres, well laid out. Features a private water tank. Quiet neighbourhood with good access to transport."
2-bedroom unit in Bole for long-term rental. About 99 square metres of living space. Features a private water tank. Furnished and ready to move in. Well maintained and secure.,Bole,Bole,2.0,2.0,98.9,False,48500.0,2-bedroom unit in Bole for long-term rental. About 99 square metres of living space. Features a private water tank. Furnished and ready to move in. Well maintained and secure.
Rent a 4-bedroom home located in Arada. About 158 square metres of living space. Furnished and ready to move in. Ideal for families or professionals.,Arada,Arada,4.0,2.0,157.7,False,67500.0,Rent a 4-bedroom home located in Arada. About 158 square metres of living space. Furnished and ready to move in. Ideal for families or professionals.
4-bedroom apartment in Kirkos available for rent. Floor space of 119 square metres. Comes with a backup generator. Ideal for families or professionals.,Kirkos,Kirkos,4.0,3.0,118.6,False,53000.0,4-bedroom apartment in Kirkos available for rent. Floor space of 119 square metres. Comes with a backup generator. Ideal for families or professionals.
Rent a 3-bedroom home located in Kolfe. About 96 square metres of living space. Features a private water tank. Furnished and ready to move in. Well maintained and secure.,Kolfe,Kolfe,3.0,2.0,95.7,False,36000.0,Rent a 3-bedroom home located in Kolfe. About 96 square metres of living space. Features a private water tank. Furnished and ready to move in. Well maintained and secure.
"1-bedroom apartment in Kolfe available for rent. 54 square metres, well laid out. Features a private water tank. Comes with a backup generator. Furnished and ready to move in. Quiet neighbourhood with good access to transport.",Kolfe,Kolfe,1.0,1.0,53.5,False,22000.0,"1-bedroom apartment in Kolfe available for rent. 54 square metres, well laid out. Features a private water tank. Comes with a backup generator. Furnished and ready to move in. Quiet neighbourhood with good access to transport."
3-bedroom apartment in Yeka available for rent. About 127 square metres of living space. Well maintained apartment. Ideal for families or professionals.,Yeka,Yeka,3.0,2.0,127.3,False,42500.0,3-bedroom apartment in Yeka available for rent. About 127 square metres of living space. Well maintained apartment. Ideal for families or professionals.
4-bedroom unit in Addis Ketema for long-term rental. Floor space of 142 square metres. Well maintained apartment. Ideal for families or professionals.,Addis Ketema,Addis Ketema,4.0,3.0,142.5,False,41500.0,4-bedroom unit in Addis Ketema for long-term rental. Floor space of 142 square metres. Well maintained apartment. Ideal for families or professionals.
2-bedroom unit in Yeka for long-term rental. About 84 square metres of living space. Furnished and ready to move in. Close to schools and markets.,Yeka,Yeka,2.0,2.0,84.4,False,33500.0,2-bedroom unit in Yeka for long-term rental. About 84 square metres of living space. Furnished and ready to move in. Close to schools and markets.
Rent a 2-bedroom home located in Arada. About 86 square metres of living space. Features a private water tank. Ideal for families or professionals.,Arada,Arada,2.0,1.0,86.4,False,33500.0,Rent a 2-bedroom home located in Arada. About 86 square metres of living space. Features a private water tank. Ideal for families or professionals.
"3-bedroom apartment in Yeka available for rent. 98 square metres, well laid out. Features a private water tank. Well maintained and secure.",Yeka,Yeka,3.0,2.0,98.2,False,37000.0,"3-bedroom apartment in Yeka available for rent. 98 square metres, well laid out. Features a private water tank. Well maintained and secure."
"Apartment with 2 bedrooms in Akaky Kaliti, now available. Floor space of 97 square metres. Features a private water tank. Comes with a backup generator. Furnished and ready to move in. Quiet neighbourhood with good access to transport.",Akaky Kaliti,Akaky Kaliti,2.0,2.0,96.7,False,34000.0,"Apartment with 2 bedrooms in Akaky Kaliti, now available. Floor space of 97 square metres. Features a private water tank. Comes with a backup generator. Furnished and ready to move in. Quiet neighbourhood with good access to transport."
3-bedroom unit in Bole for long-term rental. Floor space of 103 square metres. Well maintained apartment. Well maintained and secure.,Bole,Bole,3.0,2.0,103.4,False,44000.0,3-bedroom unit in Bole for long-term rental. Floor space of 103 square metres. Well maintained apartment. Well maintained and secure.
"2-bedroom apartment in Bole available for rent. 83 square metres, well laid out. Comes with a backup generator. Furnished and ready to move in. Well maintained and secure.",Bole,Bole,2.0,1.0,82.9,False,42000.0,"2-bedroom apartment in Bole available for rent. 83 square metres, well laid out. Comes with a backup generator. Furnished and ready to move in. Well maintained and secure."
"Rent a 2-bedroom home located in Kirkos. 93 square metres, well laid out. Well maintained apartment. Well maintained and secure.",Kirkos,Kirkos,2.0,1.0,93.3,False,35500.0,"Rent a 2-bedroom home located in Kirkos. 93 square metres, well laid out. Well maintained apartment. Well maintained and secure."
"4-bedroom unit in Addis Ketema for long-term rental. 128 square metres, well laid out. Features a private water tank. Quiet neighbourhood with good access to transport.",Addis Ketema,Addis Ketema,4.0,2.0,127.7,False,39000.0,"4-bedroom unit in Addis Ketema for long-term rental. 128 square metres, well laid out. Features a private water tank. Quiet neighbourhood with good access to transport."
"3-bedroom unit in Akaky Kaliti for long-term rental. 105 square metres, well laid out. Features a private water tank. Quiet neighbourhood with good access to transport.",Akaky Kaliti,Akaky Kaliti,3.0,2.0,105.2,False,31000.0,"3-bedroom unit in Akaky Kaliti for long-term rental. 105 square metres, well laid out. Features a private water tank. Quiet neighbourhood with good access to transport."
3-bedroom unit in Gulele for long-term rental. Floor space of 108 square metres. Features a private water tank. Comes with a backup generator. Close to schools and markets.,Gulele,Gulele,3.0,2.0,108.1,False,37500.0,3-bedroom unit in Gulele for long-term rental. Floor space of 108 square metres. Features a private water tank. Comes with a backup generator. Close to schools and markets.
4-bedroom apartment in Akaky Kaliti available for rent. About 140 square metres of living space. Features a private water tank. Ideal for families or professionals.,Akaky Kaliti,Akaky Kaliti,4.0,3.0,139.5,False,40500.0,4-bedroom apartment in Akaky Kaliti available for rent. About 140 square metres of living space. Features a private water tank. Ideal for families or professionals.
Rent a 2-bedroom home located in Akaky Kaliti. Floor space of 106 square metres. Features a private water tank. Quiet neighbourhood with good access to transport.,Akaky Kaliti,Akaky Kaliti,2.0,1.0,105.8,False,27500.0,Rent a 2-bedroom home located in Akaky Kaliti. Floor space of 106 square metres. Features a private water tank. Quiet neighbourhood with good access to transport.
"Apartment with 1 bedrooms in Arada, now available. About 71 square metres of living space. Furnished and ready to move in. Ideal for families or professionals.",Arada,Arada,1.0,1.0,71.0,False,28500.0,"Apartment with 1 bedrooms in Arada, now available. About 71 square metres of living space. Furnished and ready to move in. Ideal for families or professionals."
"Apartment with 5 bedrooms in Yeka, now available. About 162 square metres of living space. Features a private water tank. Comes with a backup generator. Ideal for families or professionals.",Yeka,Yeka,5.0,3.0,161.6,False,62000.0,"Apartment with 5 bedrooms in Yeka, now available. About 162 square metres of living space. Features a private water tank. Comes with a backup generator. Ideal for families or professionals."
"Apartment with 1 bedrooms in Kolfe, now available. About 62 square metres of living space. Features a private water tank. Comes with a backup generator. Close to schools and markets.",Kolfe,Kolfe,1.0,1.0,61.6,False,21000.0,"Apartment with 1 bedrooms in Kolfe, now available. About 62 square metres of living space. Features a private water tank. Comes with a backup generator. Close to schools and markets."
"3-bedroom unit in Gulele for long-term rental. 100 square metres, well laid out. Well maintained apartment. Ideal for families or professionals.",Gulele,Gulele,3.0,1.0,99.5,False,30000.0,"3-bedroom unit in Gulele for long-term rental. 100 square metres, well laid out. Well maintained apartment. Ideal for families or professionals."
"Rent a 2-bedroom home located in Kirkos. 94 square metres, well laid out. Comes with a backup generator. Well maintained and secure.",Kirkos,Kirkos,2.0,1.0,93.8,False,38000.0,"Rent a 2-bedroom home located in Kirkos. 94 square metres, well laid out. Comes with a backup generator. Well maintained and secure."
2-bedroom unit in Bole for long-term rental. About 88 square metres of living space. Features a private water tank. Close to schools and markets.,Bole,Bole,2.0,1.0,88.1,False,37500.0,2-bedroom unit in Bole for long-term rental. About 88 square metres of living space. Features a private water tank. Close to schools and markets.
"Apartment with 1 bedrooms in Gulele, now available. 47 square metres, well laid out. Well maintained apartment. Close to schools and markets.",Gulele,Gulele,1.0,1.0,46.9,False,14000.0,"Apartment with 1 bedrooms in Gulele, now available. 47 square metres, well laid out. Well maintained apartment. Close to schools and markets."
5-bedroom apartment in Yeka available for rent. About 148 square metres of living space. Comes with a backup generator. Quiet neighbourhood with good access to transport.,Yeka,Yeka,5.0,3.0,148.1,False,56500.0,5-bedroom apartment in Yeka available for rent. About 148 square metres of living space. Comes with a backup generator. Quiet neighbourhood with good access to transport.
"Apartment with 3 bedrooms in Akaky Kaliti, now available. 107 square metres, well laid out. Features a private water tank. Quiet neighbourhood with good access to transport.",Akaky Kaliti,Akaky Kaliti,3.0,2.0,107.0,False,31000.0,"Apartment with 3 bedrooms in Akaky Kaliti, now available. 107 square metres, well laid out. Features a private water tank. Quiet neighbourhood with good access to transport."
2-bedroom apartment in Yeka available for rent. Floor space of 80 square metres. Well maintained apartment. Ideal for families or professionals.,Yeka,Yeka,2.0,1.0,79.9,False,27000.0,2-bedroom apartment in Yeka available for rent. Floor space of 80 square metres. Well maintained apartment. Ideal for families or professionals.
4-bedroom apartment in Bole available for rent. Floor space of 148 square metres. Well maintained apartment. Close to schools and markets.,Bole,Bole,4.0,3.0,147.8,False,62500.0,4-bedroom apartment in Bole available for rent. Floor space of 148 square metres. Well maintained apartment. Close to schools and markets.
1-bedroom apartment in Lidetta available for rent. About 70 square metres of living space. Well maintained apartment. Quiet neighbourhood with good access to transport.,Lidetta,Lidetta,1.0,1.0,69.8,False,18000.0,1-bedroom apartment in Lidetta available for rent. About 70 square metres of living space. Well maintained apartment. Quiet neighbourhood with good access to transport.
3-bedroom apartment in Bole available for rent. Floor space of 124 square metres. Comes with a backup generator. Quiet neighbourhood with good access to transport.,Bole,Bole,3.0,2.0,124.5,False,54000.0,3-bedroom apartment in Bole available for rent. Floor space of 124 square metres. Comes with a backup generator. Quiet neighbourhood with good access to transport.
Rent a 3-bedroom home located in Bole. About 111 square metres of living space. Well maintained apartment. Well maintained and secure.,Bole,Bole,3.0,2.0,111.2,False,47000.0,Rent a 3-bedroom home located in Bole. About 111 square metres of living space. Well maintained apartment. Well maintained and secure.
Rent a 3-bedroom home located in Nifas Silk. About 109 square metres of living space. Features a private water tank. Quiet neighbourhood with good access to transport.,Nifas Silk,Nifas Silk,3.0,2.0,109.0,False,37000.0,Rent a 3-bedroom home located in Nifas Silk. About 109 square metres of living space. Features a private water tank. Quiet neighbourhood with good access to transport.
Rent a 1-bedroom home located in Lidetta. Floor space of 53 square metres. Well maintained apartment. Quiet neighbourhood with good access to transport.,Lidetta,Lidetta,1.0,1.0,52.8,False,14500.0,Rent a 1-bedroom home located in Lidetta. Floor space of 53 square metres. Well maintained apartment. Quiet neighbourhood with good access to transport.
Rent a 5-bedroom home located in Yeka. Floor space of 152 square metres. Features a private water tank. Furnished and ready to move in. Ideal for families or professionals.,Yeka,Yeka,5.0,3.0,152.1,False,65000.0,Rent a 5-bedroom home located in Yeka. Floor space of 152 square metres. Features a private water tank. Furnished and ready to move in. Ideal for families or professionals.
2-bedroom apartment in Yeka available for rent. Floor space of 86 square metres. Features a private water tank. Furnished and ready to move in. Quiet neighbourhood with good access to transport.,Yeka,Yeka,2.0,1.0,86.2,False,35000.0,2-bedroom apartment in Yeka available for rent. Floor space of 86 square metres. Features a private water tank. Furnished and ready to move in. Quiet neighbourhood with good access to transport.
"4-bedroom unit in Kolfe for long-term rental. 114 square metres, well laid out. Features a private water tank. Comes with a backup generator. Ideal for families or professionals.",Kolfe,Kolfe,4.0,2.0,113.6,False,40000.0,"4-bedroom unit in Kolfe for long-term rental. 114 square metres, well laid out. Features a private water tank. Comes with a backup generator. Ideal for families or professionals."
4-bedroom apartment in Addis Ketema available for rent. About 124 square metres of living space. Features a private water tank. Well maintained and secure.,Addis Ketema,Addis Ketema,4.0,2.0,123.5,False,38500.0,4-bedroom apartment in Addis Ketema available for rent. About 124 square metres of living space. Features a private water tank. Well maintained and secure.
2-bedroom unit in Arada for long-term rental. About 82 square metres of living space. Well maintained apartment. Well maintained and secure.,Arada,Arada,2.0,1.0,82.1,False,30000.0,2-bedroom unit in Arada for long-term rental. About 82 square metres of living space. Well maintained apartment. Well maintained and secure.
"1-bedroom apartment in Bole available for rent. 69 square metres, well laid out. Furnished and ready to move in. Ideal for families or professionals.",Bole,Bole,1.0,1.0,69.0,False,31000.0,"1-bedroom apartment in Bole available for rent. 69 square metres, well laid out. Furnished and ready to move in. Ideal for families or professionals."
"2-bedroom apartment in Bole available for rent. 92 square metres, well laid out. Furnished and ready to move in. Close to schools and markets.",Bole,Bole,2.0,2.0,91.5,False,43500.0,"2-bedroom apartment in Bole available for rent. 92 square metres, well laid out. Furnished and ready to move in. Close to schools and markets."
"Rent a 5-bedroom home located in Yeka. 145 square metres, well laid out. Features a private water tank. Furnished and ready to move in. Quiet neighbourhood with good access to transport.",Yeka,Yeka,5.0,3.0,145.0,False,63000.0,"Rent a 5-bedroom home located in Yeka. 145 square metres, well laid out. Features a private water tank. Furnished and ready to move in. Quiet neighbourhood with good access to transport."
Rent a 5-bedroom home located in Bole. Floor space of 158 square metres. Furnished and ready to move in. Well maintained and secure.,Bole,Bole,5.0,3.0,157.6,False,78500.0,Rent a 5-bedroom home located in Bole. Floor space of 158 square metres. Furnished and ready to move in. Well maintained and secure.
"Rent a 5-bedroom home located in Gulele. 150 square metres, well laid out. Furnished and ready to move in. Close to schools and markets.",Gulele,Gulele,5.0,3.0,149.8,False,55500.0,"Rent a 5-bedroom home located in Gulele. 150 square metres, well laid out. Furnished and ready to move in. Close to schools and markets."
"2-bedroom apartment in Bole available for rent. 52 square metres, well laid out. Well maintained apartment. Quiet neighbourhood with good access to transport.",Bole,Bole,2.0,2.0,51.6,False,24500.0,"2-bedroom apartment in Bole available for rent. 52 square metres, well laid out. Well maintained apartment. Quiet neighbourhood with good access to transport."
"Apartment with 4 bedrooms in Arada, now available. Floor space of 124 square metres. Comes with a backup generator. Furnished and ready to move in. Ideal for families or professionals.",Arada,Arada,4.0,2.0,124.2,False,58500.0,"Apartment with 4 bedrooms in Arada, now available. Floor space of 124 square metres. Comes with a backup generator. Furnished and ready to move in. Ideal for families or professionals."
1-bedroom apartment in Gulele available for rent. Floor space of 77 square metres. Features a private water tank. Quiet neighbourhood with good access to transport.,Gulele,Gulele,1.0,1.0,76.9,False,22500.0,1-bedroom apartment in Gulele available for rent. Floor space of 77 square metres. Features a private water tank. Quiet neighbourhood with good access to transport.
4-bedroom unit in Nifas Silk for long-term rental. About 110 square metres of living space. Features a private water tank. Comes with a backup generator. Ideal for families or professionals.,Nifas Silk,Nifas Silk,4.0,2.0,109.8,False,42000.0,4-bedroom unit in Nifas Silk for long-term rental. About 110 square metres of living space. Features a private water tank. Comes with a backup generator. Ideal for families or professionals.
3-bedroom apartment in Yeka available for rent. About 109 square metres of living space. Features a private water tank. Comes with a backup generator. Ideal for families or professionals.,Yeka,Yeka,3.0,2.0,109.4,False,42500.0,3-bedroom apartment in Yeka available for rent. About 109 square metres of living space. Features a private water tank. Comes with a backup generator. Ideal for families or professionals.
4-bedroom unit in Kolfe for long-term rental. Floor space of 149 square metres. Well maintained apartment. Close to schools and markets.,Kolfe,Kolfe,4.0,3.0,149.0,False,44500.0,4-bedroom unit in Kolfe for long-term rental. Floor space of 149 square metres. Well maintained apartment. Close to schools and markets.
4-bedroom unit in Gulele for long-term rental. Floor space of 121 square metres. Furnished and ready to move in. Close to schools and markets.,Gulele,Gulele,4.0,2.0,120.9,False,44000.0,4-bedroom unit in Gulele for long-term rental. Floor space of 121 square metres. Furnished and ready to move in. Close to schools and markets.
Rent a 5-bedroom home located in Gulele. Floor space of 152 square metres. Features a private water tank. Well maintained and secure.,Gulele,Gulele,5.0,3.0,152.0,False,50500.0,Rent a 5-bedroom home located in Gulele. Floor space of 152 square metres. Features a private water tank. Well maintained and secure.
"Apartment with 3 bedrooms in Bole, now available. 92 square metres, well laid out. Well maintained apartment. Quiet neighbourhood with good access to transport.",Bole,Bole,3.0,2.0,92.4,False,40500.0,"Apartment with 3 bedrooms in Bole, now available. 92 square metres, well laid out. Well maintained apartment. Quiet neighbourhood with good access to transport."
Rent a 2-bedroom home located in Bole. Floor space of 106 square metres. Comes with a backup generator. Furnished and ready to move in. Ideal for families or professionals.,Bole,Bole,2.0,1.0,105.5,False,50500.0,Rent a 2-bedroom home located in Bole. Floor space of 106 square metres. Comes with a backup generator. Furnished and ready to move in. Ideal for families or professionals.
3-bedroom unit in Akaky Kaliti for long-term rental. About 107 square metres of living space. Features a private water tank. Comes with a backup generator. Ideal for families or professionals.,Akaky Kaliti,Akaky Kaliti,3.0,1.0,107.0,False,32500.0,3-bedroom unit in Akaky Kaliti for long-term rental. About 107 square metres of living space. Features a private water tank. Comes with a backup generator. Ideal for families or professionals.
"Rent a 1-bedroom home located in Kirkos. 65 square metres, well laid out. Well maintained apartment. Quiet neighbourhood with good access to transport.",Kirkos,Kirkos,1.0,1.0,64.6,False,24000.0,"Rent a 1-bedroom home located in Kirkos. 65 square metres, well laid out. Well maintained apartment. Quiet neighbourhood with good access to transport."
"1-bedroom apartment in Yeka available for rent. 80 square metres, well laid out. Features a private water tank. Quiet neighbourhood with good access to transport.",Yeka,Yeka,1.0,1.0,80.3,False,26500.0,"1-bedroom apartment in Yeka available for rent. 80 square metres, well laid out. Features a private water tank. Quiet neighbourhood with good access to transport."
3-bedroom apartment in Arada available for rent. About 116 square metres of living space. Comes with a backup generator. Ideal for families or professionals.,Arada,Arada,3.0,2.0,115.9,False,46500.0,3-bedroom apartment in Arada available for rent. About 116 square metres of living space. Comes with a backup generator. Ideal for families or professionals.
"5-bedroom apartment in Gulele available for rent. 142 square metres, well laid out. Features a private water tank. Quiet neighbourhood with good access to transport.",Gulele,Gulele,5.0,3.0,141.5,False,48000.0,"5-bedroom apartment in Gulele available for rent. 142 square metres, well laid out. Features a private water tank. Quiet neighbourhood with good access to transport."
Rent a 3-bedroom home located in Addis Ketema. About 100 square metres of living space. Well maintained apartment. Ideal for families or professionals.,Addis Ketema,Addis Ketema,3.0,3.0,100.2,False,30500.0,Rent a 3-bedroom home located in Addis Ketema. About 100 square metres of living space. Well maintained apartment. Ideal for families or professionals.
"4-bedroom apartment in Yeka available for rent. 136 square metres, well laid out. Features a private water tank. Furnished and ready to move in. Close to schools and markets.",Yeka,Yeka,4.0,2.0,135.9,False,56500.0,"4-bedroom apartment in Yeka available for rent. 136 square metres, well laid out. Features a private water tank. Furnished and ready to move in. Close to schools and markets."
1-bedroom apartment in Akaky Kaliti available for rent. About 56 square metres of living space. Furnished and ready to move in. Close to schools and markets.,Akaky Kaliti,Akaky Kaliti,1.0,1.0,56.5,False,16500.0,1-bedroom apartment in Akaky Kaliti available for rent. About 56 square metres of living space. Furnished and ready to move in. Close to schools and markets.
Rent a 3-bedroom home located in Bole. About 83 square metres of living space. Furnished and ready to move in. Quiet neighbourhood with good access to transport.,Bole,Bole,3.0,2.0,82.6,False,42500.0,Rent a 3-bedroom home located in Bole. About 83 square metres of living space. Furnished and ready to move in. Quiet neighbourhood with good access to transport.
Rent a 4-bedroom home located in Arada. Floor space of 129 square metres. Well maintained apartment. Well maintained and secure.,Arada,Arada,4.0,2.0,129.4,False,50000.0,Rent a 4-bedroom home located in Arada. Floor space of 129 square metres. Well maintained apartment. Well maintained and secure.
2-bedroom apartment in Nifas Silk available for rent. Floor space of 68 square metres. Features a private water tank. Ideal for families or professionals.,Nifas Silk,Nifas Silk,2.0,1.0,68.2,False,24000.0,2-bedroom apartment in Nifas Silk available for rent. Floor space of 68 square metres. Features a private water tank. Ideal for families or professionals.
"Apartment with 1 bedrooms in Bole, now available. About 83 square metres of living space. Furnished and ready to move in. Quiet neighbourhood with good access to transport.",Bole,Bole,1.0,1.0,83.4,False,36500.0,"Apartment with 1 bedrooms in Bole, now available. About 83 square metres of living space. Furnished and ready to move in. Quiet neighbourhood with good access to transport."
1-bedroom unit in Bole for long-term rental. Floor space of 66 square metres. Comes with a backup generator. Ideal for families or professionals.,Bole,Bole,1.0,1.0,66.1,False,28500.0,1-bedroom unit in Bole for long-term rental. Floor space of 66 square metres. Comes with a backup generator. Ideal for families or professionals.
5-bedroom apartment in Kirkos available for rent. About 141 square metres of living space. Features a private water tank. Comes with a backup generator. Furnished and ready to move in. Close to schools and markets.,Kirkos,Kirkos,5.0,3.0,141.1,False,74000.0,5-bedroom apartment in Kirkos available for rent. About 141 square metres of living space. Features a private water tank. Comes with a backup generator. Furnished and ready to move in. Close to schools and markets.
4-bedroom unit in Addis Ketema for long-term rental. Floor space of 122 square metres. Well maintained apartment. Quiet neighbourhood with good access to transport.,Addis Ketema,Addis Ketema,4.0,3.0,121.6,False,37500.0,4-bedroom unit in Addis Ketema for long-term rental. Floor space of 122 square metres. Well maintained apartment. Quiet neighbourhood with good access to transport.
Rent a 2-bedroom home located in Nifas Silk. About 63 square metres of living space. Features a private water tank. Comes with a backup generator. Furnished and ready to move in. Quiet neighbourhood with good access to transport.,Nifas Silk,Nifas Silk,2.0,1.0,63.3,False,29000.0,Rent a 2-bedroom home located in Nifas Silk. About 63 square metres of living space. Features a private water tank. Comes with a backup generator. Furnished and ready to move in. Quiet neighbourhood with good access to transport.
2-bedroom apartment in Akaky Kaliti available for rent. Floor space of 73 square metres. Features a private water tank. Ideal for families or professionals.,Akaky Kaliti,Akaky Kaliti,2.0,1.0,72.8,False,21000.0,2-bedroom apartment in Akaky Kaliti available for rent. Floor space of 73 square metres. Features a private water tank. Ideal for families or professionals.
"Apartment with 1 bedrooms in Kolfe, now available. 76 square metres, well laid out. Features a private water tank. Ideal for families or professionals.",Kolfe,Kolfe,1.0,1.0,76.2,False,21500.0,"Apartment with 1 bedrooms in Kolfe, now available. 76 square metres, well laid out. Features a private water tank. Ideal for families or professionals."
"Rent a 5-bedroom home located in Arada. 179 square metres, well laid out. Well maintained apartment. Quiet neighbourhood with good access to transport.",Arada,Arada,5.0,3.0,178.8,False,68000.0,"Rent a 5-bedroom home located in Arada. 179 square metres, well laid out. Well maintained apartment. Quiet neighbourhood with good access to transport."
"1-bedroom apartment in Kolfe available for rent. 73 square metres, well laid out. Features a private water tank. Furnished and ready to move in. Quiet neighbourhood with good access to transport.",Kolfe,Kolfe,1.0,1.0,72.7,False,24000.0,"1-bedroom apartment in Kolfe available for rent. 73 square metres, well laid out. Features a private water tank. Furnished and ready to move in. Quiet neighbourhood with good access to transport."
"4-bedroom apartment in Bole available for rent. 129 square metres, well laid out. Well maintained apartment. Well maintained and secure.",Bole,Bole,4.0,3.0,128.9,False,56000.0,"4-bedroom apartment in Bole available for rent. 129 square metres, well laid out. Well maintained apartment. Well maintained and secure."
"2-bedroom apartment in Bole available for rent. 81 square metres, well laid out. Features a private water tank. Comes with a backup generator. Quiet neighbourhood with good access to transport.",Bole,Bole,2.0,2.0,80.8,False,38500.0,"2-bedroom apartment in Bole available for rent. 81 square metres, well laid out. Features a private water tank. Comes with a backup generator. Quiet neighbourhood with good access to transport."
"Apartment with 2 bedrooms in Kolfe, now available. Floor space of 74 square metres. Features a private water tank. Furnished and ready to move in. Close to schools and markets.",Kolfe,Kolfe,2.0,1.0,74.5,False,27000.0,"Apartment with 2 bedrooms in Kolfe, now available. Floor space of 74 square metres. Features a private water tank. Furnished and ready to move in. Close to schools and markets."
"Apartment with 2 bedrooms in Kolfe, now available. 111 square metres, well laid out. Features a private water tank. Quiet neighbourhood with good access to transport.",Kolfe,Kolfe,2.0,2.0,110.7,False,32500.0,"Apartment with 2 bedrooms in Kolfe, now available. 111 square metres, well laid out. Features a private water tank. Quiet neighbourhood with good access to transport."
5-bedroom unit in Yeka for long-term rental. About 150 square metres of living space. Furnished and ready to move in. Ideal for families or professionals.,Yeka,Yeka,5.0,2.0,149.7,False,61000.0,5-bedroom unit in Yeka for long-term rental. About 150 square metres of living space. Furnished and ready to move in. Ideal for families or professionals.
Rent a 1-bedroom home located in Arada. About 89 square metres of living space. Furnished and ready to move in. Well maintained and secure.,Arada,Arada,1.0,1.0,89.4,False,35000.0,Rent a 1-bedroom home located in Arada. About 89 square metres of living space. Furnished and ready to move in. Well maintained and secure.
2-bedroom apartment in Nifas Silk available for rent. Floor space of 103 square metres. Features a private water tank. Ideal for families or professionals.,Nifas Silk,Nifas Silk,2.0,1.0,102.7,False,32000.0,2-bedroom apartment in Nifas Silk available for rent. Floor space of 103 square metres. Features a private water tank. Ideal for families or professionals.
"Apartment with 2 bedrooms in Lidetta, now available. Floor space of 65 square metres. Furnished and ready to move in. Close to schools and markets.",Lidetta,Lidetta,2.0,1.0,65.1,False,22000.0,"Apartment with 2 bedrooms in Lidetta, now available. Floor space of 65 square metres. Furnished and ready to move in. Close to schools and markets."
"2-bedroom apartment in Nifas Silk available for rent. 78 square metres, well laid out. Well maintained apartment. Ideal for families or professionals.",Nifas Silk,Nifas Silk,2.0,1.0,78.0,False,24500.0,"2-bedroom apartment in Nifas Silk available for rent. 78 square metres, well laid out. Well maintained apartment. Ideal for families or professionals."
Rent a 1-bedroom home located in Kirkos. Floor space of 56 square metres. Features a private water tank. Quiet neighbourhood with good access to transport.,Kirkos,Kirkos,1.0,1.0,56.0,False,23000.0,Rent a 1-bedroom home located in Kirkos. Floor space of 56 square metres. Features a private water tank. Quiet neighbourhood with good access to transport.
5-bedroom unit in Kirkos for long-term rental. About 151 square metres of living space. Features a private water tank. Furnished and ready to move in. Close to schools and markets.,Kirkos,Kirkos,5.0,2.0,151.0,False,73000.0,5-bedroom unit in Kirkos for long-term rental. About 151 square metres of living space. Features a private water tank. Furnished and ready to move in. Close to schools and markets.
"2-bedroom apartment in Kirkos available for rent. 85 square metres, well laid out. Comes with a backup generator. Furnished and ready to move in. Ideal for families or professionals.",Kirkos,Kirkos,2.0,1.0,85.3,False,41000.0,"2-bedroom apartment in Kirkos available for rent. 85 square metres, well laid out. Comes with a backup generator. Furnished and ready to move in. Ideal for families or professionals."
"Apartment with 3 bedrooms in Nifas Silk, now available. 144 square metres, well laid out. Features a private water tank. Comes with a backup generator. Quiet neighbourhood with good access to transport.",Nifas Silk,Nifas Silk,3.0,2.0,144.0,False,48000.0,"Apartment with 3 bedrooms in Nifas Silk, now available. 144 square metres, well laid out. Features a private water tank. Comes with a backup generator. Quiet neighbourhood with good access to transport."
"Rent a 2-bedroom home located in Lidetta. 73 square metres, well laid out. Well maintained apartment. Quiet neighbourhood with good access to transport.",Lidetta,Lidetta,2.0,1.0,73.1,False,21000.0,"Rent a 2-bedroom home located in Lidetta. 73 square metres, well laid out. Well maintained apartment. Quiet neighbourhood with good access to transport."
5-bedroom apartment in Arada available for rent. Floor space of 155 square metres. Well maintained apartment. Quiet neighbourhood with good access to transport.,Arada,Arada,5.0,2.0,154.7,False,60000.0,5-bedroom apartment in Arada available for rent. Floor space of 155 square metres. Well maintained apartment. Quiet neighbourhood with good access to transport.
"2-bedroom unit in Yeka for long-term rental. 93 square metres, well laid out. Well maintained apartment. Quiet neighbourhood with good access to transport.",Yeka,Yeka,2.0,1.0,93.4,False,30500.0,"2-bedroom unit in Yeka for long-term rental. 93 square metres, well laid out. Well maintained apartment. Quiet neighbourhood with good access to transport."
"2-bedroom apartment in Yeka available for rent. 86 square metres, well laid out. Features a private water tank. Well maintained and secure.",Yeka,Yeka,2.0,1.0,86.0,False,30000.0,"2-bedroom apartment in Yeka available for rent. 86 square metres, well laid out. Features a private water tank. Well maintained and secure."
"2-bedroom unit in Gulele for long-term rental. 87 square metres, well laid out. Features a private water tank. Comes with a backup generator. Ideal for families or professionals.",Gulele,Gulele,2.0,1.0,87.3,False,29500.0,"2-bedroom unit in Gulele for long-term rental. 87 square metres, well laid out. Features a private water tank. Comes with a backup generator. Ideal for families or professionals."
Rent a 2-bedroom home located in Kolfe. Floor space of 74 square metres. Features a private water tank. Well maintained and secure.,Kolfe,Kolfe,2.0,1.0,73.5,False,23000.0,Rent a 2-bedroom home located in Kolfe. Floor space of 74 square metres. Features a private water tank. Well maintained and secure.
Rent a 1-bedroom home located in Bole. About 65 square metres of living space. Well maintained apartment. Ideal for families or professionals.,Bole,Bole,1.0,1.0,65.3,False,25500.0,Rent a 1-bedroom home located in Bole. About 65 square metres of living space. Well maintained apartment. Ideal for families or professionals.
"Apartment with 4 bedrooms in Bole, now available. Floor space of 136 square metres. Well maintained apartment. Ideal for families or professionals.",Bole,Bole,4.0,2.0,136.1,False,57500.0,"Apartment with 4 bedrooms in Bole, now available. Floor space of 136 square metres. Well maintained apartment. Ideal for families or professionals."
"1-bedroom apartment in Nifas Silk available for rent. 68 square metres, well laid out. Well maintained apartment. Well maintained and secure.",Nifas Silk,Nifas Silk,1.0,1.0,67.9,False,19500.0,"1-bedroom apartment in Nifas Silk available for rent. 68 square metres, well laid out. Well maintained apartment. Well maintained and secure."
"2-bedroom unit in Bole for long-term rental. 93 square metres, well laid out. Furnished and ready to move in. Well maintained and secure.",Bole,Bole,2.0,1.0,92.8,False,42500.0,"2-bedroom unit in Bole for long-term rental. 93 square metres, well laid out. Furnished and ready to move in. Well maintained and secure."
Rent a 2-bedroom home located in Kolfe. Floor space of 103 square metres. Comes with a backup generator. Well maintained and secure.,Kolfe,Kolfe,2.0,1.0,103.0,False,30500.0,Rent a 2-bedroom home located in Kolfe. Floor space of 103 square metres. Comes with a backup generator. Well maintained and secure.
2-bedroom unit in Yeka for long-term rental. About 97 square metres of living space. Features a private water tank. Furnished and ready to move in. Quiet neighbourhood with good access to transport.,Yeka,Yeka,2.0,2.0,97.2,False,39500.0,2-bedroom unit in Yeka for long-term rental. About 97 square metres of living space. Features a private water tank. Furnished and ready to move in. Quiet neighbourhood with good access to transport.
4-bedroom apartment in Bole available for rent. About 131 square metres of living space. Well maintained apartment. Well maintained and secure.,Bole,Bole,4.0,2.0,130.9,False,55500.0,4-bedroom apartment in Bole available for rent. About 131 square metres of living space. Well maintained apartment. Well maintained and secure.
3-bedroom apartment in Akaky Kaliti available for rent. About 94 square metres of living space. Features a private water tank. Furnished and ready to move in. Ideal for families or professionals.,Akaky Kaliti,Akaky Kaliti,3.0,2.0,93.9,False,33000.0,3-bedroom apartment in Akaky Kaliti available for rent. About 94 square metres of living space. Features a private water tank. Furnished and ready to move in. Ideal for families or professionals.
5-bedroom unit in Bole for long-term rental. Floor space of 145 square metres. Features a private water tank. Furnished and ready to move in. Ideal for families or professionals.,Bole,Bole,5.0,3.0,144.8,False,75500.0,5-bedroom unit in Bole for long-term rental. Floor space of 145 square metres. Features a private water tank. Furnished and ready to move in. Ideal for families or professionals.
"Rent a 2-bedroom home located in Yeka. 83 square metres, well laid out. Features a private water tank. Ideal for families or professionals.",Yeka,Yeka,2.0,1.0,83.4,False,29500.0,"Rent a 2-bedroom home located in Yeka. 83 square metres, well laid out. Features a private water tank. Ideal for families or professionals."
"Rent a 5-bedroom home located in Bole. 155 square metres, well laid out. Furnished and ready to move in. Ideal for families or professionals.",Bole,Bole,5.0,3.0,155.0,False,77500.0,"Rent a 5-bedroom home located in Bole. 155 square metres, well laid out. Furnished and ready to move in. Ideal for families or professionals."
"Rent a 1-bedroom home located in Bole. 58 square metres, well laid out. Well maintained apartment. Ideal for families or professionals.",Bole,Bole,1.0,1.0,58.3,False,23000.0,"Rent a 1-bedroom home located in Bole. 58 square metres, well laid out. Well maintained apartment. Ideal for families or professionals."
"Apartment with 3 bedrooms in Bole, now available. Floor space of 97 square metres. Furnished and ready to move in. Quiet neighbourhood with good access to transport.",Bole,Bole,3.0,2.0,96.8,False,48000.0,"Apartment with 3 bedrooms in Bole, now available. Floor space of 97 square metres. Furnished and ready to move in. Quiet neighbourhood with good access to transport."
"4-bedroom apartment in Bole available for rent. 116 square metres, well laid out. Well maintained apartment. Ideal for families or professionals.",Bole,Bole,4.0,3.0,115.7,False,51500.0,"4-bedroom apartment in Bole available for rent. 116 square metres, well laid out. Well maintained apartment. Ideal for families or professionals."
Rent a 3-bedroom home located in Bole. Floor space of 88 square metres. Furnished and ready to move in. Quiet neighbourhood with good access to transport.,Bole,Bole,3.0,2.0,88.2,False,45000.0,Rent a 3-bedroom home located in Bole. Floor space of 88 square metres. Furnished and ready to move in. Quiet neighbourhood with good access to transport.
5-bedroom apartment in Bole available for rent. Floor space of 149 square metres. Well maintained apartment. Close to schools and markets.,Bole,Bole,5.0,3.0,149.2,False,65500.0,5-bedroom apartment in Bole available for rent. Floor space of 149 square metres. Well maintained apartment. Close to schools and markets.
"Apartment with 2 bedrooms in Nifas Silk, now available. Floor space of 68 square metres. Features a private water tank. Well maintained and secure.",Nifas Silk,Nifas Silk,2.0,1.0,68.4,False,24000.0,"Apartment with 2 bedrooms in Nifas Silk, now available. Floor space of 68 square metres. Features a private water tank. Well maintained and secure."
"1-bedroom unit in Gulele for long-term rental. 52 square metres, well laid out. Features a private water tank. Quiet neighbourhood with good access to transport.",Gulele,Gulele,1.0,1.0,52.0,False,17000.0,"1-bedroom unit in Gulele for long-term rental. 52 square metres, well laid out. Features a private water tank. Quiet neighbourhood with good access to transport."
"Apartment with 4 bedrooms in Kirkos, now available. Floor space of 125 square metres. Furnished and ready to move in. Quiet neighbourhood with good access to transport.",Kirkos,Kirkos,4.0,3.0,125.3,False,60500.0,"Apartment with 4 bedrooms in Kirkos, now available. Floor space of 125 square metres. Furnished and ready to move in. Quiet neighbourhood with good access to transport."
1-bedroom unit in Yeka for long-term rental. About 48 square metres of living space. Features a private water tank. Furnished and ready to move in. Close to schools and markets.,Yeka,Yeka,1.0,1.0,48.0,False,20500.0,1-bedroom unit in Yeka for long-term rental. About 48 square metres of living space. Features a private water tank. Furnished and ready to move in. Close to schools and markets.
4-bedroom apartment in Arada available for rent. Floor space of 135 square metres. Features a private water tank. Well maintained and secure.,Arada,Arada,4.0,2.0,134.6,False,53500.0,4-bedroom apartment in Arada available for rent. Floor space of 135 square metres. Features a private water tank. Well maintained and secure.
"Apartment with 4 bedrooms in Lidetta, now available. About 139 square metres of living space. Features a private water tank. Furnished and ready to move in. Quiet neighbourhood with good access to transport.",Lidetta,Lidetta,4.0,2.0,138.9,False,48500.0,"Apartment with 4 bedrooms in Lidetta, now available. About 139 square metres of living space. Features a private water tank. Furnished and ready to move in. Quiet neighbourhood with good access to transport."
"Apartment with 5 bedrooms in Lidetta, now available. 145 square metres, well laid out. Features a private water tank. Comes with a backup generator. Furnished and ready to move in. Well maintained and secure.",Lidetta,Lidetta,5.0,3.0,145.4,False,57000.0,"Apartment with 5 bedrooms in Lidetta, now available. 145 square metres, well laid out. Features a private water tank. Comes with a backup generator. Furnished and ready to move in. Well maintained and secure."
"3-bedroom apartment in Bole available for rent. 103 square metres, well laid out. Furnished and ready to move in. Ideal for families or professionals.",Bole,Bole,3.0,1.0,102.8,False,49000.0,"3-bedroom apartment in Bole available for rent. 103 square metres, well laid out. Furnished and ready to move in. Ideal for families or professionals."
5-bedroom apartment in Yeka available for rent. Floor space of 158 square metres. Features a private water tank. Quiet neighbourhood with good access to transport.,Yeka,Yeka,5.0,3.0,158.4,False,58500.0,5-bedroom apartment in Yeka available for rent. Floor space of 158 square metres. Features a private water tank. Quiet neighbourhood with good access to transport.
"1-bedroom unit in Yeka for long-term rental. 55 square metres, well laid out. Features a private water tank. Quiet neighbourhood with good access to transport.",Yeka,Yeka,1.0,1.0,55.4,False,20000.0,"1-bedroom unit in Yeka for long-term rental. 55 square metres, well laid out. Features a private water tank. Quiet neighbourhood with good access to transport."
"Apartment with 3 bedrooms in Yeka, now available. About 99 square metres of living space. Comes with a backup generator. Ideal for families or professionals.",Yeka,Yeka,3.0,1.0,98.6,False,36500.0,"Apartment with 3 bedrooms in Yeka, now available. About 99 square metres of living space. Comes with a backup generator. Ideal for families or professionals."
"1-bedroom apartment in Nifas Silk available for rent. 78 square metres, well laid out. Well maintained apartment. Quiet neighbourhood with good access to transport.",Nifas Silk,Nifas Silk,1.0,1.0,78.4,False,22000.0,"1-bedroom apartment in Nifas Silk available for rent. 78 square metres, well laid out. Well maintained apartment. Quiet neighbourhood with good access to transport."
4-bedroom unit in Kirkos for long-term rental. About 141 square metres of living space. Well maintained apartment. Ideal for families or professionals.,Kirkos,Kirkos,4.0,3.0,140.6,False,57500.0,4-bedroom unit in Kirkos for long-term rental. About 141 square metres of living space. Well maintained apartment. Ideal for families or professionals.
"4-bedroom unit in Bole for long-term rental. 137 square metres, well laid out. Well maintained apartment. Quiet neighbourhood with good access to transport.",Bole,Bole,4.0,3.0,137.2,False,59000.0,"4-bedroom unit in Bole for long-term rental. 137 square metres, well laid out. Well maintained apartment. Quiet neighbourhood with good access to transport."
"5-bedroom apartment in Kirkos available for rent. 163 square metres, well laid out. Well maintained apartment. Close to schools and markets.",Kirkos,Kirkos,5.0,3.0,163.1,False,67000.0,"5-bedroom apartment in Kirkos available for rent. 163 square metres, well laid out. Well maintained apartment. Close to schools and markets."
Rent a 4-bedroom home located in Arada. About 106 square metres of living space. Furnished and ready to move in. Quiet neighbourhood with good access to transport.,Arada,Arada,4.0,2.0,106.3,False,49500.0,Rent a 4-bedroom home located in Arada. About 106 square metres of living space. Furnished and ready to move in. Quiet neighbourhood with good access to transport.
"Rent a 2-bedroom home located in Bole. 102 square metres, well laid out. Well maintained apartment. Quiet neighbourhood with good access to transport.",Bole,Bole,2.0,1.0,102.2,False,40500.0,"Rent a 2-bedroom home located in Bole. 102 square metres, well laid out. Well maintained apartment. Quiet neighbourhood with good access to transport."
"Apartment with 1 bedrooms in Lidetta, now available. 69 square metres, well laid out. Well maintained apartment. Quiet neighbourhood with good access to transport.",Lidetta,Lidetta,1.0,1.0,68.7,False,18000.0,"Apartment with 1 bedrooms in Lidetta, now available. 69 square metres, well laid out. Well maintained apartment. Quiet neighbourhood with good access to transport."
"5-bedroom unit in Bole for long-term rental. 164 square metres, well laid out. Well maintained apartment. Ideal for families or professionals.",Bole,Bole,5.0,3.0,164.1,False,70500.0,"5-bedroom unit in Bole for long-term rental. 164 square metres, well laid out. Well maintained apartment. Ideal for families or professionals."
3-bedroom apartment in Akaky Kaliti available for rent. About 113 square metres of living space. Features a private water tank. Ideal for families or professionals.,Akaky Kaliti,Akaky Kaliti,3.0,2.0,112.6,False,32000.0,3-bedroom apartment in Akaky Kaliti available for rent. About 113 square metres of living space. Features a private water tank. Ideal for families or professionals.
"Rent a 1-bedroom home located in Bole. 65 square metres, well laid out. Furnished and ready to move in. Quiet neighbourhood with good access to transport.",Bole,Bole,1.0,1.0,64.6,False,29000.0,"Rent a 1-bedroom home located in Bole. 65 square metres, well laid out. Furnished and ready to move in. Quiet neighbourhood with good access to transport."
"Rent a 5-bedroom home located in Lidetta. 149 square metres, well laid out. Well maintained apartment. Quiet neighbourhood with good access to transport.",Lidetta,Lidetta,5.0,3.0,148.7,False,46000.0,"Rent a 5-bedroom home located in Lidetta. 149 square metres, well laid out. Well maintained apartment. Quiet neighbourhood with good access to transport."
5-bedroom apartment in Akaky Kaliti available for rent. About 156 square metres of living space. Features a private water tank. Close to schools and markets.,Akaky Kaliti,Akaky Kaliti,5.0,3.0,156.4,False,46000.0,5-bedroom apartment in Akaky Kaliti available for rent. About 156 square metres of living space. Features a private water tank. Close to schools and markets.
"3-bedroom unit in Addis Ketema for long-term rental. 104 square metres, well laid out. Well maintained apartment. Close to schools and markets.",Addis Ketema,Addis Ketema,3.0,1.0,104.3,False,29000.0,"3-bedroom unit in Addis Ketema for long-term rental. 104 square metres, well laid out. Well maintained apartment. Close to schools and markets."
4-bedroom apartment in Kolfe available for rent. Floor space of 140 square metres. Features a private water tank. Comes with a backup generator. Well maintained and secure.,Kolfe,Kolfe,4.0,2.0,140.4,False,46000.0,4-bedroom apartment in Kolfe available for rent. Floor space of 140 square metres. Features a private water tank. Comes with a backup generator. Well maintained and secure.
"1-bedroom apartment in Kolfe available for rent. 45 square metres, well laid out. Features a private water tank. Well maintained and secure.",Kolfe,Kolfe,1.0,1.0,45.0,False,15000.0,"1-bedroom apartment in Kolfe available for rent. 45 square metres, well laid out. Features a private water tank. Well maintained and secure."
1-bedroom unit in Nifas Silk for long-term rental. About 58 square metres of living space. Features a private water tank. Furnished and ready to move in. Well maintained and secure.,Nifas Silk,Nifas Silk,1.0,1.0,57.5,False,22000.0,1-bedroom unit in Nifas Silk for long-term rental. About 58 square metres of living space. Features a private water tank. Furnished and ready to move in. Well maintained and secure.
2-bedroom apartment in Kolfe available for rent. About 110 square metres of living space. Comes with a backup generator. Well maintained and secure.,Kolfe,Kolfe,2.0,2.0,110.5,False,33000.0,2-bedroom apartment in Kolfe available for rent. About 110 square metres of living space. Comes with a backup generator. Well maintained and secure.
4-bedroom apartment in Bole available for rent. About 122 square metres of living space. Furnished and ready to move in. Close to schools and markets.,Bole,Bole,4.0,2.0,122.5,False,61000.0,4-bedroom apartment in Bole available for rent. About 122 square metres of living space. Furnished and ready to move in. Close to schools and markets.
Rent a 1-bedroom home located in Arada. Floor space of 61 square metres. Features a private water tank. Ideal for families or professionals.,Arada,Arada,1.0,1.0,61.1,False,23500.0,Rent a 1-bedroom home located in Arada. Floor space of 61 square metres. Features a private water tank. Ideal for families or professionals.
"Apartment with 1 bedrooms in Arada, now available. 53 square metres, well laid out. Well maintained apartment. Well maintained and secure.",Arada,Arada,1.0,1.0,53.4,False,19500.0,"Apartment with 1 bedrooms in Arada, now available. 53 square metres, well laid out. Well maintained apartment. Well maintained and secure."
Rent a 4-bedroom home located in Lidetta. Floor space of 134 square metres. Well maintained apartment. Quiet neighbourhood with good access to transport.,Lidetta,Lidetta,4.0,3.0,134.0,False,40500.0,Rent a 4-bedroom home located in Lidetta. Floor space of 134 square metres. Well maintained apartment. Quiet neighbourhood with good access to transport.
4-bedroom apartment in Arada available for rent. About 121 square metres of living space. Well maintained apartment. Ideal for families or professionals.,Arada,Arada,4.0,3.0,121.2,False,49000.0,4-bedroom apartment in Arada available for rent. About 121 square metres of living space. Well maintained apartment. Ideal for families or professionals.
"4-bedroom unit in Kirkos for long-term rental. 128 square metres, well laid out. Features a private water tank. Quiet neighbourhood with good access to transport.",Kirkos,Kirkos,4.0,2.0,127.8,False,54000.0,"4-bedroom unit in Kirkos for long-term rental. 128 square metres, well laid out. Features a private water tank. Quiet neighbourhood with good access to transport."
Rent a 4-bedroom home located in Nifas Silk. About 140 square metres of living space. Well maintained apartment. Quiet neighbourhood with good access to transport.,Nifas Silk,Nifas Silk,4.0,3.0,140.2,False,46000.0,Rent a 4-bedroom home located in Nifas Silk. About 140 square metres of living space. Well maintained apartment. Quiet neighbourhood with good access to transport.
"Rent a 5-bedroom home located in Yeka. 144 square metres, well laid out. Features a private water tank. Quiet neighbourhood with good access to transport.",Yeka,Yeka,5.0,3.0,143.6,False,54500.0,"Rent a 5-bedroom home located in Yeka. 144 square metres, well laid out. Features a private water tank. Quiet neighbourhood with good access to transport."
"Apartment with 4 bedrooms in Bole, now available. Floor space of 140 square metres. Features a private water tank. Well maintained and secure.",Bole,Bole,4.0,3.0,139.5,False,61500.0,"Apartment with 4 bedrooms in Bole, now available. Floor space of 140 square metres. Features a private water tank. Well maintained and secure."
"3-bedroom unit in Arada for long-term rental. 118 square metres, well laid out. Features a private water tank. Comes with a backup generator. Close to schools and markets.",Arada,Arada,3.0,2.0,117.9,False,49000.0,"3-bedroom unit in Arada for long-term rental. 118 square metres, well laid out. Features a private water tank. Comes with a backup generator. Close to schools and markets."
Rent a 5-bedroom home located in Kirkos. About 165 square metres of living space. Features a private water tank. Comes with a backup generator. Furnished and ready to move in. Close to schools and markets.,Kirkos,Kirkos,5.0,3.0,164.7,False,82500.0,Rent a 5-bedroom home located in Kirkos. About 165 square metres of living space. Features a private water tank. Comes with a backup generator. Furnished and ready to move in. Close to schools and markets.
"2-bedroom unit in Yeka for long-term rental. 88 square metres, well laid out. Features a private water tank. Ideal for families or professionals.",Yeka,Yeka,2.0,1.0,87.7,False,30500.0,"2-bedroom unit in Yeka for long-term rental. 88 square metres, well laid out. Features a private water tank. Ideal for families or professionals."
Rent a 1-bedroom home located in Kirkos. About 103 square metres of living space. Furnished and ready to move in. Ideal for families or professionals.,Kirkos,Kirkos,1.0,1.0,102.9,False,42000.0,Rent a 1-bedroom home located in Kirkos. About 103 square metres of living space. Furnished and ready to move in. Ideal for families or professionals.
Rent a 4-bedroom home located in Kirkos. About 143 square metres of living space. Furnished and ready to move in. Close to schools and markets.,Kirkos,Kirkos,4.0,2.0,142.7,False,65500.0,Rent a 4-bedroom home located in Kirkos. About 143 square metres of living space. Furnished and ready to move in. Close to schools and markets.
"Apartment with 2 bedrooms in Kirkos, now available. About 90 square metres of living space. Features a private water tank. Well maintained and secure.",Kirkos,Kirkos,2.0,2.0,89.9,False,37500.0,"Apartment with 2 bedrooms in Kirkos, now available. About 90 square metres of living space. Features a private water tank. Well maintained and secure."
"Apartment with 5 bedrooms in Kirkos, now available. Floor space of 142 square metres. Comes with a backup generator. Close to schools and markets.",Kirkos,Kirkos,5.0,3.0,141.5,False,62500.0,"Apartment with 5 bedrooms in Kirkos, now available. Floor space of 142 square metres. Comes with a backup generator. Close to schools and markets."
3-bedroom unit in Gulele for long-term rental. Floor space of 107 square metres. Features a private water tank. Furnished and ready to move in. Ideal for families or professionals.,Gulele,Gulele,3.0,2.0,106.8,False,40000.0,3-bedroom unit in Gulele for long-term rental. Floor space of 107 square metres. Features a private water tank. Furnished and ready to move in. Ideal for families or professionals.
"5-bedroom apartment in Yeka available for rent. 169 square metres, well laid out. Furnished and ready to move in. Close to schools and markets.",Yeka,Yeka,5.0,3.0,169.1,False,68500.0,"5-bedroom apartment in Yeka available for rent. 169 square metres, well laid out. Furnished and ready to move in. Close to schools and markets."
"Apartment with 1 bedrooms in Akaky Kaliti, now available. About 84 square metres of living space. Well maintained apartment. Well maintained and secure.",Akaky Kaliti,Akaky Kaliti,1.0,1.0,84.5,False,19500.0,"Apartment with 1 bedrooms in Akaky Kaliti, now available. About 84 square metres of living space. Well maintained apartment. Well maintained and secure."
4-bedroom unit in Akaky Kaliti for long-term rental. About 148 square metres of living space. Well maintained apartment. Well maintained and secure.,Akaky Kaliti,Akaky Kaliti,4.0,3.0,147.7,False,40500.0,4-bedroom unit in Akaky Kaliti for long-term rental. About 148 square metres of living space. Well maintained apartment. Well maintained and secure.
"Apartment with 3 bedrooms in Arada, now available. Floor space of 117 square metres. Furnished and ready to move in. Well maintained and secure.",Arada,Arada,3.0,2.0,117.4,False,51000.0,"Apartment with 3 bedrooms in Arada, now available. Floor space of 117 square metres. Furnished and ready to move in. Well maintained and secure."
3-bedroom unit in Kirkos for long-term rental. About 93 square metres of living space. Well maintained apartment. Well maintained and secure.,Kirkos,Kirkos,3.0,2.0,92.9,False,38500.0,3-bedroom unit in Kirkos for long-term rental. About 93 square metres of living space. Well maintained apartment. Well maintained and secure.
"2-bedroom unit in Arada for long-term rental. 92 square metres, well laid out. Features a private water tank. Ideal for families or professionals.",Arada,Arada,2.0,1.0,91.8,False,35000.0,"2-bedroom unit in Arada for long-term rental. 92 square metres, well laid out. Features a private water tank. Ideal for families or professionals."
5-bedroom unit in Lidetta for long-term rental. About 137 square metres of living space. Features a private water tank. Ideal for families or professionals.,Lidetta,Lidetta,5.0,3.0,137.1,False,45000.0,5-bedroom unit in Lidetta for long-term rental. About 137 square metres of living space. Features a private water tank. Ideal for families or professionals.
2-bedroom unit in Nifas Silk for long-term rental. Floor space of 68 square metres. Features a private water tank. Ideal for families or professionals.,Nifas Silk,Nifas Silk,2.0,1.0,68.2,False,24000.0,2-bedroom unit in Nifas Silk for long-term rental. Floor space of 68 square metres. Features a private water tank. Ideal for families or professionals.
"Apartment with 5 bedrooms in Kolfe, now available. Floor space of 155 square metres. Features a private water tank. Comes with a backup generator. Close to schools and markets.",Kolfe,Kolfe,5.0,3.0,154.9,False,52500.0,"Apartment with 5 bedrooms in Kolfe, now available. Floor space of 155 square metres. Features a private water tank. Comes with a backup generator. Close to schools and markets."
"Apartment with 3 bedrooms in Arada, now available. About 114 square metres of living space. Furnished and ready to move in. Quiet neighbourhood with good access to transport.",Arada,Arada,3.0,2.0,114.3,False,50000.0,"Apartment with 3 bedrooms in Arada, now available. About 114 square metres of living space. Furnished and ready to move in. Quiet neighbourhood with good access to transport."
1-bedroom unit in Nifas Silk for long-term rental. Floor space of 75 square metres. Features a private water tank. Quiet neighbourhood with good access to transport.,Nifas Silk,Nifas Silk,1.0,1.0,74.8,False,23000.0,1-bedroom unit in Nifas Silk for long-term rental. Floor space of 75 square metres. Features a private water tank. Quiet neighbourhood with good access to transport.
5-bedroom apartment in Yeka available for rent. About 158 square metres of living space. Comes with a backup generator. Quiet neighbourhood with good access to transport.,Yeka,Yeka,5.0,3.0,158.0,False,59000.0,5-bedroom apartment in Yeka available for rent. About 158 square metres of living space. Comes with a backup generator. Quiet neighbourhood with good access to transport.
1-bedroom unit in Gulele for long-term rental. Floor space of 70 square metres. Well maintained apartment. Well maintained and secure.,Gulele,Gulele,1.0,1.0,70.4,False,19000.0,1-bedroom unit in Gulele for long-term rental. Floor space of 70 square metres. Well maintained apartment. Well maintained and secure.
"2-bedroom apartment in Yeka available for rent. 74 square metres, well laid out. Well maintained apartment. Close to schools and markets.",Yeka,Yeka,2.0,1.0,74.2,False,25500.0,"2-bedroom apartment in Yeka available for rent. 74 square metres, well laid out. Well maintained apartment. Close to schools and markets."
5-bedroom unit in Gulele for long-term rental. Floor space of 151 square metres. Well maintained apartment. Well maintained and secure.,Gulele,Gulele,5.0,3.0,150.7,False,48500.0,5-bedroom unit in Gulele for long-term rental. Floor space of 151 square metres. Well maintained apartment. Well maintained and secure.
"Rent a 5-bedroom home located in Lidetta. 134 square metres, well laid out. Features a private water tank. Furnished and ready to move in. Close to schools and markets.",Lidetta,Lidetta,5.0,2.0,133.9,False,50000.0,"Rent a 5-bedroom home located in Lidetta. 134 square metres, well laid out. Features a private water tank. Furnished and ready to move in. Close to schools and markets."
5-bedroom apartment in Bole available for rent. Floor space of 128 square metres. Features a private water tank. Furnished and ready to move in. Quiet neighbourhood with good access to transport.,Bole,Bole,5.0,3.0,128.0,False,69000.0,5-bedroom apartment in Bole available for rent. Floor space of 128 square metres. Features a private water tank. Furnished and ready to move in. Quiet neighbourhood with good access to transport.
"Apartment with 3 bedrooms in Nifas Silk, now available. About 117 square metres of living space. Comes with a backup generator. Furnished and ready to move in. Well maintained and secure.",Nifas Silk,Nifas Silk,3.0,2.0,116.9,False,45500.0,"Apartment with 3 bedrooms in Nifas Silk, now available. About 117 square metres of living space. Comes with a backup generator. Furnished and ready to move in. Well maintained and secure."
"4-bedroom unit in Bole for long-term rental. 121 square metres, well laid out. Well maintained apartment. Quiet neighbourhood with good access to transport.",Bole,Bole,4.0,2.0,121.0,False,52500.0,"4-bedroom unit in Bole for long-term rental. 121 square metres, well laid out. Well maintained apartment. Quiet neighbourhood with good access to transport."
"2-bedroom apartment in Gulele available for rent. 96 square metres, well laid out. Features a private water tank. Quiet neighbourhood with good access to transport.",Gulele,Gulele,2.0,2.0,96.5,False,30500.0,"2-bedroom apartment in Gulele available for rent. 96 square metres, well laid out. Features a private water tank. Quiet neighbourhood with good access to transport."
"Rent a 4-bedroom home located in Bole. 143 square metres, well laid out. Well maintained apartment. Ideal for families or professionals.",Bole,Bole,4.0,2.0,143.3,False,60000.0,"Rent a 4-bedroom home located in Bole. 143 square metres, well laid out. Well maintained apartment. Ideal for families or professionals."
"3-bedroom apartment in Akaky Kaliti available for rent. 101 square metres, well laid out. Features a private water tank. Comes with a backup generator. Well maintained and secure.",Akaky Kaliti,Akaky Kaliti,3.0,2.0,100.6,False,32500.0,"3-bedroom apartment in Akaky Kaliti available for rent. 101 square metres, well laid out. Features a private water tank. Comes with a backup generator. Well maintained and secure."
Rent a 1-bedroom home located in Bole. Floor space of 71 square metres. Features a private water tank. Well maintained and secure.,Bole,Bole,1.0,1.0,71.1,False,29500.0,Rent a 1-bedroom home located in Bole. Floor space of 71 square metres. Features a private water tank. Well maintained and secure.
"Apartment with 3 bedrooms in Addis Ketema, now available. 100 square metres, well laid out. Features a private water tank. Comes with a backup generator. Close to schools and markets.",Addis Ketema,Addis Ketema,3.0,1.0,100.1,False,32500.0,"Apartment with 3 bedrooms in Addis Ketema, now available. 100 square metres, well laid out. Features a private water tank. Comes with a backup generator. Close to schools and markets."
"Rent a 3-bedroom home located in Kolfe. 86 square metres, well laid out. Features a private water tank. Close to schools and markets.",Kolfe,Kolfe,3.0,1.0,85.8,False,28000.0,"Rent a 3-bedroom home located in Kolfe. 86 square metres, well laid out. Features a private water tank. Close to schools and markets."
2-bedroom apartment in Nifas Silk available for rent. About 88 square metres of living space. Features a private water tank. Furnished and ready to move in. Well maintained and secure.,Nifas Silk,Nifas Silk,2.0,2.0,87.5,False,34000.0,2-bedroom apartment in Nifas Silk available for rent. About 88 square metres of living space. Features a private water tank. Furnished and ready to move in. Well maintained and secure.
"2-bedroom unit in Kolfe for long-term rental. 80 square metres, well laid out. Well maintained apartment. Well maintained and secure.",Kolfe,Kolfe,2.0,1.0,80.3,False,23000.0,"2-bedroom unit in Kolfe for long-term rental. 80 square metres, well laid out. Well maintained apartment. Well maintained and secure."
Rent a 3-bedroom home located in Kolfe. About 103 square metres of living space. Features a private water tank. Comes with a backup generator. Furnished and ready to move in. Close to schools and markets.,Kolfe,Kolfe,3.0,1.0,102.7,False,39500.0,Rent a 3-bedroom home located in Kolfe. About 103 square metres of living space. Features a private water tank. Comes with a backup generator. Furnished and ready to move in. Close to schools and markets.
"Apartment with 1 bedrooms in Akaky Kaliti, now available. Floor space of 88 square metres. Features a private water tank. Comes with a backup generator. Close to schools and markets.",Akaky Kaliti,Akaky Kaliti,1.0,1.0,87.7,False,24500.0,"Apartment with 1 bedrooms in Akaky Kaliti, now available. Floor space of 88 square metres. Features a private water tank. Comes with a backup generator. Close to schools and markets."
1-bedroom apartment in Yeka available for rent. About 46 square metres of living space. Comes with a backup generator. Furnished and ready to move in. Close to schools and markets.,Yeka,Yeka,1.0,1.0,45.7,False,21000.0,1-bedroom apartment in Yeka available for rent. About 46 square metres of living space. Comes with a backup generator. Furnished and ready to move in. Close to schools and markets.
"Rent a 4-bedroom home located in Nifas Silk. 135 square metres, well laid out. Features a private water tank. Close to schools and markets.",Nifas Silk,Nifas Silk,4.0,3.0,134.6,False,46500.0,"Rent a 4-bedroom home located in Nifas Silk. 135 square metres, well laid out. Features a private water tank. Close to schools and markets."
2-bedroom apartment in Bole available for rent. Floor space of 74 square metres. Furnished and ready to move in. Close to schools and markets.,Bole,Bole,2.0,1.0,74.1,False,35500.0,2-bedroom apartment in Bole available for rent. Floor space of 74 square metres. Furnished and ready to move in. Close to schools and markets.
Rent a 4-bedroom home located in Nifas Silk. About 141 square metres of living space. Features a private water tank. Quiet neighbourhood with good access to transport.,Nifas Silk,Nifas Silk,4.0,3.0,140.9,False,48000.0,Rent a 4-bedroom home located in Nifas Silk. About 141 square metres of living space. Features a private water tank. Quiet neighbourhood with good access to transport.
3-bedroom apartment in Bole available for rent. About 112 square metres of living space. Comes with a backup generator. Ideal for families or professionals.,Bole,Bole,3.0,2.0,111.6,False,49500.0,3-bedroom apartment in Bole available for rent. About 112 square metres of living space. Comes with a backup generator. Ideal for families or professionals.
"Rent a 3-bedroom home located in Nifas Silk. 113 square metres, well laid out. Features a private water tank. Comes with a backup generator. Well maintained and secure.",Nifas Silk,Nifas Silk,3.0,2.0,112.6,False,40500.0,"Rent a 3-bedroom home located in Nifas Silk. 113 square metres, well laid out. Features a private water tank. Comes with a backup generator. Well maintained and secure."
3-bedroom apartment in Nifas Silk available for rent. About 97 square metres of living space. Comes with a backup generator. Quiet neighbourhood with good access to transport.,Nifas Silk,Nifas Silk,3.0,1.0,96.7,False,33500.0,3-bedroom apartment in Nifas Silk available for rent. About 97 square metres of living space. Comes with a backup generator. Quiet neighbourhood with good access to transport.
"Rent a 3-bedroom home located in Arada. 99 square metres, well laid out. Well maintained apartment. Quiet neighbourhood with good access to transport.",Arada,Arada,3.0,2.0,98.8,False,38500.0,"Rent a 3-bedroom home located in Arada. 99 square metres, well laid out. Well maintained apartment. Quiet neighbourhood with good access to transport."
Rent a 5-bedroom home located in Arada. Floor space of 163 square metres. Features a private water tank. Quiet neighbourhood with good access to transport.,Arada,Arada,5.0,3.0,163.1,False,65500.0,Rent a 5-bedroom home located in Arada. Floor space of 163 square metres. Features a private water tank. Quiet neighbourhood with good access to transport.
5-bedroom apartment in Kolfe available for rent. About 173 square metres of living space. Features a private water tank. Comes with a backup generator. Quiet neighbourhood with good access to transport.,Kolfe,Kolfe,5.0,3.0,173.2,False,56000.0,5-bedroom apartment in Kolfe available for rent. About 173 square metres of living space. Features a private water tank. Comes with a backup generator. Quiet neighbourhood with good access to transport.
"2-bedroom unit in Kolfe for long-term rental. 92 square metres, well laid out. Features a private water tank. Well maintained and secure.",Kolfe,Kolfe,2.0,1.0,91.8,False,27000.0,"2-bedroom unit in Kolfe for long-term rental. 92 square metres, well laid out. Features a private water tank. Well maintained and secure."
"4-bedroom unit in Arada for long-term rental. 119 square metres, well laid out. Well maintained apartment. Close to schools and markets.",Arada,Arada,4.0,3.0,119.2,False,48000.0,"4-bedroom unit in Arada for long-term rental. 119 square metres, well laid out. Well maintained apartment. Close to schools and markets."
"5-bedroom apartment in Nifas Silk available for rent. 156 square metres, well laid out. Features a private water tank. Comes with a backup generator. Ideal for families or professionals.",Nifas Silk,Nifas Silk,5.0,3.0,156.1,False,56500.0,"5-bedroom apartment in Nifas Silk available for rent. 156 square metres, well laid out. Features a private water tank. Comes with a backup generator. Ideal for families or professionals."
"Apartment with 1 bedrooms in Akaky Kaliti, now available. 93 square metres, well laid out. Features a private water tank. Ideal for families or professionals.",Akaky Kaliti,Akaky Kaliti,1.0,1.0,93.1,False,23000.0,"Apartment with 1 bedrooms in Akaky Kaliti, now available. 93 square metres, well laid out. Features a private water tank. Ideal for families or professionals."
Rent a 4-bedroom home located in Bole. About 131 square metres of living space. Comes with a backup generator. Furnished and ready to move in. Quiet neighbourhood with good access to transport.,Bole,Bole,4.0,2.0,131.2,False,67000.0,Rent a 4-bedroom home located in Bole. About 131 square metres of living space. Comes with a backup generator. Furnished and ready to move in. Quiet neighbourhood with good access to transport.
3-bedroom apartment in Bole available for rent. Floor space of 126 square metres. Comes with a backup generator. Furnished and ready to move in. Close to schools and markets.,Bole,Bole,3.0,2.0,125.5,False,62500.0,3-bedroom apartment in Bole available for rent. Floor space of 126 square metres. Comes with a backup generator. Furnished and ready to move in. Close to schools and markets.
Rent a 5-bedroom home located in Bole. Floor space of 143 square metres. Comes with a backup generator. Furnished and ready to move in. Quiet neighbourhood with good access to transport.,Bole,Bole,5.0,3.0,143.1,False,75500.0,Rent a 5-bedroom home located in Bole. Floor space of 143 square metres. Comes with a backup generator. Furnished and ready to move in. Quiet neighbourhood with good access to transport.
"Apartment with 3 bedrooms in Nifas Silk, now available. 108 square metres, well laid out. Features a private water tank. Furnished and ready to move in. Ideal for families or professionals.",Nifas Silk,Nifas Silk,3.0,2.0,107.5,False,42000.0,"Apartment with 3 bedrooms in Nifas Silk, now available. 108 square metres, well laid out. Features a private water tank. Furnished and ready to move in. Ideal for families or professionals."
"Rent a 5-bedroom home located in Kirkos. 159 square metres, well laid out. Furnished and ready to move in. Well maintained and secure.",Kirkos,Kirkos,5.0,3.0,159.4,False,75500.0,"Rent a 5-bedroom home located in Kirkos. 159 square metres, well laid out. Furnished and ready to move in. Well maintained and secure."
Rent a 1-bedroom home located in Kolfe. About 69 square metres of living space. Features a private water tank. Close to schools and markets.,Kolfe,Kolfe,1.0,1.0,68.8,False,20000.0,Rent a 1-bedroom home located in Kolfe. About 69 square metres of living space. Features a private water tank. Close to schools and markets.
"Apartment with 1 bedrooms in Gulele, now available. About 55 square metres of living space. Features a private water tank. Well maintained and secure.",Gulele,Gulele,1.0,1.0,54.8,False,17500.0,"Apartment with 1 bedrooms in Gulele, now available. About 55 square metres of living space. Features a private water tank. Well maintained and secure."
"5-bedroom unit in Kirkos for long-term rental. 142 square metres, well laid out. Well maintained apartment. Quiet neighbourhood with good access to transport.",Kirkos,Kirkos,5.0,3.0,142.3,False,60000.0,"5-bedroom unit in Kirkos for long-term rental. 142 square metres, well laid out. Well maintained apartment. Quiet neighbourhood with good access to transport."
"Rent a 3-bedroom home located in Akaky Kaliti. 120 square metres, well laid out. Well maintained apartment. Close to schools and markets.",Akaky Kaliti,Akaky Kaliti,3.0,2.0,119.9,False,32000.0,"Rent a 3-bedroom home located in Akaky Kaliti. 120 square metres, well laid out. Well maintained apartment. Close to schools and markets."
"Apartment with 3 bedrooms in Kolfe, now available. About 122 square metres of living space. Features a private water tank. Close to schools and markets.",Kolfe,Kolfe,3.0,2.0,122.3,False,37000.0,"Apartment with 3 bedrooms in Kolfe, now available. About 122 square metres of living space. Features a private water tank. Close to schools and markets."
"Apartment with 1 bedrooms in Yeka, now available. Floor space of 82 square metres. Well maintained apartment. Close to schools and markets.",Yeka,Yeka,1.0,2.0,82.1,False,26500.0,"Apartment with 1 bedrooms in Yeka, now available. Floor space of 82 square metres. Well maintained apartment. Close to schools and markets."
Rent a 2-bedroom home located in Kirkos. Floor space of 108 square metres. Furnished and ready to move in. Quiet neighbourhood with good access to transport.,Kirkos,Kirkos,2.0,1.0,107.6,False,46000.0,Rent a 2-bedroom home located in Kirkos. Floor space of 108 square metres. Furnished and ready to move in. Quiet neighbourhood with good access to transport.
"Apartment with 5 bedrooms in Yeka, now available. Floor space of 154 square metres. Well maintained apartment. Close to schools and markets.",Yeka,Yeka,5.0,3.0,153.6,False,55500.0,"Apartment with 5 bedrooms in Yeka, now available. Floor space of 154 square metres. Well maintained apartment. Close to schools and markets."
"Rent a 2-bedroom home located in Bole. 82 square metres, well laid out. Furnished and ready to move in. Well maintained and secure.",Bole,Bole,2.0,1.0,82.3,False,38500.0,"Rent a 2-bedroom home located in Bole. 82 square metres, well laid out. Furnished and ready to move in. Well maintained and secure."
3-bedroom apartment in Bole available for rent. About 124 square metres of living space. Well maintained apartment. Quiet neighbourhood with good access to transport.,Bole,Bole,3.0,1.0,124.2,False,50000.0,3-bedroom apartment in Bole available for rent. About 124 square metres of living space. Well maintained apartment. Quiet neighbourhood with good access to transport.
Rent a 2-bedroom home located in Akaky Kaliti. Floor space of 95 square metres. Features a private water tank. Close to schools and markets.,Akaky Kaliti,Akaky Kaliti,2.0,1.0,94.6,False,25500.0,Rent a 2-bedroom home located in Akaky Kaliti. Floor space of 95 square metres. Features a private water tank. Close to schools and markets.
"2-bedroom unit in Kirkos for long-term rental. 74 square metres, well laid out. Features a private water tank. Ideal for families or professionals.",Kirkos,Kirkos,2.0,1.0,74.2,False,31000.0,"2-bedroom unit in Kirkos for long-term rental. 74 square metres, well laid out. Features a private water tank. Ideal for families or professionals."
"Apartment with 1 bedrooms in Kirkos, now available. About 52 square metres of living space. Features a private water tank. Furnished and ready to move in. Quiet neighbourhood with good access to transport.",Kirkos,Kirkos,1.0,1.0,51.6,False,25000.0,"Apartment with 1 bedrooms in Kirkos, now available. About 52 square metres of living space. Features a private water tank. Furnished and ready to move in. Quiet neighbourhood with good access to transport."
"Apartment with 5 bedrooms in Gulele, now available. 158 square metres, well laid out. Features a private water tank. Quiet neighbourhood with good access to transport.",Gulele,Gulele,5.0,3.0,157.9,False,52000.0,"Apartment with 5 bedrooms in Gulele, now available. 158 square metres, well laid out. Features a private water tank. Quiet neighbourhood with good access to transport."
5-bedroom apartment in Arada available for rent. About 150 square metres of living space. Furnished and ready to move in. Quiet neighbourhood with good access to transport.,Arada,Arada,5.0,3.0,149.9,False,68500.0,5-bedroom apartment in Arada available for rent. About 150 square metres of living space. Furnished and ready to move in. Quiet neighbourhood with good access to transport.
1-bedroom apartment in Akaky Kaliti available for rent. About 64 square metres of living space. Furnished and ready to move in. Quiet neighbourhood with good access to transport.,Akaky Kaliti,Akaky Kaliti,1.0,1.0,63.7,False,18000.0,1-bedroom apartment in Akaky Kaliti available for rent. About 64 square metres of living space. Furnished and ready to move in. Quiet neighbourhood with good access to transport.
"Rent a 2-bedroom home located in Kolfe. 99 square metres, well laid out. Furnished and ready to move in. Quiet neighbourhood with good access to transport.",Kolfe,Kolfe,2.0,2.0,98.9,False,32500.0,"Rent a 2-bedroom home located in Kolfe. 99 square metres, well laid out. Furnished and ready to move in. Quiet neighbourhood with good access to transport."
"Rent a 3-bedroom home located in Arada. 117 square metres, well laid out. Features a private water tank. Furnished and ready to move in. Quiet neighbourhood with good access to transport.",Arada,Arada,3.0,2.0,117.1,False,53000.0,"Rent a 3-bedroom home located in Arada. 117 square metres, well laid out. Features a private water tank. Furnished and ready to move in. Quiet neighbourhood with good access to transport."
2-bedroom unit in Kirkos for long-term rental. Floor space of 102 square metres. Comes with a backup generator. Well maintained and secure.,Kirkos,Kirkos,2.0,1.0,102.0,False,41000.0,2-bedroom unit in Kirkos for long-term rental. Floor space of 102 square metres. Comes with a backup generator. Well maintained and secure.
Rent a 4-bedroom home located in Addis Ketema. About 107 square metres of living space. Comes with a backup generator. Ideal for families or professionals.,Addis Ketema,Addis Ketema,4.0,3.0,106.8,False,37000.0,Rent a 4-bedroom home located in Addis Ketema. About 107 square metres of living space. Comes with a backup generator. Ideal for families or professionals.
2-bedroom apartment in Gulele available for rent. About 89 square metres of living space. Features a private water tank. Comes with a backup generator. Furnished and ready to move in. Close to schools and markets.,Gulele,Gulele,2.0,2.0,89.0,False,36000.0,2-bedroom apartment in Gulele available for rent. About 89 square metres of living space. Features a private water tank. Comes with a backup generator. Furnished and ready to move in. Close to schools and markets.
1-bedroom apartment in Addis Ketema available for rent. Floor space of 72 square metres. Features a private water tank. Comes with a backup generator. Well maintained and secure.,Addis Ketema,Addis Ketema,1.0,1.0,72.3,False,22500.0,1-bedroom apartment in Addis Ketema available for rent. Floor space of 72 square metres. Features a private water tank. Comes with a backup generator. Well maintained and secure.
2-bedroom apartment in Bole available for rent. About 68 square metres of living space. Well maintained apartment. Well maintained and secure.,Bole,Bole,2.0,1.0,67.7,False,28500.0,2-bedroom apartment in Bole available for rent. About 68 square metres of living space. Well maintained apartment. Well maintained and secure.
"3-bedroom apartment in Lidetta available for rent. 100 square metres, well laid out. Features a private water tank. Quiet neighbourhood with good access to transport.",Lidetta,Lidetta,3.0,2.0,100.1,False,32000.0,"3-bedroom apartment in Lidetta available for rent. 100 square metres, well laid out. Features a private water tank. Quiet neighbourhood with good access to transport."
1-bedroom apartment in Nifas Silk available for rent. About 54 square metres of living space. Features a private water tank. Ideal for families or professionals.,Nifas Silk,Nifas Silk,1.0,1.0,53.9,False,18000.0,1-bedroom apartment in Nifas Silk available for rent. About 54 square metres of living space. Features a private water tank. Ideal for families or professionals.
5-bedroom apartment in Bole available for rent. Floor space of 152 square metres. Well maintained apartment. Ideal for families or professionals.,Bole,Bole,5.0,3.0,152.3,False,66500.0,5-bedroom apartment in Bole available for rent. Floor space of 152 square metres. Well maintained apartment. Ideal for families or professionals.
"Apartment with 1 bedrooms in Nifas Silk, now available. About 84 square metres of living space. Features a private water tank. Quiet neighbourhood with good access to transport.",Nifas Silk,Nifas Silk,1.0,1.0,83.5,False,25000.0,"Apartment with 1 bedrooms in Nifas Silk, now available. About 84 square metres of living space. Features a private water tank. Quiet neighbourhood with good access to transport."
1-bedroom apartment in Gulele available for rent. About 88 square metres of living space. Features a private water tank. Comes with a backup generator. Close to schools and markets.,Gulele,Gulele,1.0,1.0,88.3,False,27500.0,1-bedroom apartment in Gulele available for rent. About 88 square metres of living space. Features a private water tank. Comes with a backup generator. Close to schools and markets.
Rent a 3-bedroom home located in Bole. About 98 square metres of living space. Well maintained apartment. Well maintained and secure.,Bole,Bole,3.0,2.0,98.2,False,42500.0,Rent a 3-bedroom home located in Bole. About 98 square metres of living space. Well maintained apartment. Well maintained and secure.
3-bedroom apartment in Arada available for rent. Floor space of 114 square metres. Well maintained apartment. Well maintained and secure.,Arada,Arada,3.0,2.0,114.3,False,43500.0,3-bedroom apartment in Arada available for rent. Floor space of 114 square metres. Well maintained apartment. Well maintained and secure.
2-bedroom unit in Kolfe for long-term rental. About 93 square metres of living space. Well maintained apartment. Quiet neighbourhood with good access to transport.,Kolfe,Kolfe,2.0,1.0,92.7,False,25500.0,2-bedroom unit in Kolfe for long-term rental. About 93 square metres of living space. Well maintained apartment. Quiet neighbourhood with good access to transport.
2-bedroom unit in Yeka for long-term rental. Floor space of 91 square metres. Comes with a backup generator. Furnished and ready to move in. Quiet neighbourhood with good access to transport.,Yeka,Yeka,2.0,1.0,90.7,False,37000.0,2-bedroom unit in Yeka for long-term rental. Floor space of 91 square metres. Comes with a backup generator. Furnished and ready to move in. Quiet neighbourhood with good access to transport.
"Apartment with 1 bedrooms in Arada, now available. Floor space of 69 square metres. Well maintained apartment. Close to schools and markets.",Arada,Arada,1.0,1.0,68.8,False,24000.0,"Apartment with 1 bedrooms in Arada, now available. Floor space of 69 square metres. Well maintained apartment. Close to schools and markets."
4-bedroom unit in Kirkos for long-term rental. Floor space of 134 square metres. Comes with a backup generator. Furnished and ready to move in. Quiet neighbourhood with good access to transport.,Kirkos,Kirkos,4.0,2.0,133.6,False,65000.0,4-bedroom unit in Kirkos for long-term rental. Floor space of 134 square metres. Comes with a backup generator. Furnished and ready to move in. Quiet neighbourhood with good access to transport.
"Apartment with 2 bedrooms in Yeka, now available. About 106 square metres of living space. Well maintained apartment. Close to schools and markets.",Yeka,Yeka,2.0,1.0,106.3,False,34000.0,"Apartment with 2 bedrooms in Yeka, now available. About 106 square metres of living space. Well maintained apartment. Close to schools and markets."
"Apartment with 1 bedrooms in Akaky Kaliti, now available. Floor space of 77 square metres. Features a private water tank. Close to schools and markets.",Akaky Kaliti,Akaky Kaliti,1.0,1.0,77.2,False,20000.0,"Apartment with 1 bedrooms in Akaky Kaliti, now available. Floor space of 77 square metres. Features a private water tank. Close to schools and markets."
"Apartment with 2 bedrooms in Kolfe, now available. Floor space of 73 square metres. Features a private water tank. Comes with a backup generator. Quiet neighbourhood with good access to transport.",Kolfe,Kolfe,2.0,1.0,73.3,False,26000.0,"Apartment with 2 bedrooms in Kolfe, now available. Floor space of 73 square metres. Features a private water tank. Comes with a backup generator. Quiet neighbourhood with good access to transport."
"Apartment with 5 bedrooms in Bole, now available. About 162 square metres of living space. Furnished and ready to move in. Quiet neighbourhood with good access to transport.",Bole,Bole,5.0,3.0,161.5,False,80000.0,"Apartment with 5 bedrooms in Bole, now available. About 162 square metres of living space. Furnished and ready to move in. Quiet neighbourhood with good access to transport."
2-bedroom apartment in Addis Ketema available for rent. Floor space of 97 square metres. Comes with a backup generator. Close to schools and markets.,Addis Ketema,Addis Ketema,2.0,1.0,96.7,False,28000.0,2-bedroom apartment in Addis Ketema available for rent. Floor space of 97 square metres. Comes with a backup generator. Close to schools and markets.
Rent a 5-bedroom home located in Lidetta. About 156 square metres of living space. Well maintained apartment. Well maintained and secure.,Lidetta,Lidetta,5.0,3.0,155.8,False,47500.0,Rent a 5-bedroom home located in Lidetta. About 156 square metres of living space. Well maintained apartment. Well maintained and secure.
2-bedroom apartment in Yeka available for rent. About 100 square metres of living space. Well maintained apartment. Well maintained and secure.,Yeka,Yeka,2.0,1.0,99.6,False,32000.0,2-bedroom apartment in Yeka available for rent. About 100 square metres of living space. Well maintained apartment. Well maintained and secure.
"Apartment with 1 bedrooms in Lidetta, now available. About 66 square metres of living space. Well maintained apartment. Quiet neighbourhood with good access to transport.",Lidetta,Lidetta,1.0,1.0,66.3,False,17500.0,"Apartment with 1 bedrooms in Lidetta, now available. About 66 square metres of living space. Well maintained apartment. Quiet neighbourhood with good access to transport."
"2-bedroom apartment in Bole available for rent. 88 square metres, well laid out. Furnished and ready to move in. Well maintained and secure.",Bole,Bole,2.0,2.0,88.4,False,42500.0,"2-bedroom apartment in Bole available for rent. 88 square metres, well laid out. Furnished and ready to move in. Well maintained and secure."
"Apartment with 2 bedrooms in Addis Ketema, now available. About 88 square metres of living space. Features a private water tank. Comes with a backup generator. Close to schools and markets.",Addis Ketema,Addis Ketema,2.0,2.0,87.5,False,29000.0,"Apartment with 2 bedrooms in Addis Ketema, now available. About 88 square metres of living space. Features a private water tank. Comes with a backup generator. Close to schools and markets."
"1-bedroom apartment in Gulele available for rent. 40 square metres, well laid out. Features a private water tank. Close to schools and markets.",Gulele,Gulele,1.0,1.0,39.8,False,14000.0,"1-bedroom apartment in Gulele available for rent. 40 square metres, well laid out. Features a private water tank. Close to schools and markets."
"Rent a 3-bedroom home located in Nifas Silk. 107 square metres, well laid out. Features a private water tank. Furnished and ready to move in. Well maintained and secure.",Nifas Silk,Nifas Silk,3.0,1.0,107.0,False,40500.0,"Rent a 3-bedroom home located in Nifas Silk. 107 square metres, well laid out. Features a private water tank. Furnished and ready to move in. Well maintained and secure."
2-bedroom unit in Bole for long-term rental. About 78 square metres of living space. Comes with a backup generator. Quiet neighbourhood with good access to transport.,Bole,Bole,2.0,1.0,78.0,False,34500.0,2-bedroom unit in Bole for long-term rental. About 78 square metres of living space. Comes with a backup generator. Quiet neighbourhood with good access to transport.
"4-bedroom unit in Akaky Kaliti for long-term rental. 116 square metres, well laid out. Features a private water tank. Furnished and ready to move in. Well maintained and secure.",Akaky Kaliti,Akaky Kaliti,4.0,3.0,115.8,False,41500.0,"4-bedroom unit in Akaky Kaliti for long-term rental. 116 square metres, well laid out. Features a private water tank. Furnished and ready to move in. Well maintained and secure."
Rent a 3-bedroom home located in Bole. Floor space of 125 square metres. Features a private water tank. Comes with a backup generator. Ideal for families or professionals.,Bole,Bole,3.0,2.0,125.2,False,56000.0,Rent a 3-bedroom home located in Bole. Floor space of 125 square metres. Features a private water tank. Comes with a backup generator. Ideal for families or professionals.
Rent a 3-bedroom home located in Yeka. Floor space of 114 square metres. Features a private water tank. Close to schools and markets.,Yeka,Yeka,3.0,2.0,114.1,False,41000.0,Rent a 3-bedroom home located in Yeka. Floor space of 114 square metres. Features a private water tank. Close to schools and markets.
"Rent a 3-bedroom home located in Bole. 108 square metres, well laid out. Furnished and ready to move in. Quiet neighbourhood with good access to transport.",Bole,Bole,3.0,1.0,107.6,False,51000.0,"Rent a 3-bedroom home located in Bole. 108 square metres, well laid out. Furnished and ready to move in. Quiet neighbourhood with good access to transport."
"1-bedroom unit in Kolfe for long-term rental. 57 square metres, well laid out. Comes with a backup generator. Well maintained and secure.",Kolfe,Kolfe,1.0,1.0,57.2,False,18500.0,"1-bedroom unit in Kolfe for long-term rental. 57 square metres, well laid out. Comes with a backup generator. Well maintained and secure."
Rent a 4-bedroom home located in Yeka. Floor space of 134 square metres. Features a private water tank. Ideal for families or professionals.,Yeka,Yeka,4.0,3.0,133.6,False,49500.0,Rent a 4-bedroom home located in Yeka. Floor space of 134 square metres. Features a private water tank. Ideal for families or professionals.
1-bedroom unit in Akaky Kaliti for long-term rental. About 76 square metres of living space. Features a private water tank. Comes with a backup generator. Well maintained and secure.,Akaky Kaliti,Akaky Kaliti,1.0,1.0,75.9,False,22000.0,1-bedroom unit in Akaky Kaliti for long-term rental. About 76 square metres of living space. Features a private water tank. Comes with a backup generator. Well maintained and secure.
4-bedroom unit in Nifas Silk for long-term rental. Floor space of 120 square metres. Features a private water tank. Well maintained and secure.,Nifas Silk,Nifas Silk,4.0,2.0,120.1,False,42000.0,4-bedroom unit in Nifas Silk for long-term rental. Floor space of 120 square metres. Features a private water tank. Well maintained and secure.
"Apartment with 5 bedrooms in Bole, now available. Floor space of 152 square metres. Features a private water tank. Furnished and ready to move in. Well maintained and secure.",Bole,Bole,5.0,3.0,151.9,False,78500.0,"Apartment with 5 bedrooms in Bole, now available. Floor space of 152 square metres. Features a private water tank. Furnished and ready to move in. Well maintained and secure."
"4-bedroom unit in Bole for long-term rental. 140 square metres, well laid out. Furnished and ready to move in. Close to schools and markets.",Bole,Bole,4.0,1.0,140.4,False,66500.0,"4-bedroom unit in Bole for long-term rental. 140 square metres, well laid out. Furnished and ready to move in. Close to schools and markets."
"Apartment with 3 bedrooms in Bole, now available. 85 square metres, well laid out. Features a private water tank. Close to schools and markets.",Bole,Bole,3.0,2.0,84.8,False,39500.0,"Apartment with 3 bedrooms in Bole, now available. 85 square metres, well laid out. Features a private water tank. Close to schools and markets."
"2-bedroom apartment in Nifas Silk available for rent. 85 square metres, well laid out. Features a private water tank. Furnished and ready to move in. Well maintained and secure.",Nifas Silk,Nifas Silk,2.0,1.0,85.3,False,32000.0,"2-bedroom apartment in Nifas Silk available for rent. 85 square metres, well laid out. Features a private water tank. Furnished and ready to move in. Well maintained and secure."
"Rent a 5-bedroom home located in Kolfe. 147 square metres, well laid out. Well maintained apartment. Quiet neighbourhood with good access to transport.",Kolfe,Kolfe,5.0,3.0,146.8,False,46000.0,"Rent a 5-bedroom home located in Kolfe. 147 square metres, well laid out. Well maintained apartment. Quiet neighbourhood with good access to transport."
"Apartment with 2 bedrooms in Yeka, now available. Floor space of 84 square metres. Features a private water tank. Close to schools and markets.",Yeka,Yeka,2.0,1.0,84.4,False,30000.0,"Apartment with 2 bedrooms in Yeka, now available. Floor space of 84 square metres. Features a private water tank. Close to schools and markets."
"Apartment with 3 bedrooms in Lidetta, now available. Floor space of 102 square metres. Furnished and ready to move in. Well maintained and secure.",Lidetta,Lidetta,3.0,2.0,102.0,False,35000.0,"Apartment with 3 bedrooms in Lidetta, now available. Floor space of 102 square metres. Furnished and ready to move in. Well maintained and secure."
"Apartment with 4 bedrooms in Bole, now available. 132 square metres, well laid out. Features a private water tank. Close to schools and markets.",Bole,Bole,4.0,1.0,131.7,False,56500.0,"Apartment with 4 bedrooms in Bole, now available. 132 square metres, well laid out. Features a private water tank. Close to schools and markets."
5-bedroom apartment in Kolfe available for rent. Floor space of 175 square metres. Features a private water tank. Comes with a backup generator. Ideal for families or professionals.,Kolfe,Kolfe,5.0,3.0,175.1,False,56500.0,5-bedroom apartment in Kolfe available for rent. Floor space of 175 square metres. Features a private water tank. Comes with a backup generator. Ideal for families or professionals.
"5-bedroom apartment in Akaky Kaliti available for rent. 148 square metres, well laid out. Well maintained apartment. Close to schools and markets.",Akaky Kaliti,Akaky Kaliti,5.0,3.0,148.1,False,42500.0,"5-bedroom apartment in Akaky Kaliti available for rent. 148 square metres, well laid out. Well maintained apartment. Close to schools and markets."
1-bedroom unit in Kolfe for long-term rental. Floor space of 68 square metres. Features a private water tank. Furnished and ready to move in. Ideal for families or professionals.,Kolfe,Kolfe,1.0,1.0,67.5,False,22500.0,1-bedroom unit in Kolfe for long-term rental. Floor space of 68 square metres. Features a private water tank. Furnished and ready to move in. Ideal for families or professionals.
5-bedroom unit in Gulele for long-term rental. About 176 square metres of living space. Well maintained apartment. Quiet neighbourhood with good access to transport.,Gulele,Gulele,5.0,2.0,175.9,False,53000.0,5-bedroom unit in Gulele for long-term rental. About 176 square metres of living space. Well maintained apartment. Quiet neighbourhood with good access to transport.
Rent a 1-bedroom home located in Lidetta. Floor space of 57 square metres. Well maintained apartment. Ideal for families or professionals.,Lidetta,Lidetta,1.0,1.0,57.4,False,15500.0,Rent a 1-bedroom home located in Lidetta. Floor space of 57 square metres. Well maintained apartment. Ideal for families or professionals.
3-bedroom apartment in Bole available for rent. Floor space of 130 square metres. Furnished and ready to move in. Close to schools and markets.,Bole,Bole,3.0,2.0,129.8,False,61000.0,3-bedroom apartment in Bole available for rent. Floor space of 130 square metres. Furnished and ready to move in. Close to schools and markets.
Rent a 5-bedroom home located in Yeka. Floor space of 152 square metres. Features a private water tank. Ideal for families or professionals.,Yeka,Yeka,5.0,3.0,152.1,False,56500.0,Rent a 5-bedroom home located in Yeka. Floor space of 152 square metres. Features a private water tank. Ideal for families or professionals.
Rent a 4-bedroom home located in Bole. Floor space of 151 square metres. Well maintained apartment. Ideal for families or professionals.,Bole,Bole,4.0,2.0,151.4,False,62500.0,Rent a 4-bedroom home located in Bole. Floor space of 151 square metres. Well maintained apartment. Ideal for families or professionals.
"Apartment with 5 bedrooms in Arada, now available. About 161 square metres of living space. Features a private water tank. Well maintained and secure.",Arada,Arada,5.0,3.0,161.0,False,64500.0,"Apartment with 5 bedrooms in Arada, now available. About 161 square metres of living space. Features a private water tank. Well maintained and secure."
2-bedroom apartment in Gulele available for rent. Floor space of 90 square metres. Features a private water tank. Close to schools and markets.,Gulele,Gulele,2.0,1.0,89.7,False,27500.0,2-bedroom apartment in Gulele available for rent. Floor space of 90 square metres. Features a private water tank. Close to schools and markets.
"Rent a 2-bedroom home located in Nifas Silk. 85 square metres, well laid out. Features a private water tank. Comes with a backup generator. Ideal for families or professionals.",Nifas Silk,Nifas Silk,2.0,1.0,85.2,False,30500.0,"Rent a 2-bedroom home located in Nifas Silk. 85 square metres, well laid out. Features a private water tank. Comes with a backup generator. Ideal for families or professionals."
"2-bedroom unit in Lidetta for long-term rental. 78 square metres, well laid out. Furnished and ready to move in. Close to schools and markets.",Lidetta,Lidetta,2.0,1.0,78.5,False,25500.0,"2-bedroom unit in Lidetta for long-term rental. 78 square metres, well laid out. Furnished and ready to move in. Close to schools and markets."
Rent a 2-bedroom home located in Bole. About 87 square metres of living space. Comes with a backup generator. Well maintained and secure.,Bole,Bole,2.0,1.0,86.9,False,37500.0,Rent a 2-bedroom home located in Bole. About 87 square metres of living space. Comes with a backup generator. Well maintained and secure.
4-bedroom unit in Gulele for long-term rental. Floor space of 141 square metres. Features a private water tank. Well maintained and secure.,Gulele,Gulele,4.0,2.0,140.8,False,44500.0,4-bedroom unit in Gulele for long-term rental. Floor space of 141 square metres. Features a private water tank. Well maintained and secure.
"3-bedroom unit in Yeka for long-term rental. 108 square metres, well laid out. Features a private water tank. Comes with a backup generator. Furnished and ready to move in. Ideal for families or professionals.",Yeka,Yeka,3.0,2.0,107.8,False,48500.0,"3-bedroom unit in Yeka for long-term rental. 108 square metres, well laid out. Features a private water tank. Comes with a backup generator. Furnished and ready to move in. Ideal for families or professionals."
4-bedroom apartment in Yeka available for rent. Floor space of 126 square metres. Comes with a backup generator. Well maintained and secure.,Yeka,Yeka,4.0,2.0,126.2,False,47000.0,4-bedroom apartment in Yeka available for rent. Floor space of 126 square metres. Comes with a backup generator. Well maintained and secure.
3-bedroom unit in Gulele for long-term rental. About 105 square metres of living space. Comes with a backup generator. Quiet neighbourhood with good access to transport.,Gulele,Gulele,3.0,1.0,105.0,False,34000.0,3-bedroom unit in Gulele for long-term rental. About 105 square metres of living space. Comes with a backup generator. Quiet neighbourhood with good access to transport.
Rent a 2-bedroom home located in Addis Ketema. Floor space of 98 square metres. Features a private water tank. Quiet neighbourhood with good access to transport.,Addis Ketema,Addis Ketema,2.0,1.0,97.9,False,27500.0,Rent a 2-bedroom home located in Addis Ketema. Floor space of 98 square metres. Features a private water tank. Quiet neighbourhood with good access to transport.
Rent a 1-bedroom home located in Nifas Silk. About 79 square metres of living space. Features a private water tank. Close to schools and markets.,Nifas Silk,Nifas Silk,1.0,1.0,78.7,False,24000.0,Rent a 1-bedroom home located in Nifas Silk. About 79 square metres of living space. Features a private water tank. Close to schools and markets.
"Apartment with 3 bedrooms in Bole, now available. 100 square metres, well laid out. Well maintained apartment. Well maintained and secure.",Bole,Bole,3.0,2.0,100.0,False,43000.0,"Apartment with 3 bedrooms in Bole, now available. 100 square metres, well laid out. Well maintained apartment. Well maintained and secure."
5-bedroom apartment in Nifas Silk available for rent. About 144 square metres of living space. Well maintained apartment. Close to schools and markets.,Nifas Silk,Nifas Silk,5.0,3.0,144.0,False,49000.0,5-bedroom apartment in Nifas Silk available for rent. About 144 square metres of living space. Well maintained apartment. Close to schools and markets.
"Apartment with 5 bedrooms in Bole, now available. 157 square metres, well laid out. Well maintained apartment. Close to schools and markets.",Bole,Bole,5.0,3.0,156.6,False,68000.0,"Apartment with 5 bedrooms in Bole, now available. 157 square metres, well laid out. Well maintained apartment. Close to schools and markets."
"Apartment with 2 bedrooms in Lidetta, now available. Floor space of 104 square metres. Features a private water tank. Comes with a backup generator. Quiet neighbourhood with good access to transport.",Lidetta,Lidetta,2.0,1.0,104.3,False,32000.0,"Apartment with 2 bedrooms in Lidetta, now available. Floor space of 104 square metres. Features a private water tank. Comes with a backup generator. Quiet neighbourhood with good access to transport."
3-bedroom apartment in Gulele available for rent. About 122 square metres of living space. Features a private water tank. Comes with a backup generator. Ideal for families or professionals.,Gulele,Gulele,3.0,2.0,121.8,False,41000.0,3-bedroom apartment in Gulele available for rent. About 122 square metres of living space. Features a private water tank. Comes with a backup generator. Ideal for families or professionals.
"Apartment with 4 bedrooms in Bole, now available. 115 square metres, well laid out. Furnished and ready to move in. Ideal for families or professionals.",Bole,Bole,4.0,2.0,115.0,False,58000.0,"Apartment with 4 bedrooms in Bole, now available. 115 square metres, well laid out. Furnished and ready to move in. Ideal for families or professionals."
"Apartment with 4 bedrooms in Bole, now available. 127 square metres, well laid out. Furnished and ready to move in. Well maintained and secure.",Bole,Bole,4.0,2.0,126.8,False,62500.0,"Apartment with 4 bedrooms in Bole, now available. 127 square metres, well laid out. Furnished and ready to move in. Well maintained and secure."
Rent a 1-bedroom home located in Yeka. About 53 square metres of living space. Well maintained apartment. Well maintained and secure.,Yeka,Yeka,1.0,1.0,52.8,False,17500.0,Rent a 1-bedroom home located in Yeka. About 53 square metres of living space. Well maintained apartment. Well maintained and secure.
Rent a 3-bedroom home located in Addis Ketema. About 105 square metres of living space. Features a private water tank. Comes with a backup generator. Well maintained and secure.,Addis Ketema,Addis Ketema,3.0,2.0,104.8,False,35000.0,Rent a 3-bedroom home located in Addis Ketema. About 105 square metres of living space. Features a private water tank. Comes with a backup generator. Well maintained and secure.
"Apartment with 1 bedrooms in Arada, now available. About 83 square metres of living space. Well maintained apartment. Quiet neighbourhood with good access to transport.",Arada,Arada,1.0,1.0,83.3,False,28500.0,"Apartment with 1 bedrooms in Arada, now available. About 83 square metres of living space. Well maintained apartment. Quiet neighbourhood with good access to transport."
1-bedroom unit in Kolfe for long-term rental. Floor space of 47 square metres. Comes with a backup generator. Well maintained and secure.,Kolfe,Kolfe,1.0,1.0,46.9,False,16000.0,1-bedroom unit in Kolfe for long-term rental. Floor space of 47 square metres. Comes with a backup generator. Well maintained and secure.
4-bedroom apartment in Nifas Silk available for rent. About 111 square metres of living space. Well maintained apartment. Well maintained and secure.,Nifas Silk,Nifas Silk,4.0,2.0,110.6,False,37500.0,4-bedroom apartment in Nifas Silk available for rent. About 111 square metres of living space. Well maintained apartment. Well maintained and secure.
1-bedroom apartment in Nifas Silk available for rent. About 54 square metres of living space. Comes with a backup generator. Well maintained and secure.,Nifas Silk,Nifas Silk,1.0,1.0,54.1,False,19000.0,1-bedroom apartment in Nifas Silk available for rent. About 54 square metres of living space. Comes with a backup generator. Well maintained and secure.
2-bedroom unit in Bole for long-term rental. Floor space of 89 square metres. Well maintained apartment. Quiet neighbourhood with good access to transport.,Bole,Bole,2.0,1.0,89.4,False,36000.0,2-bedroom unit in Bole for long-term rental. Floor space of 89 square metres. Well maintained apartment. Quiet neighbourhood with good access to transport.
3-bedroom apartment in Akaky Kaliti available for rent. Floor space of 115 square metres. Features a private water tank. Well maintained and secure.,Akaky Kaliti,Akaky Kaliti,3.0,2.0,115.4,False,32500.0,3-bedroom apartment in Akaky Kaliti available for rent. Floor space of 115 square metres. Features a private water tank. Well maintained and secure.
"Apartment with 4 bedrooms in Yeka, now available. Floor space of 135 square metres. Features a private water tank. Quiet neighbourhood with good access to transport.",Yeka,Yeka,4.0,2.0,135.2,False,49000.0,"Apartment with 4 bedrooms in Yeka, now available. Floor space of 135 square metres. Features a private water tank. Quiet neighbourhood with good access to transport."
3-bedroom apartment in Nifas Silk available for rent. About 122 square metres of living space. Features a private water tank. Comes with a backup generator. Ideal for families or professionals.,Nifas Silk,Nifas Silk,3.0,2.0,122.1,False,42500.0,3-bedroom apartment in Nifas Silk available for rent. About 122 square metres of living space. Features a private water tank. Comes with a backup generator. Ideal for families or professionals.
Rent a 1-bedroom home located in Gulele. About 43 square metres of living space. Furnished and ready to move in. Well maintained and secure.,Gulele,Gulele,1.0,1.0,42.8,False,15000.0,Rent a 1-bedroom home located in Gulele. About 43 square metres of living space. Furnished and ready to move in. Well maintained and secure.
"Rent a 4-bedroom home located in Nifas Silk. 144 square metres, well laid out. Comes with a backup generator. Ideal for families or professionals.",Nifas Silk,Nifas Silk,4.0,2.0,144.3,False,48500.0,"Rent a 4-bedroom home located in Nifas Silk. 144 square metres, well laid out. Comes with a backup generator. Ideal for families or professionals."
"5-bedroom apartment in Akaky Kaliti available for rent. 148 square metres, well laid out. Features a private water tank. Well maintained and secure.",Akaky Kaliti,Akaky Kaliti,5.0,3.0,148.3,False,44500.0,"5-bedroom apartment in Akaky Kaliti available for rent. 148 square metres, well laid out. Features a private water tank. Well maintained and secure."
"5-bedroom unit in Bole for long-term rental. 161 square metres, well laid out. Features a private water tank. Comes with a backup generator. Ideal for families or professionals.",Bole,Bole,5.0,3.0,160.8,False,73500.0,"5-bedroom unit in Bole for long-term rental. 161 square metres, well laid out. Features a private water tank. Comes with a backup generator. Ideal for families or professionals."
"Apartment with 4 bedrooms in Arada, now available. 114 square metres, well laid out. Comes with a backup generator. Well maintained and secure.",Arada,Arada,4.0,2.0,114.1,False,48000.0,"Apartment with 4 bedrooms in Arada, now available. 114 square metres, well laid out. Comes with a backup generator. Well maintained and secure."
"3-bedroom unit in Kirkos for long-term rental. 108 square metres, well laid out. Features a private water tank. Close to schools and markets.",Kirkos,Kirkos,3.0,2.0,108.1,False,45500.0,"3-bedroom unit in Kirkos for long-term rental. 108 square metres, well laid out. Features a private water tank. Close to schools and markets."
"Apartment with 5 bedrooms in Arada, now available. Floor space of 155 square metres. Comes with a backup generator. Close to schools and markets.",Arada,Arada,5.0,2.0,154.8,False,62500.0,"Apartment with 5 bedrooms in Arada, now available. Floor space of 155 square metres. Comes with a backup generator. Close to schools and markets."
3-bedroom unit in Bole for long-term rental. About 122 square metres of living space. Features a private water tank. Furnished and ready to move in. Quiet neighbourhood with good access to transport.,Bole,Bole,3.0,1.0,121.9,False,58500.0,3-bedroom unit in Bole for long-term rental. About 122 square metres of living space. Features a private water tank. Furnished and ready to move in. Quiet neighbourhood with good access to transport.
1-bedroom unit in Bole for long-term rental. About 45 square metres of living space. Furnished and ready to move in. Close to schools and markets.,Bole,Bole,1.0,1.0,45.0,False,21500.0,1-bedroom unit in Bole for long-term rental. About 45 square metres of living space. Furnished and ready to move in. Close to schools and markets.
"5-bedroom apartment in Yeka available for rent. 152 square metres, well laid out. Well maintained apartment. Well maintained and secure.",Yeka,Yeka,5.0,3.0,152.4,False,55000.0,"5-bedroom apartment in Yeka available for rent. 152 square metres, well laid out. Well maintained apartment. Well maintained and secure."
Rent a 2-bedroom home located in Yeka. About 73 square metres of living space. Features a private water tank. Close to schools and markets.,Yeka,Yeka,2.0,1.0,73.0,False,26500.0,Rent a 2-bedroom home located in Yeka. About 73 square metres of living space. Features a private water tank. Close to schools and markets.
5-bedroom apartment in Kirkos available for rent. About 158 square metres of living space. Features a private water tank. Close to schools and markets.,Kirkos,Kirkos,5.0,3.0,158.1,False,67000.0,5-bedroom apartment in Kirkos available for rent. About 158 square metres of living space. Features a private water tank. Close to schools and markets.
"Apartment with 2 bedrooms in Nifas Silk, now available. About 95 square metres of living space. Well maintained apartment. Ideal for families or professionals.",Nifas Silk,Nifas Silk,2.0,1.0,95.3,False,28500.0,"Apartment with 2 bedrooms in Nifas Silk, now available. About 95 square metres of living space. Well maintained apartment. Ideal for families or professionals."
"Apartment with 5 bedrooms in Nifas Silk, now available. Floor space of 167 square metres. Features a private water tank. Furnished and ready to move in. Ideal for families or professionals.",Nifas Silk,Nifas Silk,5.0,2.0,167.4,False,63500.0,"Apartment with 5 bedrooms in Nifas Silk, now available. Floor space of 167 square metres. Features a private water tank. Furnished and ready to move in. Ideal for families or professionals."
Rent a 3-bedroom home located in Kirkos. About 102 square metres of living space. Comes with a backup generator. Furnished and ready to move in. Quiet neighbourhood with good access to transport.,Kirkos,Kirkos,3.0,2.0,101.6,False,50500.0,Rent a 3-bedroom home located in Kirkos. About 102 square metres of living space. Comes with a backup generator. Furnished and ready to move in. Quiet neighbourhood with good access to transport.
3-bedroom unit in Kirkos for long-term rental. About 119 square metres of living space. Well maintained apartment. Close to schools and markets.,Kirkos,Kirkos,3.0,2.0,119.1,False,47000.0,3-bedroom unit in Kirkos for long-term rental. About 119 square metres of living space. Well maintained apartment. Close to schools and markets.
"2-bedroom apartment in Yeka available for rent. 102 square metres, well laid out. Comes with a backup generator. Furnished and ready to move in. Ideal for families or professionals.",Yeka,Yeka,2.0,1.0,102.3,False,40500.0,"2-bedroom apartment in Yeka available for rent. 102 square metres, well laid out. Comes with a backup generator. Furnished and ready to move in. Ideal for families or professionals."
"5-bedroom unit in Nifas Silk for long-term rental. 132 square metres, well laid out. Well maintained apartment. Ideal for families or professionals.",Nifas Silk,Nifas Silk,5.0,3.0,132.3,False,46500.0,"5-bedroom unit in Nifas Silk for long-term rental. 132 square metres, well laid out. Well maintained apartment. Ideal for families or professionals."
"Apartment with 1 bedrooms in Yeka, now available. Floor space of 71 square metres. Well maintained apartment. Close to schools and markets.",Yeka,Yeka,1.0,1.0,71.3,False,22500.0,"Apartment with 1 bedrooms in Yeka, now available. Floor space of 71 square metres. Well maintained apartment. Close to schools and markets."
"3-bedroom unit in Bole for long-term rental. 120 square metres, well laid out. Well maintained apartment. Well maintained and secure.",Bole,Bole,3.0,2.0,119.5,False,49500.0,"3-bedroom unit in Bole for long-term rental. 120 square metres, well laid out. Well maintained apartment. Well maintained and secure."
Rent a 2-bedroom home located in Kirkos. About 83 square metres of living space. Furnished and ready to move in. Well maintained and secure.,Kirkos,Kirkos,2.0,1.0,82.9,False,37000.0,Rent a 2-bedroom home located in Kirkos. About 83 square metres of living space. Furnished and ready to move in. Well maintained and secure.
3-bedroom apartment in Arada available for rent. Floor space of 94 square metres. Features a private water tank. Close to schools and markets.,Arada,Arada,3.0,2.0,93.5,False,39000.0,3-bedroom apartment in Arada available for rent. Floor space of 94 square metres. Features a private water tank. Close to schools and markets.
"2-bedroom apartment in Yeka available for rent. 97 square metres, well laid out. Well maintained apartment. Well maintained and secure.",Yeka,Yeka,2.0,1.0,97.3,False,31500.0,"2-bedroom apartment in Yeka available for rent. 97 square metres, well laid out. Well maintained apartment. Well maintained and secure."
"4-bedroom apartment in Nifas Silk available for rent. 116 square metres, well laid out. Features a private water tank. Quiet neighbourhood with good access to transport.",Nifas Silk,Nifas Silk,4.0,2.0,115.6,False,40500.0,"4-bedroom apartment in Nifas Silk available for rent. 116 square metres, well laid out. Features a private water tank. Quiet neighbourhood with good access to transport."
"Apartment with 2 bedrooms in Nifas Silk, now available. Floor space of 84 square metres. Features a private water tank. Furnished and ready to move in. Well maintained and secure.",Nifas Silk,Nifas Silk,2.0,2.0,83.9,False,33000.0,"Apartment with 2 bedrooms in Nifas Silk, now available. Floor space of 84 square metres. Features a private water tank. Furnished and ready to move in. Well maintained and secure."
Rent a 1-bedroom home located in Gulele. About 64 square metres of living space. Well maintained apartment. Ideal for families or professionals.,Gulele,Gulele,1.0,1.0,63.5,False,17500.0,Rent a 1-bedroom home located in Gulele. About 64 square metres of living space. Well maintained apartment. Ideal for families or professionals.
"1-bedroom unit in Nifas Silk for long-term rental. 73 square metres, well laid out. Comes with a backup generator. Furnished and ready to move in. Quiet neighbourhood with good access to transport.",Nifas Silk,Nifas Silk,1.0,2.0,72.6,False,28500.0,"1-bedroom unit in Nifas Silk for long-term rental. 73 square metres, well laid out. Comes with a backup generator. Furnished and ready to move in. Quiet neighbourhood with good access to transport."
"Rent a 4-bedroom home located in Nifas Silk. 122 square metres, well laid out. Features a private water tank. Ideal for families or professionals.",Nifas Silk,Nifas Silk,4.0,3.0,122.5,False,43500.0,"Rent a 4-bedroom home located in Nifas Silk. 122 square metres, well laid out. Features a private water tank. Ideal for families or professionals."
"2-bedroom apartment in Yeka available for rent. 78 square metres, well laid out. Well maintained apartment. Ideal for families or professionals.",Yeka,Yeka,2.0,1.0,77.8,False,26000.0,"2-bedroom apartment in Yeka available for rent. 78 square metres, well laid out. Well maintained apartment. Ideal for families or professionals."
"Apartment with 2 bedrooms in Kolfe, now available. Floor space of 87 square metres. Comes with a backup generator. Well maintained and secure.",Kolfe,Kolfe,2.0,1.0,87.2,False,27000.0,"Apartment with 2 bedrooms in Kolfe, now available. Floor space of 87 square metres. Comes with a backup generator. Well maintained and secure."
"Rent a 4-bedroom home located in Arada. 142 square metres, well laid out. Furnished and ready to move in. Ideal for families or professionals.",Arada,Arada,4.0,3.0,142.1,False,63500.0,"Rent a 4-bedroom home located in Arada. 142 square metres, well laid out. Furnished and ready to move in. Ideal for families or professionals."
"Apartment with 2 bedrooms in Kirkos, now available. About 113 square metres of living space. Well maintained apartment. Quiet neighbourhood with good access to transport.",Kirkos,Kirkos,2.0,2.0,113.4,False,43000.0,"Apartment with 2 bedrooms in Kirkos, now available. About 113 square metres of living space. Well maintained apartment. Quiet neighbourhood with good access to transport."
"Apartment with 2 bedrooms in Nifas Silk, now available. About 68 square metres of living space. Features a private water tank. Close to schools and markets.",Nifas Silk,Nifas Silk,2.0,1.0,67.9,False,23500.0,"Apartment with 2 bedrooms in Nifas Silk, now available. About 68 square metres of living space. Features a private water tank. Close to schools and markets."
2-bedroom unit in Kirkos for long-term rental. About 90 square metres of living space. Furnished and ready to move in. Ideal for families or professionals.,Kirkos,Kirkos,2.0,2.0,89.8,False,41000.0,2-bedroom unit in Kirkos for long-term rental. About 90 square metres of living space. Furnished and ready to move in. Ideal for families or professionals.
"Apartment with 2 bedrooms in Arada, now available. About 73 square metres of living space. Furnished and ready to move in. Close to schools and markets.",Arada,Arada,2.0,1.0,73.0,False,31500.0,"Apartment with 2 bedrooms in Arada, now available. About 73 square metres of living space. Furnished and ready to move in. Close to schools and markets."
4-bedroom apartment in Gulele available for rent. Floor space of 142 square metres. Furnished and ready to move in. Quiet neighbourhood with good access to transport.,Gulele,Gulele,4.0,2.0,142.2,False,49500.0,4-bedroom apartment in Gulele available for rent. Floor space of 142 square metres. Furnished and ready to move in. Quiet neighbourhood with good access to transport.
3-bedroom unit in Lidetta for long-term rental. About 97 square metres of living space. Well maintained apartment. Ideal for families or professionals.,Lidetta,Lidetta,3.0,1.0,96.7,False,28000.0,3-bedroom unit in Lidetta for long-term rental. About 97 square metres of living space. Well maintained apartment. Ideal for families or professionals.
5-bedroom unit in Akaky Kaliti for long-term rental. Floor space of 144 square metres. Features a private water tank. Quiet neighbourhood with good access to transport.,Akaky Kaliti,Akaky Kaliti,5.0,3.0,143.9,False,43500.0,5-bedroom unit in Akaky Kaliti for long-term rental. Floor space of 144 square metres. Features a private water tank. Quiet neighbourhood with good access to transport.
4-bedroom apartment in Arada available for rent. Floor space of 123 square metres. Well maintained apartment. Quiet neighbourhood with good access to transport.,Arada,Arada,4.0,2.0,122.9,False,48000.0,4-bedroom apartment in Arada available for rent. Floor space of 123 square metres. Well maintained apartment. Quiet neighbourhood with good access to transport.
Rent a 1-bedroom home located in Arada. Floor space of 63 square metres. Comes with a backup generator. Ideal for families or professionals.,Arada,Arada,1.0,1.0,63.1,False,25000.0,Rent a 1-bedroom home located in Arada. Floor space of 63 square metres. Comes with a backup generator. Ideal for families or professionals.
"2-bedroom unit in Kolfe for long-term rental. 90 square metres, well laid out. Furnished and ready to move in. Quiet neighbourhood with good access to transport.",Kolfe,Kolfe,2.0,1.0,89.9,False,28500.0,"2-bedroom unit in Kolfe for long-term rental. 90 square metres, well laid out. Furnished and ready to move in. Quiet neighbourhood with good access to transport."
"2-bedroom unit in Yeka for long-term rental. 92 square metres, well laid out. Features a private water tank. Comes with a backup generator. Quiet neighbourhood with good access to transport.",Yeka,Yeka,2.0,2.0,91.8,False,35500.0,"2-bedroom unit in Yeka for long-term rental. 92 square metres, well laid out. Features a private water tank. Comes with a backup generator. Quiet neighbourhood with good access to transport."
Rent a 3-bedroom home located in Lidetta. Floor space of 108 square metres. Comes with a backup generator. Furnished and ready to move in. Ideal for families or professionals.,Lidetta,Lidetta,3.0,3.0,107.9,False,41000.0,Rent a 3-bedroom home located in Lidetta. Floor space of 108 square metres. Comes with a backup generator. Furnished and ready to move in. Ideal for families or professionals.
"Rent a 2-bedroom home located in Arada. 70 square metres, well laid out. Furnished and ready to move in. Well maintained and secure.",Arada,Arada,2.0,1.0,70.0,False,30500.0,"Rent a 2-bedroom home located in Arada. 70 square metres, well laid out. Furnished and ready to move in. Well maintained and secure."
5-bedroom unit in Bole for long-term rental. Floor space of 161 square metres. Furnished and ready to move in. Well maintained and secure.,Bole,Bole,5.0,3.0,160.7,False,79500.0,5-bedroom unit in Bole for long-term rental. Floor space of 161 square metres. Furnished and ready to move in. Well maintained and secure.
2-bedroom apartment in Bole available for rent. About 85 square metres of living space. Well maintained apartment. Well maintained and secure.,Bole,Bole,2.0,1.0,85.4,False,34500.0,2-bedroom apartment in Bole available for rent. About 85 square metres of living space. Well maintained apartment. Well maintained and secure.
"3-bedroom apartment in Lidetta available for rent. 122 square metres, well laid out. Well maintained apartment. Ideal for families or professionals.",Lidetta,Lidetta,3.0,2.0,121.9,False,34500.0,"3-bedroom apartment in Lidetta available for rent. 122 square metres, well laid out. Well maintained apartment. Ideal for families or professionals."
"1-bedroom apartment in Bole available for rent. 56 square metres, well laid out. Features a private water tank. Quiet neighbourhood with good access to transport.",Bole,Bole,1.0,1.0,55.5,False,24000.0,"1-bedroom apartment in Bole available for rent. 56 square metres, well laid out. Features a private water tank. Quiet neighbourhood with good access to transport."
Rent a 5-bedroom home located in Yeka. About 133 square metres of living space. Features a private water tank. Well maintained and secure.,Yeka,Yeka,5.0,3.0,132.8,False,51500.0,Rent a 5-bedroom home located in Yeka. About 133 square metres of living space. Features a private water tank. Well maintained and secure.
5-bedroom unit in Kirkos for long-term rental. About 152 square metres of living space. Well maintained apartment. Ideal for families or professionals.,Kirkos,Kirkos,5.0,3.0,151.6,False,63000.0,5-bedroom unit in Kirkos for long-term rental. About 152 square metres of living space. Well maintained apartment. Ideal for families or professionals.
"Rent a 4-bedroom home located in Bole. 146 square metres, well laid out. Features a private water tank. Furnished and ready to move in. Ideal for families or professionals.",Bole,Bole,4.0,2.0,145.6,False,72000.0,"Rent a 4-bedroom home located in Bole. 146 square metres, well laid out. Features a private water tank. Furnished and ready to move in. Ideal for families or professionals."
"Apartment with 2 bedrooms in Yeka, now available. Floor space of 88 square metres. Comes with a backup generator. Furnished and ready to move in. Quiet neighbourhood with good access to transport.",Yeka,Yeka,2.0,1.0,87.9,False,36000.0,"Apartment with 2 bedrooms in Yeka, now available. Floor space of 88 square metres. Comes with a backup generator. Furnished and ready to move in. Quiet neighbourhood with good access to transport."
"Apartment with 1 bedrooms in Gulele, now available. Floor space of 62 square metres. Well maintained apartment. Close to schools and markets.",Gulele,Gulele,1.0,1.0,61.6,False,17500.0,"Apartment with 1 bedrooms in Gulele, now available. Floor space of 62 square metres. Well maintained apartment. Close to schools and markets."
"Apartment with 4 bedrooms in Bole, now available. 120 square metres, well laid out. Features a private water tank. Furnished and ready to move in. Ideal for families or professionals.",Bole,Bole,4.0,3.0,119.6,False,63000.0,"Apartment with 4 bedrooms in Bole, now available. 120 square metres, well laid out. Features a private water tank. Furnished and ready to move in. Ideal for families or professionals."
"Apartment with 3 bedrooms in Kolfe, now available. 129 square metres, well laid out. Well maintained apartment. Quiet neighbourhood with good access to transport.",Kolfe,Kolfe,3.0,3.0,129.1,False,38000.0,"Apartment with 3 bedrooms in Kolfe, now available. 129 square metres, well laid out. Well maintained apartment. Quiet neighbourhood with good access to transport."
"Apartment with 5 bedrooms in Lidetta, now available. 140 square metres, well laid out. Well maintained apartment. Well maintained and secure.",Lidetta,Lidetta,5.0,3.0,139.6,False,44000.0,"Apartment with 5 bedrooms in Lidetta, now available. 140 square metres, well laid out. Well maintained apartment. Well maintained and secure."
4-bedroom unit in Kirkos for long-term rental. Floor space of 121 square metres. Well maintained apartment. Close to schools and markets.,Kirkos,Kirkos,4.0,3.0,121.3,False,51000.0,4-bedroom unit in Kirkos for long-term rental. Floor space of 121 square metres. Well maintained apartment. Close to schools and markets.
"Apartment with 3 bedrooms in Bole, now available. Floor space of 115 square metres. Furnished and ready to move in. Quiet neighbourhood with good access to transport.",Bole,Bole,3.0,1.0,114.8,False,54000.0,"Apartment with 3 bedrooms in Bole, now available. Floor space of 115 square metres. Furnished and ready to move in. Quiet neighbourhood with good access to transport."
5-bedroom apartment in Nifas Silk available for rent. About 130 square metres of living space. Features a private water tank. Furnished and ready to move in. Close to schools and markets.,Nifas Silk,Nifas Silk,5.0,3.0,129.7,False,54500.0,5-bedroom apartment in Nifas Silk available for rent. About 130 square metres of living space. Features a private water tank. Furnished and ready to move in. Close to schools and markets.
Rent a 5-bedroom home located in Bole. Floor space of 167 square metres. Features a private water tank. Ideal for families or professionals.,Bole,Bole,5.0,3.0,167.3,False,73500.0,Rent a 5-bedroom home located in Bole. Floor space of 167 square metres. Features a private water tank. Ideal for families or professionals.
"Rent a 3-bedroom home located in Kirkos. 116 square metres, well laid out. Features a private water tank. Comes with a backup generator. Ideal for families or professionals.",Kirkos,Kirkos,3.0,2.0,115.5,False,50500.0,"Rent a 3-bedroom home located in Kirkos. 116 square metres, well laid out. Features a private water tank. Comes with a backup generator. Ideal for families or professionals."
Rent a 1-bedroom home located in Addis Ketema. Floor space of 75 square metres. Features a private water tank. Well maintained and secure.,Addis Ketema,Addis Ketema,1.0,1.0,74.8,False,20500.0,Rent a 1-bedroom home located in Addis Ketema. Floor space of 75 square metres. Features a private water tank. Well maintained and secure.
Rent a 1-bedroom home located in Addis Ketema. About 71 square metres of living space. Well maintained apartment. Well maintained and secure.,Addis Ketema,Addis Ketema,1.0,1.0,70.7,False,18000.0,Rent a 1-bedroom home located in Addis Ketema. About 71 square metres of living space. Well maintained apartment. Well maintained and secure.
"Apartment with 3 bedrooms in Kolfe, now available. Floor space of 106 square metres. Features a private water tank. Well maintained and secure.",Kolfe,Kolfe,3.0,1.0,106.1,False,32500.0,"Apartment with 3 bedrooms in Kolfe, now available. Floor space of 106 square metres. Features a private water tank. Well maintained and secure."
"Apartment with 3 bedrooms in Yeka, now available. 95 square metres, well laid out. Features a private water tank. Quiet neighbourhood with good access to transport.",Yeka,Yeka,3.0,1.0,95.2,False,35000.0,"Apartment with 3 bedrooms in Yeka, now available. 95 square metres, well laid out. Features a private water tank. Quiet neighbourhood with good access to transport."
"1-bedroom apartment in Gulele available for rent. 62 square metres, well laid out. Features a private water tank. Close to schools and markets.",Gulele,Gulele,1.0,1.0,62.3,False,19000.0,"1-bedroom apartment in Gulele available for rent. 62 square metres, well laid out. Features a private water tank. Close to schools and markets."
Rent a 1-bedroom home located in Gulele. Floor space of 52 square metres. Comes with a backup generator. Furnished and ready to move in. Ideal for families or professionals.,Gulele,Gulele,1.0,1.0,52.3,False,20500.0,Rent a 1-bedroom home located in Gulele. Floor space of 52 square metres. Comes with a backup generator. Furnished and ready to move in. Ideal for families or professionals.
4-bedroom unit in Kirkos for long-term rental. Floor space of 136 square metres. Well maintained apartment. Close to schools and markets.,Kirkos,Kirkos,4.0,3.0,135.8,False,56000.0,4-bedroom unit in Kirkos for long-term rental. Floor space of 136 square metres. Well maintained apartment. Close to schools and markets.
Rent a 4-bedroom home located in Nifas Silk. Floor space of 140 square metres. Comes with a backup generator. Well maintained and secure.,Nifas Silk,Nifas Silk,4.0,3.0,139.7,False,48500.0,Rent a 4-bedroom home located in Nifas Silk. Floor space of 140 square metres. Comes with a backup generator. Well maintained and secure.
Rent a 1-bedroom home located in Bole. About 82 square metres of living space. Well maintained apartment. Quiet neighbourhood with good access to transport.,Bole,Bole,1.0,1.0,81.7,False,31000.0,Rent a 1-bedroom home located in Bole. About 82 square metres of living space. Well maintained apartment. Quiet neighbourhood with good access to transport.
3-bedroom unit in Yeka for long-term rental. Floor space of 112 square metres. Features a private water tank. Furnished and ready to move in. Quiet neighbourhood with good access to transport.,Yeka,Yeka,3.0,2.0,112.5,False,46500.0,3-bedroom unit in Yeka for long-term rental. Floor space of 112 square metres. Features a private water tank. Furnished and ready to move in. Quiet neighbourhood with good access to transport.
"1-bedroom unit in Arada for long-term rental. 75 square metres, well laid out. Features a private water tank. Ideal for families or professionals.",Arada,Arada,1.0,1.0,75.1,False,27500.0,"1-bedroom unit in Arada for long-term rental. 75 square metres, well laid out. Features a private water tank. Ideal for families or professionals."
"Apartment with 4 bedrooms in Bole, now available. 126 square metres, well laid out. Furnished and ready to move in. Quiet neighbourhood with good access to transport.",Bole,Bole,4.0,2.0,126.4,False,62500.0,"Apartment with 4 bedrooms in Bole, now available. 126 square metres, well laid out. Furnished and ready to move in. Quiet neighbourhood with good access to transport."
Rent a 5-bedroom home located in Bole. Floor space of 146 square metres. Furnished and ready to move in. Well maintained and secure.,Bole,Bole,5.0,3.0,146.3,False,74000.0,Rent a 5-bedroom home located in Bole. Floor space of 146 square metres. Furnished and ready to move in. Well maintained and secure.
Rent a 5-bedroom home located in Lidetta. About 158 square metres of living space. Well maintained apartment. Close to schools and markets.,Lidetta,Lidetta,5.0,3.0,157.7,False,47500.0,Rent a 5-bedroom home located in Lidetta. About 158 square metres of living space. Well maintained apartment. Close to schools and markets.
"Apartment with 3 bedrooms in Addis Ketema, now available. 103 square metres, well laid out. Well maintained apartment. Ideal for families or professionals.",Addis Ketema,Addis Ketema,3.0,2.0,103.4,False,30000.0,"Apartment with 3 bedrooms in Addis Ketema, now available. 103 square metres, well laid out. Well maintained apartment. Ideal for families or professionals."
"Apartment with 4 bedrooms in Arada, now available. Floor space of 133 square metres. Features a private water tank. Ideal for families or professionals.",Arada,Arada,4.0,2.0,133.2,False,53000.0,"Apartment with 4 bedrooms in Arada, now available. Floor space of 133 square metres. Features a private water tank. Ideal for families or professionals."
"Apartment with 5 bedrooms in Lidetta, now available. 139 square metres, well laid out. Comes with a backup generator. Close to schools and markets.",Lidetta,Lidetta,5.0,3.0,139.3,False,46500.0,"Apartment with 5 bedrooms in Lidetta, now available. 139 square metres, well laid out. Comes with a backup generator. Close to schools and markets."
"Apartment with 4 bedrooms in Addis Ketema, now available. About 119 square metres of living space. Features a private water tank. Well maintained and secure.",Addis Ketema,Addis Ketema,4.0,2.0,119.4,False,37500.0,"Apartment with 4 bedrooms in Addis Ketema, now available. About 119 square metres of living space. Features a private water tank. Well maintained and secure."
3-bedroom unit in Bole for long-term rental. Floor space of 116 square metres. Features a private water tank. Furnished and ready to move in. Well maintained and secure.,Bole,Bole,3.0,2.0,115.6,False,57500.0,3-bedroom unit in Bole for long-term rental. Floor space of 116 square metres. Features a private water tank. Furnished and ready to move in. Well maintained and secure.
Rent a 4-bedroom home located in Kirkos. About 141 square metres of living space. Well maintained apartment. Well maintained and secure.,Kirkos,Kirkos,4.0,3.0,140.6,False,57500.0,Rent a 4-bedroom home located in Kirkos. About 141 square metres of living space. Well maintained apartment. Well maintained and secure.
Rent a 3-bedroom home located in Kirkos. Floor space of 96 square metres. Furnished and ready to move in. Well maintained and secure.,Kirkos,Kirkos,3.0,2.0,96.2,False,46000.0,Rent a 3-bedroom home located in Kirkos. Floor space of 96 square metres. Furnished and ready to move in. Well maintained and secure.
"5-bedroom unit in Bole for long-term rental. 160 square metres, well laid out. Comes with a backup generator. Well maintained and secure.",Bole,Bole,5.0,3.0,160.0,False,71500.0,"5-bedroom unit in Bole for long-term rental. 160 square metres, well laid out. Comes with a backup generator. Well maintained and secure."
3-bedroom apartment in Kolfe available for rent. Floor space of 102 square metres. Features a private water tank. Furnished and ready to move in. Close to schools and markets.,Kolfe,Kolfe,3.0,2.0,101.6,False,37500.0,3-bedroom apartment in Kolfe available for rent. Floor space of 102 square metres. Features a private water tank. Furnished and ready to move in. Close to schools and markets.
Rent a 5-bedroom home located in Kirkos. Floor space of 152 square metres. Well maintained apartment. Close to schools and markets.,Kirkos,Kirkos,5.0,3.0,152.2,False,63500.0,Rent a 5-bedroom home located in Kirkos. Floor space of 152 square metres. Well maintained apartment. Close to schools and markets.
Rent a 1-bedroom home located in Arada. Floor space of 81 square metres. Well maintained apartment. Ideal for families or professionals.,Arada,Arada,1.0,1.0,81.0,False,27500.0,Rent a 1-bedroom home located in Arada. Floor space of 81 square metres. Well maintained apartment. Ideal for families or professionals.
1-bedroom unit in Bole for long-term rental. Floor space of 74 square metres. Well maintained apartment. Ideal for families or professionals.,Bole,Bole,1.0,1.0,73.7,False,28500.0,1-bedroom unit in Bole for long-term rental. Floor space of 74 square metres. Well maintained apartment. Ideal for families or professionals.
"Apartment with 1 bedrooms in Yeka, now available. 74 square metres, well laid out. Well maintained apartment. Close to schools and markets.",Yeka,Yeka,1.0,1.0,73.6,False,23000.0,"Apartment with 1 bedrooms in Yeka, now available. 74 square metres, well laid out. Well maintained apartment. Close to schools and markets."
"3-bedroom unit in Akaky Kaliti for long-term rental. 131 square metres, well laid out. Well maintained apartment. Close to schools and markets.",Akaky Kaliti,Akaky Kaliti,3.0,2.0,130.9,False,34000.0,"3-bedroom unit in Akaky Kaliti for long-term rental. 131 square metres, well laid out. Well maintained apartment. Close to schools and markets."
Rent a 4-bedroom home located in Bole. Floor space of 122 square metres. Features a private water tank. Comes with a backup generator. Well maintained and secure.,Bole,Bole,4.0,3.0,121.6,False,58000.0,Rent a 4-bedroom home located in Bole. Floor space of 122 square metres. Features a private water tank. Comes with a backup generator. Well maintained and secure.
"Apartment with 2 bedrooms in Yeka, now available. Floor space of 74 square metres. Features a private water tank. Quiet neighbourhood with good access to transport.",Yeka,Yeka,2.0,1.0,74.2,False,27000.0,"Apartment with 2 bedrooms in Yeka, now available. Floor space of 74 square metres. Features a private water tank. Quiet neighbourhood with good access to transport."
1-bedroom apartment in Yeka available for rent. About 55 square metres of living space. Well maintained apartment. Ideal for families or professionals.,Yeka,Yeka,1.0,1.0,55.3,False,18000.0,1-bedroom apartment in Yeka available for rent. About 55 square metres of living space. Well maintained apartment. Ideal for families or professionals.
"5-bedroom unit in Arada for long-term rental. 149 square metres, well laid out. Well maintained apartment. Close to schools and markets.",Arada,Arada,5.0,3.0,148.9,False,59500.0,"5-bedroom unit in Arada for long-term rental. 149 square metres, well laid out. Well maintained apartment. Close to schools and markets."
"Apartment with 4 bedrooms in Nifas Silk, now available. About 102 square metres of living space. Features a private water tank. Close to schools and markets.",Nifas Silk,Nifas Silk,4.0,2.0,101.7,False,37500.0,"Apartment with 4 bedrooms in Nifas Silk, now available. About 102 square metres of living space. Features a private water tank. Close to schools and markets."
"4-bedroom unit in Arada for long-term rental. 128 square metres, well laid out. Well maintained apartment. Ideal for families or professionals.",Arada,Arada,4.0,2.0,127.5,False,49500.0,"4-bedroom unit in Arada for long-term rental. 128 square metres, well laid out. Well maintained apartment. Ideal for families or professionals."
"3-bedroom apartment in Bole available for rent. 102 square metres, well laid out. Well maintained apartment. Quiet neighbourhood with good access to transport.",Bole,Bole,3.0,2.0,101.5,False,43500.0,"3-bedroom apartment in Bole available for rent. 102 square metres, well laid out. Well maintained apartment. Quiet neighbourhood with good access to transport."
"3-bedroom unit in Yeka for long-term rental. 117 square metres, well laid out. Features a private water tank. Close to schools and markets.",Yeka,Yeka,3.0,2.0,117.4,False,42000.0,"3-bedroom unit in Yeka for long-term rental. 117 square metres, well laid out. Features a private water tank. Close to schools and markets."
"Apartment with 1 bedrooms in Lidetta, now available. 68 square metres, well laid out. Well maintained apartment. Close to schools and markets.",Lidetta,Lidetta,1.0,1.0,68.2,False,17500.0,"Apartment with 1 bedrooms in Lidetta, now available. 68 square metres, well laid out. Well maintained apartment. Close to schools and markets."
1-bedroom unit in Nifas Silk for long-term rental. Floor space of 57 square metres. Features a private water tank. Well maintained and secure.,Nifas Silk,Nifas Silk,1.0,1.0,56.8,False,19000.0,1-bedroom unit in Nifas Silk for long-term rental. Floor space of 57 square metres. Features a private water tank. Well maintained and secure.
5-bedroom unit in Nifas Silk for long-term rental. About 159 square metres of living space. Features a private water tank. Furnished and ready to move in. Quiet neighbourhood with good access to transport.,Nifas Silk,Nifas Silk,5.0,3.0,159.1,False,63000.0,5-bedroom unit in Nifas Silk for long-term rental. About 159 square metres of living space. Features a private water tank. Furnished and ready to move in. Quiet neighbourhood with good access to transport.
Rent a 2-bedroom home located in Gulele. Floor space of 95 square metres. Features a private water tank. Comes with a backup generator. Close to schools and markets.,Gulele,Gulele,2.0,1.0,94.7,False,31500.0,Rent a 2-bedroom home located in Gulele. Floor space of 95 square metres. Features a private water tank. Comes with a backup generator. Close to schools and markets.
4-bedroom unit in Kolfe for long-term rental. About 121 square metres of living space. Features a private water tank. Ideal for families or professionals.,Kolfe,Kolfe,4.0,3.0,120.8,False,40000.0,4-bedroom unit in Kolfe for long-term rental. About 121 square metres of living space. Features a private water tank. Ideal for families or professionals.
4-bedroom unit in Bole for long-term rental. Floor space of 124 square metres. Well maintained apartment. Quiet neighbourhood with good access to transport.,Bole,Bole,4.0,2.0,124.1,False,53500.0,4-bedroom unit in Bole for long-term rental. Floor space of 124 square metres. Well maintained apartment. Quiet neighbourhood with good access to transport.
"Apartment with 2 bedrooms in Kirkos, now available. 59 square metres, well laid out. Well maintained apartment. Ideal for families or professionals.",Kirkos,Kirkos,2.0,2.0,59.3,False,26000.0,"Apartment with 2 bedrooms in Kirkos, now available. 59 square metres, well laid out. Well maintained apartment. Ideal for families or professionals."
Rent a 2-bedroom home located in Arada. Floor space of 73 square metres. Well maintained apartment. Close to schools and markets.,Arada,Arada,2.0,1.0,72.9,False,27500.0,Rent a 2-bedroom home located in Arada. Floor space of 73 square metres. Well maintained apartment. Close to schools and markets.
"Apartment with 4 bedrooms in Kirkos, now available. 121 square metres, well laid out. Well maintained apartment. Close to schools and markets.",Kirkos,Kirkos,4.0,2.0,121.1,False,50000.0,"Apartment with 4 bedrooms in Kirkos, now available. 121 square metres, well laid out. Well maintained apartment. Close to schools and markets."
Rent a 1-bedroom home located in Lidetta. Floor space of 65 square metres. Comes with a backup generator. Well maintained and secure.,Lidetta,Lidetta,1.0,1.0,64.9,False,19500.0,Rent a 1-bedroom home located in Lidetta. Floor space of 65 square metres. Comes with a backup generator. Well maintained and secure.
3-bedroom apartment in Arada available for rent. About 97 square metres of living space. Well maintained apartment. Quiet neighbourhood with good access to transport.,Arada,Arada,3.0,2.0,96.7,False,38000.0,3-bedroom apartment in Arada available for rent. About 97 square metres of living space. Well maintained apartment. Quiet neighbourhood with good access to transport.
"5-bedroom unit in Kolfe for long-term rental. 146 square metres, well laid out. Comes with a backup generator. Close to schools and markets.",Kolfe,Kolfe,5.0,3.0,145.8,False,48500.0,"5-bedroom unit in Kolfe for long-term rental. 146 square metres, well laid out. Comes with a backup generator. Close to schools and markets."
4-bedroom apartment in Lidetta available for rent. About 115 square metres of living space. Features a private water tank. Comes with a backup generator. Ideal for families or professionals.,Lidetta,Lidetta,4.0,3.0,115.3,False,41000.0,4-bedroom apartment in Lidetta available for rent. About 115 square metres of living space. Features a private water tank. Comes with a backup generator. Ideal for families or professionals.
4-bedroom apartment in Arada available for rent. About 132 square metres of living space. Comes with a backup generator. Ideal for families or professionals.,Arada,Arada,4.0,3.0,132.1,False,54500.0,4-bedroom apartment in Arada available for rent. About 132 square metres of living space. Comes with a backup generator. Ideal for families or professionals.
1-bedroom unit in Akaky Kaliti for long-term rental. About 69 square metres of living space. Features a private water tank. Close to schools and markets.,Akaky Kaliti,Akaky Kaliti,1.0,1.0,69.1,False,18500.0,1-bedroom unit in Akaky Kaliti for long-term rental. About 69 square metres of living space. Features a private water tank. Close to schools and markets.
1-bedroom unit in Nifas Silk for long-term rental. About 69 square metres of living space. Well maintained apartment. Ideal for families or professionals.,Nifas Silk,Nifas Silk,1.0,1.0,68.8,False,20000.0,1-bedroom unit in Nifas Silk for long-term rental. About 69 square metres of living space. Well maintained apartment. Ideal for families or professionals.
"Rent a 2-bedroom home located in Lidetta. 86 square metres, well laid out. Comes with a backup generator. Close to schools and markets.",Lidetta,Lidetta,2.0,1.0,86.1,False,26500.0,"Rent a 2-bedroom home located in Lidetta. 86 square metres, well laid out. Comes with a backup generator. Close to schools and markets."
2-bedroom unit in Kirkos for long-term rental. About 68 square metres of living space. Well maintained apartment. Close to schools and markets.,Kirkos,Kirkos,2.0,1.0,67.5,False,27000.0,2-bedroom unit in Kirkos for long-term rental. About 68 square metres of living space. Well maintained apartment. Close to schools and markets.
1-bedroom unit in Arada for long-term rental. Floor space of 57 square metres. Features a private water tank. Furnished and ready to move in. Quiet neighbourhood with good access to transport.,Arada,Arada,1.0,1.0,56.6,False,25500.0,1-bedroom unit in Arada for long-term rental. Floor space of 57 square metres. Features a private water tank. Furnished and ready to move in. Quiet neighbourhood with good access to transport.
Rent a 5-bedroom home located in Arada. About 147 square metres of living space. Well maintained apartment. Close to schools and markets.,Arada,Arada,5.0,3.0,147.1,False,58500.0,Rent a 5-bedroom home located in Arada. About 147 square metres of living space. Well maintained apartment. Close to schools and markets.
"Rent a 1-bedroom home located in Bole. 59 square metres, well laid out. Furnished and ready to move in. Ideal for families or professionals.",Bole,Bole,1.0,1.0,59.2,False,27000.0,"Rent a 1-bedroom home located in Bole. 59 square metres, well laid out. Furnished and ready to move in. Ideal for families or professionals."
"4-bedroom unit in Kirkos for long-term rental. 131 square metres, well laid out. Features a private water tank. Comes with a backup generator. Furnished and ready to move in. Ideal for families or professionals.",Kirkos,Kirkos,4.0,3.0,130.9,False,67500.0,"4-bedroom unit in Kirkos for long-term rental. 131 square metres, well laid out. Features a private water tank. Comes with a backup generator. Furnished and ready to move in. Ideal for families or professionals."
Rent a 3-bedroom home located in Akaky Kaliti. About 125 square metres of living space. Features a private water tank. Quiet neighbourhood with good access to transport.,Akaky Kaliti,Akaky Kaliti,3.0,2.0,125.1,False,34500.0,Rent a 3-bedroom home located in Akaky Kaliti. About 125 square metres of living space. Features a private water tank. Quiet neighbourhood with good access to transport.
"4-bedroom unit in Nifas Silk for long-term rental. 140 square metres, well laid out. Features a private water tank. Close to schools and markets.",Nifas Silk,Nifas Silk,4.0,2.0,139.7,False,46500.0,"4-bedroom unit in Nifas Silk for long-term rental. 140 square metres, well laid out. Features a private water tank. Close to schools and markets."
"Apartment with 2 bedrooms in Bole, now available. About 74 square metres of living space. Well maintained apartment. Quiet neighbourhood with good access to transport.",Bole,Bole,2.0,1.0,74.1,False,31000.0,"Apartment with 2 bedrooms in Bole, now available. About 74 square metres of living space. Well maintained apartment. Quiet neighbourhood with good access to transport."
"Apartment with 2 bedrooms in Kirkos, now available. About 94 square metres of living space. Well maintained apartment. Quiet neighbourhood with good access to transport.",Kirkos,Kirkos,2.0,1.0,94.1,False,35500.0,"Apartment with 2 bedrooms in Kirkos, now available. About 94 square metres of living space. Well maintained apartment. Quiet neighbourhood with good access to transport."
4-bedroom apartment in Yeka available for rent. Floor space of 138 square metres. Features a private water tank. Comes with a backup generator. Close to schools and markets.,Yeka,Yeka,4.0,2.0,137.7,False,52000.0,4-bedroom apartment in Yeka available for rent. Floor space of 138 square metres. Features a private water tank. Comes with a backup generator. Close to schools and markets.
"Rent a 2-bedroom home located in Bole. 76 square metres, well laid out. Well maintained apartment. Ideal for families or professionals.",Bole,Bole,2.0,1.0,76.3,False,31500.0,"Rent a 2-bedroom home located in Bole. 76 square metres, well laid out. Well maintained apartment. Ideal for families or professionals."
"Apartment with 4 bedrooms in Akaky Kaliti, now available. About 140 square metres of living space. Features a private water tank. Comes with a backup generator. Well maintained and secure.",Akaky Kaliti,Akaky Kaliti,4.0,2.0,140.2,False,42000.0,"Apartment with 4 bedrooms in Akaky Kaliti, now available. About 140 square metres of living space. Features a private water tank. Comes with a backup generator. Well maintained and secure."
"Rent a 1-bedroom home located in Kirkos. 62 square metres, well laid out. Comes with a backup generator. Ideal for families or professionals.",Kirkos,Kirkos,1.0,1.0,62.1,False,26000.0,"Rent a 1-bedroom home located in Kirkos. 62 square metres, well laid out. Comes with a backup generator. Ideal for families or professionals."
1-bedroom apartment in Yeka available for rent. About 47 square metres of living space. Furnished and ready to move in. Ideal for families or professionals.,Yeka,Yeka,1.0,1.0,47.1,False,18500.0,1-bedroom apartment in Yeka available for rent. About 47 square metres of living space. Furnished and ready to move in. Ideal for families or professionals.
Rent a 4-bedroom home located in Nifas Silk. About 136 square metres of living space. Features a private water tank. Comes with a backup generator. Well maintained and secure.,Nifas Silk,Nifas Silk,4.0,3.0,135.5,False,49500.0,Rent a 4-bedroom home located in Nifas Silk. About 136 square metres of living space. Features a private water tank. Comes with a backup generator. Well maintained and secure.
"4-bedroom unit in Bole for long-term rental. 133 square metres, well laid out. Furnished and ready to move in. Ideal for families or professionals.",Bole,Bole,4.0,2.0,132.6,False,64500.0,"4-bedroom unit in Bole for long-term rental. 133 square metres, well laid out. Furnished and ready to move in. Ideal for families or professionals."
"Apartment with 1 bedrooms in Yeka, now available. 61 square metres, well laid out. Features a private water tank. Comes with a backup generator. Quiet neighbourhood with good access to transport.",Yeka,Yeka,1.0,1.0,61.3,False,24000.0,"Apartment with 1 bedrooms in Yeka, now available. 61 square metres, well laid out. Features a private water tank. Comes with a backup generator. Quiet neighbourhood with good access to transport."
5-bedroom apartment in Gulele available for rent. About 152 square metres of living space. Features a private water tank. Close to schools and markets.,Gulele,Gulele,5.0,3.0,151.6,False,50500.0,5-bedroom apartment in Gulele available for rent. About 152 square metres of living space. Features a private water tank. Close to schools and markets.
1-bedroom unit in Nifas Silk for long-term rental. Floor space of 55 square metres. Features a private water tank. Furnished and ready to move in. Close to schools and markets.,Nifas Silk,Nifas Silk,1.0,1.0,55.4,False,21500.0,1-bedroom unit in Nifas Silk for long-term rental. Floor space of 55 square metres. Features a private water tank. Furnished and ready to move in. Close to schools and markets.
"Apartment with 5 bedrooms in Addis Ketema, now available. 159 square metres, well laid out. Features a private water tank. Close to schools and markets.",Addis Ketema,Addis Ketema,5.0,3.0,159.3,False,49000.0,"Apartment with 5 bedrooms in Addis Ketema, now available. 159 square metres, well laid out. Features a private water tank. Close to schools and markets."
4-bedroom unit in Nifas Silk for long-term rental. Floor space of 130 square metres. Well maintained apartment. Well maintained and secure.,Nifas Silk,Nifas Silk,4.0,3.0,129.5,False,43500.0,4-bedroom unit in Nifas Silk for long-term rental. Floor space of 130 square metres. Well maintained apartment. Well maintained and secure.
"5-bedroom apartment in Arada available for rent. 154 square metres, well laid out. Well maintained apartment. Ideal for families or professionals.",Arada,Arada,5.0,3.0,154.0,False,61000.0,"5-bedroom apartment in Arada available for rent. 154 square metres, well laid out. Well maintained apartment. Ideal for families or professionals."
Rent a 5-bedroom home located in Kolfe. Floor space of 156 square metres. Furnished and ready to move in. Close to schools and markets.,Kolfe,Kolfe,5.0,3.0,156.3,False,55500.0,Rent a 5-bedroom home located in Kolfe. Floor space of 156 square metres. Furnished and ready to move in. Close to schools and markets.
"Apartment with 2 bedrooms in Akaky Kaliti, now available. 72 square metres, well laid out. Features a private water tank. Furnished and ready to move in. Well maintained and secure.",Akaky Kaliti,Akaky Kaliti,2.0,1.0,72.1,False,24500.0,"Apartment with 2 bedrooms in Akaky Kaliti, now available. 72 square metres, well laid out. Features a private water tank. Furnished and ready to move in. Well maintained and secure."
4-bedroom unit in Gulele for long-term rental. Floor space of 119 square metres. Features a private water tank. Ideal for families or professionals.,Gulele,Gulele,4.0,3.0,119.3,False,41000.0,4-bedroom unit in Gulele for long-term rental. Floor space of 119 square metres. Features a private water tank. Ideal for families or professionals.
2-bedroom unit in Addis Ketema for long-term rental. Floor space of 60 square metres. Features a private water tank. Comes with a backup generator. Well maintained and secure.,Addis Ketema,Addis Ketema,2.0,1.0,59.5,False,22000.0,2-bedroom unit in Addis Ketema for long-term rental. Floor space of 60 square metres. Features a private water tank. Comes with a backup generator. Well maintained and secure.
Rent a 3-bedroom home located in Kolfe. Floor space of 115 square metres. Features a private water tank. Ideal for families or professionals.,Kolfe,Kolfe,3.0,2.0,114.8,False,35500.0,Rent a 3-bedroom home located in Kolfe. Floor space of 115 square metres. Features a private water tank. Ideal for families or professionals.
"Rent a 2-bedroom home located in Lidetta. 72 square metres, well laid out. Well maintained apartment. Close to schools and markets.",Lidetta,Lidetta,2.0,1.0,71.5,False,20500.0,"Rent a 2-bedroom home located in Lidetta. 72 square metres, well laid out. Well maintained apartment. Close to schools and markets."
"Apartment with 3 bedrooms in Bole, now available. About 110 square metres of living space. Comes with a backup generator. Quiet neighbourhood with good access to transport.",Bole,Bole,3.0,2.0,109.6,False,49000.0,"Apartment with 3 bedrooms in Bole, now available. About 110 square metres of living space. Comes with a backup generator. Quiet neighbourhood with good access to transport."
"5-bedroom apartment in Gulele available for rent. 156 square metres, well laid out. Well maintained apartment. Close to schools and markets.",Gulele,Gulele,5.0,3.0,156.5,False,50000.0,"5-bedroom apartment in Gulele available for rent. 156 square metres, well laid out. Well maintained apartment. Close to schools and markets."
Rent a 3-bedroom home located in Kirkos. About 115 square metres of living space. Comes with a backup generator. Well maintained and secure.,Kirkos,Kirkos,3.0,2.0,115.2,False,48500.0,Rent a 3-bedroom home located in Kirkos. About 115 square metres of living space. Comes with a backup generator. Well maintained and secure.
1-bedroom unit in Arada for long-term rental. Floor space of 50 square metres. Features a private water tank. Furnished and ready to move in. Ideal for families or professionals.,Arada,Arada,1.0,1.0,49.6,False,23000.0,1-bedroom unit in Arada for long-term rental. Floor space of 50 square metres. Features a private water tank. Furnished and ready to move in. Ideal for families or professionals.
"Apartment with 2 bedrooms in Nifas Silk, now available. 85 square metres, well laid out. Well maintained apartment. Well maintained and secure.",Nifas Silk,Nifas Silk,2.0,1.0,85.2,False,26000.0,"Apartment with 2 bedrooms in Nifas Silk, now available. 85 square metres, well laid out. Well maintained apartment. Well maintained and secure."
"Apartment with 4 bedrooms in Addis Ketema, now available. 150 square metres, well laid out. Features a private water tank. Quiet neighbourhood with good access to transport.",Addis Ketema,Addis Ketema,4.0,2.0,150.0,False,44000.0,"Apartment with 4 bedrooms in Addis Ketema, now available. 150 square metres, well laid out. Features a private water tank. Quiet neighbourhood with good access to transport."
3-bedroom unit in Addis Ketema for long-term rental. About 129 square metres of living space. Features a private water tank. Ideal for families or professionals.,Addis Ketema,Addis Ketema,3.0,2.0,128.6,False,37000.0,3-bedroom unit in Addis Ketema for long-term rental. About 129 square metres of living space. Features a private water tank. Ideal for families or professionals.
"Rent a 3-bedroom home located in Yeka. 120 square metres, well laid out. Furnished and ready to move in. Quiet neighbourhood with good access to transport.",Yeka,Yeka,3.0,2.0,119.8,False,47000.0,"Rent a 3-bedroom home located in Yeka. 120 square metres, well laid out. Furnished and ready to move in. Quiet neighbourhood with good access to transport."
"3-bedroom apartment in Gulele available for rent. 112 square metres, well laid out. Features a private water tank. Furnished and ready to move in. Ideal for families or professionals.",Gulele,Gulele,3.0,1.0,112.0,False,40000.0,"3-bedroom apartment in Gulele available for rent. 112 square metres, well laid out. Features a private water tank. Furnished and ready to move in. Ideal for families or professionals."
"Apartment with 2 bedrooms in Gulele, now available. Floor space of 74 square metres. Features a private water tank. Comes with a backup generator. Well maintained and secure.",Gulele,Gulele,2.0,1.0,73.9,False,26500.0,"Apartment with 2 bedrooms in Gulele, now available. Floor space of 74 square metres. Features a private water tank. Comes with a backup generator. Well maintained and secure."
"Apartment with 3 bedrooms in Kirkos, now available. 117 square metres, well laid out. Features a private water tank. Close to schools and markets.",Kirkos,Kirkos,3.0,2.0,116.6,False,48000.0,"Apartment with 3 bedrooms in Kirkos, now available. 117 square metres, well laid out. Features a private water tank. Close to schools and markets."
4-bedroom unit in Bole for long-term rental. About 128 square metres of living space. Well maintained apartment. Quiet neighbourhood with good access to transport.,Bole,Bole,4.0,2.0,128.1,False,55000.0,4-bedroom unit in Bole for long-term rental. About 128 square metres of living space. Well maintained apartment. Quiet neighbourhood with good access to transport.
5-bedroom unit in Bole for long-term rental. Floor space of 159 square metres. Features a private water tank. Furnished and ready to move in. Ideal for families or professionals.,Bole,Bole,5.0,3.0,158.7,False,81000.0,5-bedroom unit in Bole for long-term rental. Floor space of 159 square metres. Features a private water tank. Furnished and ready to move in. Ideal for families or professionals.
4-bedroom apartment in Kolfe available for rent. Floor space of 122 square metres. Features a private water tank. Comes with a backup generator. Well maintained and secure.,Kolfe,Kolfe,4.0,2.0,122.4,False,42000.0,4-bedroom apartment in Kolfe available for rent. Floor space of 122 square metres. Features a private water tank. Comes with a backup generator. Well maintained and secure.
"5-bedroom unit in Arada for long-term rental. 150 square metres, well laid out. Well maintained apartment. Well maintained and secure.",Arada,Arada,5.0,3.0,149.9,False,59500.0,"5-bedroom unit in Arada for long-term rental. 150 square metres, well laid out. Well maintained apartment. Well maintained and secure."
"Apartment with 5 bedrooms in Addis Ketema, now available. 154 square metres, well laid out. Features a private water tank. Close to schools and markets.",Addis Ketema,Addis Ketema,5.0,3.0,154.0,False,48000.0,"Apartment with 5 bedrooms in Addis Ketema, now available. 154 square metres, well laid out. Features a private water tank. Close to schools and markets."
1-bedroom unit in Arada for long-term rental. Floor space of 67 square metres. Features a private water tank. Comes with a backup generator. Furnished and ready to move in. Ideal for families or professionals.,Arada,Arada,1.0,1.0,67.0,False,32000.0,1-bedroom unit in Arada for long-term rental. Floor space of 67 square metres. Features a private water tank. Comes with a backup generator. Furnished and ready to move in. Ideal for families or professionals.
"2-bedroom apartment in Addis Ketema available for rent. 92 square metres, well laid out. Comes with a backup generator. Well maintained and secure.",Addis Ketema,Addis Ketema,2.0,1.0,91.9,False,27000.0,"2-bedroom apartment in Addis Ketema available for rent. 92 square metres, well laid out. Comes with a backup generator. Well maintained and secure."
"2-bedroom unit in Kirkos for long-term rental. 79 square metres, well laid out. Well maintained apartment. Ideal for families or professionals.",Kirkos,Kirkos,2.0,1.0,79.0,False,31000.0,"2-bedroom unit in Kirkos for long-term rental. 79 square metres, well laid out. Well maintained apartment. Ideal for families or professionals."
1-bedroom apartment in Kolfe available for rent. About 48 square metres of living space. Comes with a backup generator. Close to schools and markets.,Kolfe,Kolfe,1.0,1.0,47.9,False,16500.0,1-bedroom apartment in Kolfe available for rent. About 48 square metres of living space. Comes with a backup generator. Close to schools and markets.
Rent a 1-bedroom home located in Bole. Floor space of 84 square metres. Well maintained apartment. Close to schools and markets.,Bole,Bole,1.0,1.0,83.5,False,32000.0,Rent a 1-bedroom home located in Bole. Floor space of 84 square metres. Well maintained apartment. Close to schools and markets.
"Rent a 4-bedroom home located in Arada. 160 square metres, well laid out. Features a private water tank. Well maintained and secure.",Arada,Arada,4.0,2.0,159.9,False,61000.0,"Rent a 4-bedroom home located in Arada. 160 square metres, well laid out. Features a private water tank. Well maintained and secure."
2-bedroom unit in Kolfe for long-term rental. About 91 square metres of living space. Features a private water tank. Ideal for families or professionals.,Kolfe,Kolfe,2.0,1.0,91.4,False,27000.0,2-bedroom unit in Kolfe for long-term rental. About 91 square metres of living space. Features a private water tank. Ideal for families or professionals.
1-bedroom apartment in Akaky Kaliti available for rent. About 48 square metres of living space. Features a private water tank. Close to schools and markets.,Akaky Kaliti,Akaky Kaliti,1.0,1.0,48.1,False,14500.0,1-bedroom apartment in Akaky Kaliti available for rent. About 48 square metres of living space. Features a private water tank. Close to schools and markets.
"Apartment with 2 bedrooms in Kolfe, now available. Floor space of 77 square metres. Features a private water tank. Ideal for families or professionals.",Kolfe,Kolfe,2.0,2.0,76.7,False,25000.0,"Apartment with 2 bedrooms in Kolfe, now available. Floor space of 77 square metres. Features a private water tank. Ideal for families or professionals."
2-bedroom apartment in Bole available for rent. About 92 square metres of living space. Well maintained apartment. Close to schools and markets.,Bole,Bole,2.0,2.0,92.1,False,38000.0,2-bedroom apartment in Bole available for rent. About 92 square metres of living space. Well maintained apartment. Close to schools and markets.
1-bedroom apartment in Kirkos available for rent. Floor space of 80 square metres. Furnished and ready to move in. Quiet neighbourhood with good access to transport.,Kirkos,Kirkos,1.0,1.0,80.1,False,33500.0,1-bedroom apartment in Kirkos available for rent. Floor space of 80 square metres. Furnished and ready to move in. Quiet neighbourhood with good access to transport.
1-bedroom unit in Bole for long-term rental. About 49 square metres of living space. Well maintained apartment. Ideal for families or professionals.,Bole,Bole,1.0,1.0,49.4,False,20000.0,1-bedroom unit in Bole for long-term rental. About 49 square metres of living space. Well maintained apartment. Ideal for families or professionals.
4-bedroom unit in Bole for long-term rental. Floor space of 128 square metres. Well maintained apartment. Ideal for families or professionals.,Bole,Bole,4.0,3.0,128.5,False,56000.0,4-bedroom unit in Bole for long-term rental. Floor space of 128 square metres. Well maintained apartment. Ideal for families or professionals.
"Apartment with 5 bedrooms in Gulele, now available. Floor space of 154 square metres. Features a private water tank. Ideal for families or professionals.",Gulele,Gulele,5.0,3.0,154.4,False,51000.0,"Apartment with 5 bedrooms in Gulele, now available. Floor space of 154 square metres. Features a private water tank. Ideal for families or professionals."
"Apartment with 3 bedrooms in Gulele, now available. Floor space of 118 square metres. Furnished and ready to move in. Close to schools and markets.",Gulele,Gulele,3.0,2.0,118.4,False,41000.0,"Apartment with 3 bedrooms in Gulele, now available. Floor space of 118 square metres. Furnished and ready to move in. Close to schools and markets."
"Rent a 4-bedroom home located in Kolfe. 126 square metres, well laid out. Features a private water tank. Quiet neighbourhood with good access to transport.",Kolfe,Kolfe,4.0,3.0,125.9,False,41500.0,"Rent a 4-bedroom home located in Kolfe. 126 square metres, well laid out. Features a private water tank. Quiet neighbourhood with good access to transport."
"Apartment with 5 bedrooms in Lidetta, now available. Floor space of 133 square metres. Comes with a backup generator. Well maintained and secure.",Lidetta,Lidetta,5.0,3.0,133.2,False,45000.0,"Apartment with 5 bedrooms in Lidetta, now available. Floor space of 133 square metres. Comes with a backup generator. Well maintained and secure."
"Rent a 5-bedroom home located in Gulele. 160 square metres, well laid out. Well maintained apartment. Quiet neighbourhood with good access to transport.",Gulele,Gulele,5.0,3.0,159.5,False,50500.0,"Rent a 5-bedroom home located in Gulele. 160 square metres, well laid out. Well maintained apartment. Quiet neighbourhood with good access to transport."
"Apartment with 1 bedrooms in Kolfe, now available. 78 square metres, well laid out. Features a private water tank. Furnished and ready to move in. Ideal for families or professionals.",Kolfe,Kolfe,1.0,1.0,77.5,False,25000.0,"Apartment with 1 bedrooms in Kolfe, now available. 78 square metres, well laid out. Features a private water tank. Furnished and ready to move in. Ideal for families or professionals."
5-bedroom apartment in Bole available for rent. Floor space of 151 square metres. Well maintained apartment. Close to schools and markets.,Bole,Bole,5.0,2.0,151.0,False,64500.0,5-bedroom apartment in Bole available for rent. Floor space of 151 square metres. Well maintained apartment. Close to schools and markets.
Rent a 1-bedroom home located in Yeka. About 69 square metres of living space. Comes with a backup generator. Ideal for families or professionals.,Yeka,Yeka,1.0,1.0,68.9,False,24500.0,Rent a 1-bedroom home located in Yeka. About 69 square metres of living space. Comes with a backup generator. Ideal for families or professionals.
1-bedroom unit in Nifas Silk for long-term rental. About 58 square metres of living space. Features a private water tank. Well maintained and secure.,Nifas Silk,Nifas Silk,1.0,1.0,58.3,False,19000.0,1-bedroom unit in Nifas Silk for long-term rental. About 58 square metres of living space. Features a private water tank. Well maintained and secure.
"Rent a 3-bedroom home located in Lidetta. 98 square metres, well laid out. Well maintained apartment. Ideal for families or professionals.",Lidetta,Lidetta,3.0,2.0,97.9,False,29500.0,"Rent a 3-bedroom home located in Lidetta. 98 square metres, well laid out. Well maintained apartment. Ideal for families or professionals."
Rent a 4-bedroom home located in Bole. Floor space of 142 square metres. Features a private water tank. Well maintained and secure.,Bole,Bole,4.0,2.0,142.3,False,61500.0,Rent a 4-bedroom home located in Bole. Floor space of 142 square metres. Features a private water tank. Well maintained and secure.
Rent a 1-bedroom home located in Arada. About 69 square metres of living space. Features a private water tank. Quiet neighbourhood with good access to transport.,Arada,Arada,1.0,1.0,68.6,False,26000.0,Rent a 1-bedroom home located in Arada. About 69 square metres of living space. Features a private water tank. Quiet neighbourhood with good access to transport.
"Apartment with 2 bedrooms in Gulele, now available. Floor space of 92 square metres. Features a private water tank. Comes with a backup generator. Well maintained and secure.",Gulele,Gulele,2.0,2.0,91.9,False,32000.0,"Apartment with 2 bedrooms in Gulele, now available. Floor space of 92 square metres. Features a private water tank. Comes with a backup generator. Well maintained and secure."
"Rent a 2-bedroom home located in Bole. 104 square metres, well laid out. Well maintained apartment. Well maintained and secure.",Bole,Bole,2.0,1.0,104.0,False,41000.0,"Rent a 2-bedroom home located in Bole. 104 square metres, well laid out. Well maintained apartment. Well maintained and secure."
Rent a 2-bedroom home located in Kirkos. About 73 square metres of living space. Well maintained apartment. Well maintained and secure.,Kirkos,Kirkos,2.0,1.0,73.3,False,29000.0,Rent a 2-bedroom home located in Kirkos. About 73 square metres of living space. Well maintained apartment. Well maintained and secure.
5-bedroom apartment in Akaky Kaliti available for rent. About 145 square metres of living space. Comes with a backup generator. Quiet neighbourhood with good access to transport.,Akaky Kaliti,Akaky Kaliti,5.0,3.0,145.4,False,45000.0,5-bedroom apartment in Akaky Kaliti available for rent. About 145 square metres of living space. Comes with a backup generator. Quiet neighbourhood with good access to transport.
Rent a 2-bedroom home located in Gulele. Floor space of 88 square metres. Features a private water tank. Furnished and ready to move in. Ideal for families or professionals.,Gulele,Gulele,2.0,2.0,87.9,False,32500.0,Rent a 2-bedroom home located in Gulele. Floor space of 88 square metres. Features a private water tank. Furnished and ready to move in. Ideal for families or professionals.
2-bedroom apartment in Yeka available for rent. About 79 square metres of living space. Features a private water tank. Furnished and ready to move in. Ideal for families or professionals.,Yeka,Yeka,2.0,1.0,79.2,False,32500.0,2-bedroom apartment in Yeka available for rent. About 79 square metres of living space. Features a private water tank. Furnished and ready to move in. Ideal for families or professionals.
Rent a 1-bedroom home located in Lidetta. Floor space of 73 square metres. Well maintained apartment. Ideal for families or professionals.,Lidetta,Lidetta,1.0,1.0,73.4,False,19000.0,Rent a 1-bedroom home located in Lidetta. Floor space of 73 square metres. Well maintained apartment. Ideal for families or professionals.
"1-bedroom unit in Kirkos for long-term rental. 62 square metres, well laid out. Features a private water tank. Furnished and ready to move in. Well maintained and secure.",Kirkos,Kirkos,1.0,1.0,61.8,False,28500.0,"1-bedroom unit in Kirkos for long-term rental. 62 square metres, well laid out. Features a private water tank. Furnished and ready to move in. Well maintained and secure."
"Apartment with 1 bedrooms in Lidetta, now available. About 52 square metres of living space. Well maintained apartment. Well maintained and secure.",Lidetta,Lidetta,1.0,1.0,52.1,False,14500.0,"Apartment with 1 bedrooms in Lidetta, now available. About 52 square metres of living space. Well maintained apartment. Well maintained and secure."
Rent a 3-bedroom home located in Yeka. About 109 square metres of living space. Features a private water tank. Close to schools and markets.,Yeka,Yeka,3.0,2.0,108.8,False,39500.0,Rent a 3-bedroom home located in Yeka. About 109 square metres of living space. Features a private water tank. Close to schools and markets.
3-bedroom apartment in Nifas Silk available for rent. About 110 square metres of living space. Furnished and ready to move in. Close to schools and markets.,Nifas Silk,Nifas Silk,3.0,2.0,110.0,False,40500.0,3-bedroom apartment in Nifas Silk available for rent. About 110 square metres of living space. Furnished and ready to move in. Close to schools and markets.
3-bedroom unit in Kirkos for long-term rental. Floor space of 119 square metres. Comes with a backup generator. Furnished and ready to move in. Well maintained and secure.,Kirkos,Kirkos,3.0,3.0,119.2,False,58500.0,3-bedroom unit in Kirkos for long-term rental. Floor space of 119 square metres. Comes with a backup generator. Furnished and ready to move in. Well maintained and secure.
5-bedroom unit in Yeka for long-term rental. About 157 square metres of living space. Features a private water tank. Ideal for families or professionals.,Yeka,Yeka,5.0,3.0,156.7,False,58000.0,5-bedroom unit in Yeka for long-term rental. About 157 square metres of living space. Features a private water tank. Ideal for families or professionals.
3-bedroom apartment in Lidetta available for rent. Floor space of 114 square metres. Features a private water tank. Close to schools and markets.,Lidetta,Lidetta,3.0,2.0,113.5,False,34500.0,3-bedroom apartment in Lidetta available for rent. Floor space of 114 square metres. Features a private water tank. Close to schools and markets.
"Apartment with 1 bedrooms in Yeka, now available. 68 square metres, well laid out. Features a private water tank. Well maintained and secure.",Yeka,Yeka,1.0,2.0,67.8,False,24500.0,"Apartment with 1 bedrooms in Yeka, now available. 68 square metres, well laid out. Features a private water tank. Well maintained and secure."
2-bedroom unit in Bole for long-term rental. About 84 square metres of living space. Well maintained apartment. Ideal for families or professionals.,Bole,Bole,2.0,1.0,83.7,False,34000.0,2-bedroom unit in Bole for long-term rental. About 84 square metres of living space. Well maintained apartment. Ideal for families or professionals.
"Rent a 2-bedroom home located in Kirkos. 77 square metres, well laid out. Furnished and ready to move in. Well maintained and secure.",Kirkos,Kirkos,2.0,1.0,77.4,False,35000.0,"Rent a 2-bedroom home located in Kirkos. 77 square metres, well laid out. Furnished and ready to move in. Well maintained and secure."
5-bedroom apartment in Gulele available for rent. About 156 square metres of living space. Features a private water tank. Comes with a backup generator. Furnished and ready to move in. Ideal for families or professionals.,Gulele,Gulele,5.0,2.0,155.5,False,60500.0,5-bedroom apartment in Gulele available for rent. About 156 square metres of living space. Features a private water tank. Comes with a backup generator. Furnished and ready to move in. Ideal for families or professionals.
"2-bedroom apartment in Kolfe available for rent. 82 square metres, well laid out. Features a private water tank. Comes with a backup generator. Furnished and ready to move in. Close to schools and markets.",Kolfe,Kolfe,2.0,2.0,82.0,False,33000.0,"2-bedroom apartment in Kolfe available for rent. 82 square metres, well laid out. Features a private water tank. Comes with a backup generator. Furnished and ready to move in. Close to schools and markets."
1-bedroom unit in Addis Ketema for long-term rental. About 84 square metres of living space. Well maintained apartment. Ideal for families or professionals.,Addis Ketema,Addis Ketema,1.0,1.0,84.3,False,20500.0,1-bedroom unit in Addis Ketema for long-term rental. About 84 square metres of living space. Well maintained apartment. Ideal for families or professionals.
"Apartment with 4 bedrooms in Yeka, now available. Floor space of 146 square metres. Features a private water tank. Ideal for families or professionals.",Yeka,Yeka,4.0,3.0,146.1,False,53000.0,"Apartment with 4 bedrooms in Yeka, now available. Floor space of 146 square metres. Features a private water tank. Ideal for families or professionals."
3-bedroom apartment in Kirkos available for rent. About 116 square metres of living space. Well maintained apartment. Ideal for families or professionals.,Kirkos,Kirkos,3.0,1.0,115.6,False,45000.0,3-bedroom apartment in Kirkos available for rent. About 116 square metres of living space. Well maintained apartment. Ideal for families or professionals.
1-bedroom apartment in Bole available for rent. About 68 square metres of living space. Furnished and ready to move in. Well maintained and secure.,Bole,Bole,1.0,1.0,68.5,False,30500.0,1-bedroom apartment in Bole available for rent. About 68 square metres of living space. Furnished and ready to move in. Well maintained and secure.
4-bedroom unit in Nifas Silk for long-term rental. Floor space of 129 square metres. Features a private water tank. Quiet neighbourhood with good access to transport.,Nifas Silk,Nifas Silk,4.0,2.0,128.9,False,44000.0,4-bedroom unit in Nifas Silk for long-term rental. Floor space of 129 square metres. Features a private water tank. Quiet neighbourhood with good access to transport.
"2-bedroom unit in Addis Ketema for long-term rental. 71 square metres, well laid out. Features a private water tank. Ideal for families or professionals.",Addis Ketema,Addis Ketema,2.0,2.0,70.9,False,23000.0,"2-bedroom unit in Addis Ketema for long-term rental. 71 square metres, well laid out. Features a private water tank. Ideal for families or professionals."
"Rent a 5-bedroom home located in Gulele. 149 square metres, well laid out. Features a private water tank. Comes with a backup generator. Ideal for families or professionals.",Gulele,Gulele,5.0,2.0,149.4,False,51500.0,"Rent a 5-bedroom home located in Gulele. 149 square metres, well laid out. Features a private water tank. Comes with a backup generator. Ideal for families or professionals."
5-bedroom apartment in Nifas Silk available for rent. About 153 square metres of living space. Features a private water tank. Ideal for families or professionals.,Nifas Silk,Nifas Silk,5.0,3.0,153.2,False,53000.0,5-bedroom apartment in Nifas Silk available for rent. About 153 square metres of living space. Features a private water tank. Ideal for families or professionals.
Rent a 2-bedroom home located in Kirkos. Floor space of 89 square metres. Furnished and ready to move in. Well maintained and secure.,Kirkos,Kirkos,2.0,2.0,88.8,False,40500.0,Rent a 2-bedroom home located in Kirkos. Floor space of 89 square metres. Furnished and ready to move in. Well maintained and secure.
Rent a 3-bedroom home located in Akaky Kaliti. Floor space of 114 square metres. Features a private water tank. Comes with a backup generator. Ideal for families or professionals.,Akaky Kaliti,Akaky Kaliti,3.0,2.0,113.6,False,35000.0,Rent a 3-bedroom home located in Akaky Kaliti. Floor space of 114 square metres. Features a private water tank. Comes with a backup generator. Ideal for families or professionals.
"3-bedroom unit in Arada for long-term rental. 119 square metres, well laid out. Well maintained apartment. Ideal for families or professionals.",Arada,Arada,3.0,2.0,119.1,False,44500.0,"3-bedroom unit in Arada for long-term rental. 119 square metres, well laid out. Well maintained apartment. Ideal for families or professionals."
4-bedroom apartment in Bole available for rent. Floor space of 122 square metres. Well maintained apartment. Ideal for families or professionals.,Bole,Bole,4.0,2.0,121.7,False,52500.0,4-bedroom apartment in Bole available for rent. Floor space of 122 square metres. Well maintained apartment. Ideal for families or professionals.
1-bedroom unit in Kirkos for long-term rental. Floor space of 56 square metres. Features a private water tank. Furnished and ready to move in. Ideal for families or professionals.,Kirkos,Kirkos,1.0,1.0,55.8,False,26500.0,1-bedroom unit in Kirkos for long-term rental. Floor space of 56 square metres. Features a private water tank. Furnished and ready to move in. Ideal for families or professionals.
"Rent a 2-bedroom home located in Bole. 103 square metres, well laid out. Well maintained apartment. Quiet neighbourhood with good access to transport.",Bole,Bole,2.0,1.0,103.4,False,41000.0,"Rent a 2-bedroom home located in Bole. 103 square metres, well laid out. Well maintained apartment. Quiet neighbourhood with good access to transport."
1-bedroom unit in Yeka for long-term rental. About 73 square metres of living space. Features a private water tank. Comes with a backup generator. Close to schools and markets.,Yeka,Yeka,1.0,1.0,73.3,False,27000.0,1-bedroom unit in Yeka for long-term rental. About 73 square metres of living space. Features a private water tank. Comes with a backup generator. Close to schools and markets.
"Apartment with 4 bedrooms in Bole, now available. Floor space of 125 square metres. Features a private water tank. Comes with a backup generator. Quiet neighbourhood with good access to transport.",Bole,Bole,4.0,3.0,125.3,False,59500.0,"Apartment with 4 bedrooms in Bole, now available. Floor space of 125 square metres. Features a private water tank. Comes with a backup generator. Quiet neighbourhood with good access to transport."
"Apartment with 1 bedrooms in Arada, now available. Floor space of 63 square metres. Comes with a backup generator. Furnished and ready to move in. Ideal for families or professionals.",Arada,Arada,1.0,1.0,62.7,False,28500.0,"Apartment with 1 bedrooms in Arada, now available. Floor space of 63 square metres. Comes with a backup generator. Furnished and ready to move in. Ideal for families or professionals."
Rent a 3-bedroom home located in Nifas Silk. Floor space of 107 square metres. Features a private water tank. Comes with a backup generator. Ideal for families or professionals.,Nifas Silk,Nifas Silk,3.0,2.0,106.8,False,39000.0,Rent a 3-bedroom home located in Nifas Silk. Floor space of 107 square metres. Features a private water tank. Comes with a backup generator. Ideal for families or professionals.
4-bedroom unit in Kirkos for long-term rental. About 130 square metres of living space. Well maintained apartment. Ideal for families or professionals.,Kirkos,Kirkos,4.0,3.0,130.4,False,54000.0,4-bedroom unit in Kirkos for long-term rental. About 130 square metres of living space. Well maintained apartment. Ideal for families or professionals.
"5-bedroom unit in Kirkos for long-term rental. 158 square metres, well laid out. Features a private water tank. Comes with a backup generator. Ideal for families or professionals.",Kirkos,Kirkos,5.0,3.0,157.7,False,69500.0,"5-bedroom unit in Kirkos for long-term rental. 158 square metres, well laid out. Features a private water tank. Comes with a backup generator. Ideal for families or professionals."
"Apartment with 2 bedrooms in Addis Ketema, now available. About 116 square metres of living space. Comes with a backup generator. Quiet neighbourhood with good access to transport.",Addis Ketema,Addis Ketema,2.0,1.0,116.4,False,32000.0,"Apartment with 2 bedrooms in Addis Ketema, now available. About 116 square metres of living space. Comes with a backup generator. Quiet neighbourhood with good access to transport."
1-bedroom unit in Kolfe for long-term rental. Floor space of 66 square metres. Features a private water tank. Comes with a backup generator. Quiet neighbourhood with good access to transport.,Kolfe,Kolfe,1.0,1.0,66.3,False,22000.0,1-bedroom unit in Kolfe for long-term rental. Floor space of 66 square metres. Features a private water tank. Comes with a backup generator. Quiet neighbourhood with good access to transport.
4-bedroom unit in Arada for long-term rental. Floor space of 138 square metres. Features a private water tank. Furnished and ready to move in. Well maintained and secure.,Arada,Arada,4.0,2.0,138.0,False,62500.0,4-bedroom unit in Arada for long-term rental. Floor space of 138 square metres. Features a private water tank. Furnished and ready to move in. Well maintained and secure.
"1-bedroom unit in Yeka for long-term rental. 44 square metres, well laid out. Features a private water tank. Comes with a backup generator. Quiet neighbourhood with good access to transport.",Yeka,Yeka,1.0,1.0,43.8,False,19500.0,"1-bedroom unit in Yeka for long-term rental. 44 square metres, well laid out. Features a private water tank. Comes with a backup generator. Quiet neighbourhood with good access to transport."
Rent a 1-bedroom home located in Akaky Kaliti. About 58 square metres of living space. Well maintained apartment. Close to schools and markets.,Akaky Kaliti,Akaky Kaliti,1.0,1.0,58.2,False,14500.0,Rent a 1-bedroom home located in Akaky Kaliti. About 58 square metres of living space. Well maintained apartment. Close to schools and markets.
5-bedroom unit in Yeka for long-term rental. Floor space of 167 square metres. Features a private water tank. Quiet neighbourhood with good access to transport.,Yeka,Yeka,5.0,3.0,166.7,False,60500.0,5-bedroom unit in Yeka for long-term rental. Floor space of 167 square metres. Features a private water tank. Quiet neighbourhood with good access to transport.
5-bedroom unit in Kirkos for long-term rental. Floor space of 157 square metres. Well maintained apartment. Ideal for families or professionals.,Kirkos,Kirkos,5.0,3.0,156.8,False,65000.0,5-bedroom unit in Kirkos for long-term rental. Floor space of 157 square metres. Well maintained apartment. Ideal for families or professionals.
Rent a 4-bedroom home located in Akaky Kaliti. Floor space of 77 square metres. Features a private water tank. Comes with a backup generator. Ideal for families or professionals.,Akaky Kaliti,Akaky Kaliti,4.0,2.0,77.3,False,30500.0,Rent a 4-bedroom home located in Akaky Kaliti. Floor space of 77 square metres. Features a private water tank. Comes with a backup generator. Ideal for families or professionals.
"5-bedroom unit in Arada for long-term rental. 160 square metres, well laid out. Well maintained apartment. Quiet neighbourhood with good access to transport.",Arada,Arada,5.0,3.0,160.1,False,62500.0,"5-bedroom unit in Arada for long-term rental. 160 square metres, well laid out. Well maintained apartment. Quiet neighbourhood with good access to transport."
1-bedroom unit in Gulele for long-term rental. Floor space of 87 square metres. Well maintained apartment. Close to schools and markets.,Gulele,Gulele,1.0,1.0,87.0,False,23000.0,1-bedroom unit in Gulele for long-term rental. Floor space of 87 square metres. Well maintained apartment. Close to schools and markets.
1-bedroom unit in Nifas Silk for long-term rental. Floor space of 40 square metres. Features a private water tank. Comes with a backup generator. Well maintained and secure.,Nifas Silk,Nifas Silk,1.0,1.0,40.0,False,17500.0,1-bedroom unit in Nifas Silk for long-term rental. Floor space of 40 square metres. Features a private water tank. Comes with a backup generator. Well maintained and secure.
"Apartment with 2 bedrooms in Nifas Silk, now available. 104 square metres, well laid out. Furnished and ready to move in. Ideal for families or professionals.",Nifas Silk,Nifas Silk,2.0,2.0,104.2,False,36500.0,"Apartment with 2 bedrooms in Nifas Silk, now available. 104 square metres, well laid out. Furnished and ready to move in. Ideal for families or professionals."
"Apartment with 1 bedrooms in Yeka, now available. 31 square metres, well laid out. Features a private water tank. Close to schools and markets.",Yeka,Yeka,1.0,1.0,30.7,False,13500.0,"Apartment with 1 bedrooms in Yeka, now available. 31 square metres, well laid out. Features a private water tank. Close to schools and markets."
5-bedroom apartment in Yeka available for rent. Floor space of 163 square metres. Features a private water tank. Well maintained and secure.,Yeka,Yeka,5.0,3.0,163.3,False,59500.0,5-bedroom apartment in Yeka available for rent. Floor space of 163 square metres. Features a private water tank. Well maintained and secure.
"Apartment with 1 bedrooms in Kirkos, now available. Floor space of 64 square metres. Well maintained apartment. Close to schools and markets.",Kirkos,Kirkos,1.0,1.0,63.9,False,24000.0,"Apartment with 1 bedrooms in Kirkos, now available. Floor space of 64 square metres. Well maintained apartment. Close to schools and markets."
"Apartment with 3 bedrooms in Bole, now available. 80 square metres, well laid out. Well maintained apartment. Close to schools and markets.",Bole,Bole,3.0,1.0,79.8,False,35000.0,"Apartment with 3 bedrooms in Bole, now available. 80 square metres, well laid out. Well maintained apartment. Close to schools and markets."
5-bedroom apartment in Lidetta available for rent. Floor space of 157 square metres. Features a private water tank. Comes with a backup generator. Ideal for families or professionals.,Lidetta,Lidetta,5.0,3.0,157.4,False,52000.0,5-bedroom apartment in Lidetta available for rent. Floor space of 157 square metres. Features a private water tank. Comes with a backup generator. Ideal for families or professionals.
4-bedroom unit in Yeka for long-term rental. Floor space of 144 square metres. Well maintained apartment. Well maintained and secure.,Yeka,Yeka,4.0,3.0,143.8,False,50500.0,4-bedroom unit in Yeka for long-term rental. Floor space of 144 square metres. Well maintained apartment. Well maintained and secure.
2-bedroom unit in Nifas Silk for long-term rental. About 90 square metres of living space. Features a private water tank. Comes with a backup generator. Well maintained and secure.,Nifas Silk,Nifas Silk,2.0,1.0,90.4,False,31500.0,2-bedroom unit in Nifas Silk for long-term rental. About 90 square metres of living space. Features a private water tank. Comes with a backup generator. Well maintained and secure.
"3-bedroom unit in Kolfe for long-term rental. 115 square metres, well laid out. Features a private water tank. Comes with a backup generator. Quiet neighbourhood with good access to transport.",Kolfe,Kolfe,3.0,1.0,115.0,False,37000.0,"3-bedroom unit in Kolfe for long-term rental. 115 square metres, well laid out. Features a private water tank. Comes with a backup generator. Quiet neighbourhood with good access to transport."
3-bedroom unit in Kolfe for long-term rental. About 103 square metres of living space. Features a private water tank. Comes with a backup generator. Ideal for families or professionals.,Kolfe,Kolfe,3.0,1.0,103.1,False,34500.0,3-bedroom unit in Kolfe for long-term rental. About 103 square metres of living space. Features a private water tank. Comes with a backup generator. Ideal for families or professionals.
4-bedroom unit in Kirkos for long-term rental. Floor space of 108 square metres. Furnished and ready to move in. Well maintained and secure.,Kirkos,Kirkos,4.0,3.0,107.7,False,54000.0,4-bedroom unit in Kirkos for long-term rental. Floor space of 108 square metres. Furnished and ready to move in. Well maintained and secure.
"Apartment with 3 bedrooms in Arada, now available. 116 square metres, well laid out. Well maintained apartment. Quiet neighbourhood with good access to transport.",Arada,Arada,3.0,2.0,116.3,False,44000.0,"Apartment with 3 bedrooms in Arada, now available. 116 square metres, well laid out. Well maintained apartment. Quiet neighbourhood with good access to transport."
Rent a 2-bedroom home located in Addis Ketema. Floor space of 107 square metres. Well maintained apartment. Close to schools and markets.,Addis Ketema,Addis Ketema,2.0,1.0,107.0,False,27500.0,Rent a 2-bedroom home located in Addis Ketema. Floor space of 107 square metres. Well maintained apartment. Close to schools and markets.
"Apartment with 4 bedrooms in Gulele, now available. 144 square metres, well laid out. Features a private water tank. Close to schools and markets.",Gulele,Gulele,4.0,2.0,143.6,False,45500.0,"Apartment with 4 bedrooms in Gulele, now available. 144 square metres, well laid out. Features a private water tank. Close to schools and markets."
5-bedroom unit in Kolfe for long-term rental. Floor space of 128 square metres. Features a private water tank. Ideal for families or professionals.,Kolfe,Kolfe,5.0,2.0,128.1,False,42500.0,5-bedroom unit in Kolfe for long-term rental. Floor space of 128 square metres. Features a private water tank. Ideal for families or professionals.
3-bedroom apartment in Akaky Kaliti available for rent. About 90 square metres of living space. Features a private water tank. Ideal for families or professionals.,Akaky Kaliti,Akaky Kaliti,3.0,2.0,89.8,False,28000.0,3-bedroom apartment in Akaky Kaliti available for rent. About 90 square metres of living space. Features a private water tank. Ideal for families or professionals.
"Apartment with 1 bedrooms in Kolfe, now available. 54 square metres, well laid out. Well maintained apartment. Ideal for families or professionals.",Kolfe,Kolfe,1.0,1.0,53.8,False,15000.0,"Apartment with 1 bedrooms in Kolfe, now available. 54 square metres, well laid out. Well maintained apartment. Ideal for families or professionals."
"Apartment with 3 bedrooms in Yeka, now available. 89 square metres, well laid out. Features a private water tank. Comes with a backup generator. Ideal for families or professionals.",Yeka,Yeka,3.0,2.0,88.9,False,37000.0,"Apartment with 3 bedrooms in Yeka, now available. 89 square metres, well laid out. Features a private water tank. Comes with a backup generator. Ideal for families or professionals."
"5-bedroom apartment in Nifas Silk available for rent. 152 square metres, well laid out. Well maintained apartment. Well maintained and secure.",Nifas Silk,Nifas Silk,5.0,3.0,152.5,False,51000.0,"5-bedroom apartment in Nifas Silk available for rent. 152 square metres, well laid out. Well maintained apartment. Well maintained and secure."
5-bedroom apartment in Bole available for rent. About 157 square metres of living space. Features a private water tank. Furnished and ready to move in. Ideal for families or professionals.,Bole,Bole,5.0,3.0,156.7,False,80000.0,5-bedroom apartment in Bole available for rent. About 157 square metres of living space. Features a private water tank. Furnished and ready to move in. Ideal for families or professionals.
3-bedroom apartment in Nifas Silk available for rent. Floor space of 91 square metres. Well maintained apartment. Close to schools and markets.,Nifas Silk,Nifas Silk,3.0,2.0,90.8,False,31000.0,3-bedroom apartment in Nifas Silk available for rent. Floor space of 91 square metres. Well maintained apartment. Close to schools and markets.
"Apartment with 1 bedrooms in Addis Ketema, now available. 73 square metres, well laid out. Features a private water tank. Furnished and ready to move in. Close to schools and markets.",Addis Ketema,Addis Ketema,1.0,1.0,73.3,False,23500.0,"Apartment with 1 bedrooms in Addis Ketema, now available. 73 square metres, well laid out. Features a private water tank. Furnished and ready to move in. Close to schools and markets."
Rent a 3-bedroom home located in Arada. About 115 square metres of living space. Furnished and ready to move in. Quiet neighbourhood with good access to transport.,Arada,Arada,3.0,2.0,115.2,False,50000.0,Rent a 3-bedroom home located in Arada. About 115 square metres of living space. Furnished and ready to move in. Quiet neighbourhood with good access to transport.
5-bedroom unit in Kirkos for long-term rental. Floor space of 145 square metres. Furnished and ready to move in. Well maintained and secure.,Kirkos,Kirkos,5.0,3.0,145.4,False,70500.0,5-bedroom unit in Kirkos for long-term rental. Floor space of 145 square metres. Furnished and ready to move in. Well maintained and secure.
"Rent a 5-bedroom home located in Bole. 150 square metres, well laid out. Features a private water tank. Well maintained and secure.",Bole,Bole,5.0,3.0,149.9,False,67500.0,"Rent a 5-bedroom home located in Bole. 150 square metres, well laid out. Features a private water tank. Well maintained and secure."
1-bedroom unit in Addis Ketema for long-term rental. About 41 square metres of living space. Well maintained apartment. Close to schools and markets.,Addis Ketema,Addis Ketema,1.0,1.0,40.6,False,11500.0,1-bedroom unit in Addis Ketema for long-term rental. About 41 square metres of living space. Well maintained apartment. Close to schools and markets.
"Apartment with 2 bedrooms in Bole, now available. About 82 square metres of living space. Furnished and ready to move in. Quiet neighbourhood with good access to transport.",Bole,Bole,2.0,2.0,82.0,False,40000.0,"Apartment with 2 bedrooms in Bole, now available. About 82 square metres of living space. Furnished and ready to move in. Quiet neighbourhood with good access to transport."
Rent a 3-bedroom home located in Bole. About 108 square metres of living space. Comes with a backup generator. Close to schools and markets.,Bole,Bole,3.0,1.0,108.1,False,47000.0,Rent a 3-bedroom home located in Bole. About 108 square metres of living space. Comes with a backup generator. Close to schools and markets.
1-bedroom apartment in Yeka available for rent. Floor space of 66 square metres. Features a private water tank. Comes with a backup generator. Well maintained and secure.,Yeka,Yeka,1.0,1.0,66.0,False,25500.0,1-bedroom apartment in Yeka available for rent. Floor space of 66 square metres. Features a private water tank. Comes with a backup generator. Well maintained and secure.
"Apartment with 5 bedrooms in Bole, now available. Floor space of 156 square metres. Well maintained apartment. Close to schools and markets.",Bole,Bole,5.0,3.0,156.5,False,68000.0,"Apartment with 5 bedrooms in Bole, now available. Floor space of 156 square metres. Well maintained apartment. Close to schools and markets."
"1-bedroom unit in Arada for long-term rental. 67 square metres, well laid out. Well maintained apartment. Ideal for families or professionals.",Arada,Arada,1.0,1.0,66.9,False,23500.0,"1-bedroom unit in Arada for long-term rental. 67 square metres, well laid out. Well maintained apartment. Ideal for families or professionals."
"Apartment with 4 bedrooms in Arada, now available. About 127 square metres of living space. Furnished and ready to move in. Close to schools and markets.",Arada,Arada,4.0,2.0,126.8,False,56500.0,"Apartment with 4 bedrooms in Arada, now available. About 127 square metres of living space. Furnished and ready to move in. Close to schools and markets."
5-bedroom apartment in Yeka available for rent. About 155 square metres of living space. Well maintained apartment. Close to schools and markets.,Yeka,Yeka,5.0,3.0,155.4,False,56000.0,5-bedroom apartment in Yeka available for rent. About 155 square metres of living space. Well maintained apartment. Close to schools and markets.
4-bedroom unit in Bole for long-term rental. About 142 square metres of living space. Well maintained apartment. Close to schools and markets.,Bole,Bole,4.0,2.0,142.0,False,59500.0,4-bedroom unit in Bole for long-term rental. About 142 square metres of living space. Well maintained apartment. Close to schools and markets.
4-bedroom apartment in Bole available for rent. About 129 square metres of living space. Features a private water tank. Close to schools and markets.,Bole,Bole,4.0,2.0,128.9,False,57000.0,4-bedroom apartment in Bole available for rent. About 129 square metres of living space. Features a private water tank. Close to schools and markets.
2-bedroom apartment in Kirkos available for rent. About 90 square metres of living space. Well maintained apartment. Close to schools and markets.,Kirkos,Kirkos,2.0,1.0,89.8,False,34500.0,2-bedroom apartment in Kirkos available for rent. About 90 square metres of living space. Well maintained apartment. Close to schools and markets.
"Apartment with 5 bedrooms in Bole, now available. Floor space of 150 square metres. Features a private water tank. Close to schools and markets.",Bole,Bole,5.0,3.0,149.8,False,67500.0,"Apartment with 5 bedrooms in Bole, now available. Floor space of 150 square metres. Features a private water tank. Close to schools and markets."
"3-bedroom apartment in Gulele available for rent. 100 square metres, well laid out. Features a private water tank. Ideal for families or professionals.",Gulele,Gulele,3.0,1.0,100.2,False,32000.0,"3-bedroom apartment in Gulele available for rent. 100 square metres, well laid out. Features a private water tank. Ideal for families or professionals."
"Apartment with 1 bedrooms in Yeka, now available. About 70 square metres of living space. Features a private water tank. Ideal for families or professionals.",Yeka,Yeka,1.0,1.0,70.3,False,24000.0,"Apartment with 1 bedrooms in Yeka, now available. About 70 square metres of living space. Features a private water tank. Ideal for families or professionals."
Rent a 2-bedroom home located in Yeka. Floor space of 79 square metres. Features a private water tank. Close to schools and markets.,Yeka,Yeka,2.0,1.0,79.3,False,28500.0,Rent a 2-bedroom home located in Yeka. Floor space of 79 square metres. Features a private water tank. Close to schools and markets.
2-bedroom apartment in Kirkos available for rent. Floor space of 91 square metres. Features a private water tank. Furnished and ready to move in. Close to schools and markets.,Kirkos,Kirkos,2.0,1.0,90.6,False,42000.0,2-bedroom apartment in Kirkos available for rent. Floor space of 91 square metres. Features a private water tank. Furnished and ready to move in. Close to schools and markets.
"Apartment with 3 bedrooms in Kirkos, now available. 108 square metres, well laid out. Comes with a backup generator. Furnished and ready to move in. Quiet neighbourhood with good access to transport.",Kirkos,Kirkos,3.0,2.0,108.3,False,53000.0,"Apartment with 3 bedrooms in Kirkos, now available. 108 square metres, well laid out. Comes with a backup generator. Furnished and ready to move in. Quiet neighbourhood with good access to transport."
Rent a 2-bedroom home located in Bole. Floor space of 82 square metres. Furnished and ready to move in. Well maintained and secure.,Bole,Bole,2.0,1.0,82.4,False,38500.0,Rent a 2-bedroom home located in Bole. Floor space of 82 square metres. Furnished and ready to move in. Well maintained and secure.
Rent a 3-bedroom home located in Bole. About 104 square metres of living space. Furnished and ready to move in. Close to schools and markets.,Bole,Bole,3.0,1.0,104.1,False,49500.0,Rent a 3-bedroom home located in Bole. About 104 square metres of living space. Furnished and ready to move in. Close to schools and markets.
"3-bedroom apartment in Lidetta available for rent. 102 square metres, well laid out. Well maintained apartment. Quiet neighbourhood with good access to transport.",Lidetta,Lidetta,3.0,3.0,101.9,False,31500.0,"3-bedroom apartment in Lidetta available for rent. 102 square metres, well laid out. Well maintained apartment. Quiet neighbourhood with good access to transport."
Rent a 2-bedroom home located in Bole. Floor space of 66 square metres. Well maintained apartment. Close to schools and markets.,Bole,Bole,2.0,1.0,66.3,False,28000.0,Rent a 2-bedroom home located in Bole. Floor space of 66 square metres. Well maintained apartment. Close to schools and markets.
4-bedroom unit in Arada for long-term rental. About 135 square metres of living space. Features a private water tank. Comes with a backup generator. Furnished and ready to move in. Well maintained and secure.,Arada,Arada,4.0,3.0,134.6,False,66000.0,4-bedroom unit in Arada for long-term rental. About 135 square metres of living space. Features a private water tank. Comes with a backup generator. Furnished and ready to move in. Well maintained and secure.
"Rent a 2-bedroom home located in Arada. 89 square metres, well laid out. Comes with a backup generator. Close to schools and markets.",Arada,Arada,2.0,1.0,88.8,False,35000.0,"Rent a 2-bedroom home located in Arada. 89 square metres, well laid out. Comes with a backup generator. Close to schools and markets."
4-bedroom apartment in Kirkos available for rent. Floor space of 140 square metres. Features a private water tank. Furnished and ready to move in. Close to schools and markets.,Kirkos,Kirkos,4.0,2.0,140.2,False,66500.0,4-bedroom apartment in Kirkos available for rent. Floor space of 140 square metres. Features a private water tank. Furnished and ready to move in. Close to schools and markets.
2-bedroom unit in Kirkos for long-term rental. Floor space of 80 square metres. Features a private water tank. Quiet neighbourhood with good access to transport.,Kirkos,Kirkos,2.0,1.0,79.6,False,33000.0,2-bedroom unit in Kirkos for long-term rental. Floor space of 80 square metres. Features a private water tank. Quiet neighbourhood with good access to transport.
"Rent a 5-bedroom home located in Kolfe. 175 square metres, well laid out. Well maintained apartment. Well maintained and secure.",Kolfe,Kolfe,5.0,3.0,174.7,False,52000.0,"Rent a 5-bedroom home located in Kolfe. 175 square metres, well laid out. Well maintained apartment. Well maintained and secure."
2-bedroom apartment in Lidetta available for rent. About 81 square metres of living space. Well maintained apartment. Quiet neighbourhood with good access to transport.,Lidetta,Lidetta,2.0,1.0,81.4,False,22500.0,2-bedroom apartment in Lidetta available for rent. About 81 square metres of living space. Well maintained apartment. Quiet neighbourhood with good access to transport.
Rent a 1-bedroom home located in Yeka. Floor space of 54 square metres. Comes with a backup generator. Well maintained and secure.,Yeka,Yeka,1.0,1.0,53.5,False,20000.0,Rent a 1-bedroom home located in Yeka. Floor space of 54 square metres. Comes with a backup generator. Well maintained and secure.
1-bedroom unit in Kirkos for long-term rental. Floor space of 52 square metres. Features a private water tank. Well maintained and secure.,Kirkos,Kirkos,1.0,1.0,52.1,False,22000.0,1-bedroom unit in Kirkos for long-term rental. Floor space of 52 square metres. Features a private water tank. Well maintained and secure.
Rent a 5-bedroom home located in Yeka. Floor space of 131 square metres. Features a private water tank. Comes with a backup generator. Close to schools and markets.,Yeka,Yeka,5.0,3.0,131.2,False,54000.0,Rent a 5-bedroom home located in Yeka. Floor space of 131 square metres. Features a private water tank. Comes with a backup generator. Close to schools and markets.
5-bedroom apartment in Arada available for rent. Floor space of 170 square metres. Well maintained apartment. Quiet neighbourhood with good access to transport.,Arada,Arada,5.0,3.0,170.4,False,65500.0,5-bedroom apartment in Arada available for rent. Floor space of 170 square metres. Well maintained apartment. Quiet neighbourhood with good access to transport.
2-bedroom apartment in Gulele available for rent. About 102 square metres of living space. Comes with a backup generator. Well maintained and secure.,Gulele,Gulele,2.0,1.0,102.5,False,31500.0,2-bedroom apartment in Gulele available for rent. About 102 square metres of living space. Comes with a backup generator. Well maintained and secure.
"4-bedroom unit in Yeka for long-term rental. 137 square metres, well laid out. Features a private water tank. Quiet neighbourhood with good access to transport.",Yeka,Yeka,4.0,3.0,137.2,False,50500.0,"4-bedroom unit in Yeka for long-term rental. 137 square metres, well laid out. Features a private water tank. Quiet neighbourhood with good access to transport."
"Apartment with 3 bedrooms in Kirkos, now available. About 97 square metres of living space. Features a private water tank. Comes with a backup generator. Ideal for families or professionals.",Kirkos,Kirkos,3.0,2.0,97.2,False,44500.0,"Apartment with 3 bedrooms in Kirkos, now available. About 97 square metres of living space. Features a private water tank. Comes with a backup generator. Ideal for families or professionals."
"Apartment with 1 bedrooms in Akaky Kaliti, now available. 86 square metres, well laid out. Features a private water tank. Well maintained and secure.",Akaky Kaliti,Akaky Kaliti,1.0,1.0,85.7,False,21500.0,"Apartment with 1 bedrooms in Akaky Kaliti, now available. 86 square metres, well laid out. Features a private water tank. Well maintained and secure."
3-bedroom apartment in Bole available for rent. Floor space of 104 square metres. Furnished and ready to move in. Ideal for families or professionals.,Bole,Bole,3.0,2.0,103.8,False,51000.0,3-bedroom apartment in Bole available for rent. Floor space of 104 square metres. Furnished and ready to move in. Ideal for families or professionals.
4-bedroom apartment in Arada available for rent. About 127 square metres of living space. Furnished and ready to move in. Ideal for families or professionals.,Arada,Arada,4.0,2.0,126.8,False,56500.0,4-bedroom apartment in Arada available for rent. About 127 square metres of living space. Furnished and ready to move in. Ideal for families or professionals.
"5-bedroom apartment in Gulele available for rent. 169 square metres, well laid out. Features a private water tank. Comes with a backup generator. Furnished and ready to move in. Quiet neighbourhood with good access to transport.",Gulele,Gulele,5.0,2.0,169.2,False,64500.0,"5-bedroom apartment in Gulele available for rent. 169 square metres, well laid out. Features a private water tank. Comes with a backup generator. Furnished and ready to move in. Quiet neighbourhood with good access to transport."
"5-bedroom apartment in Bole available for rent. 160 square metres, well laid out. Features a private water tank. Well maintained and secure.",Bole,Bole,5.0,3.0,159.9,False,71000.0,"5-bedroom apartment in Bole available for rent. 160 square metres, well laid out. Features a private water tank. Well maintained and secure."
"Apartment with 1 bedrooms in Bole, now available. About 90 square metres of living space. Well maintained apartment. Quiet neighbourhood with good access to transport.",Bole,Bole,1.0,1.0,90.4,False,34000.0,"Apartment with 1 bedrooms in Bole, now available. About 90 square metres of living space. Well maintained apartment. Quiet neighbourhood with good access to transport."
"2-bedroom unit in Bole for long-term rental. 89 square metres, well laid out. Features a private water tank. Furnished and ready to move in. Close to schools and markets.",Bole,Bole,2.0,1.0,89.0,False,43500.0,"2-bedroom unit in Bole for long-term rental. 89 square metres, well laid out. Features a private water tank. Furnished and ready to move in. Close to schools and markets."
3-bedroom unit in Akaky Kaliti for long-term rental. About 103 square metres of living space. Features a private water tank. Comes with a backup generator. Close to schools and markets.,Akaky Kaliti,Akaky Kaliti,3.0,2.0,103.2,False,33000.0,3-bedroom unit in Akaky Kaliti for long-term rental. About 103 square metres of living space. Features a private water tank. Comes with a backup generator. Close to schools and markets.
"Rent a 1-bedroom home located in Bole. 57 square metres, well laid out. Features a private water tank. Furnished and ready to move in. Ideal for families or professionals.",Bole,Bole,1.0,1.0,56.7,False,28000.0,"Rent a 1-bedroom home located in Bole. 57 square metres, well laid out. Features a private water tank. Furnished and ready to move in. Ideal for families or professionals."
"Apartment with 3 bedrooms in Yeka, now available. 86 square metres, well laid out. Well maintained apartment. Close to schools and markets.",Yeka,Yeka,3.0,1.0,85.8,False,30500.0,"Apartment with 3 bedrooms in Yeka, now available. 86 square metres, well laid out. Well maintained apartment. Close to schools and markets."
"Apartment with 1 bedrooms in Bole, now available. About 61 square metres of living space. Furnished and ready to move in. Well maintained and secure.",Bole,Bole,1.0,1.0,60.7,False,27500.0,"Apartment with 1 bedrooms in Bole, now available. About 61 square metres of living space. Furnished and ready to move in. Well maintained and secure."
Rent a 1-bedroom home located in Bole. About 78 square metres of living space. Furnished and ready to move in. Well maintained and secure.,Bole,Bole,1.0,1.0,77.7,False,34500.0,Rent a 1-bedroom home located in Bole. About 78 square metres of living space. Furnished and ready to move in. Well maintained and secure.
1-bedroom apartment in Nifas Silk available for rent. Floor space of 71 square metres. Well maintained apartment. Well maintained and secure.,Nifas Silk,Nifas Silk,1.0,1.0,71.2,False,20500.0,1-bedroom apartment in Nifas Silk available for rent. Floor space of 71 square metres. Well maintained apartment. Well maintained and secure.
2-bedroom unit in Yeka for long-term rental. Floor space of 86 square metres. Features a private water tank. Comes with a backup generator. Close to schools and markets.,Yeka,Yeka,2.0,1.0,86.2,False,33000.0,2-bedroom unit in Yeka for long-term rental. Floor space of 86 square metres. Features a private water tank. Comes with a backup generator. Close to schools and markets.
4-bedroom unit in Nifas Silk for long-term rental. About 118 square metres of living space. Features a private water tank. Comes with a backup generator. Close to schools and markets.,Nifas Silk,Nifas Silk,4.0,3.0,118.1,False,45000.0,4-bedroom unit in Nifas Silk for long-term rental. About 118 square metres of living space. Features a private water tank. Comes with a backup generator. Close to schools and markets.
Rent a 1-bedroom home located in Nifas Silk. Floor space of 67 square metres. Features a private water tank. Quiet neighbourhood with good access to transport.,Nifas Silk,Nifas Silk,1.0,1.0,66.7,False,21000.0,Rent a 1-bedroom home located in Nifas Silk. Floor space of 67 square metres. Features a private water tank. Quiet neighbourhood with good access to transport.
"Apartment with 5 bedrooms in Lidetta, now available. 164 square metres, well laid out. Well maintained apartment. Close to schools and markets.",Lidetta,Lidetta,5.0,3.0,164.2,False,49000.0,"Apartment with 5 bedrooms in Lidetta, now available. 164 square metres, well laid out. Well maintained apartment. Close to schools and markets."
"2-bedroom unit in Bole for long-term rental. 91 square metres, well laid out. Features a private water tank. Furnished and ready to move in. Well maintained and secure.",Bole,Bole,2.0,1.0,91.2,False,44000.0,"2-bedroom unit in Bole for long-term rental. 91 square metres, well laid out. Features a private water tank. Furnished and ready to move in. Well maintained and secure."
1-bedroom unit in Lidetta for long-term rental. About 66 square metres of living space. Well maintained apartment. Close to schools and markets.,Lidetta,Lidetta,1.0,1.0,66.0,False,17500.0,1-bedroom unit in Lidetta for long-term rental. About 66 square metres of living space. Well maintained apartment. Close to schools and markets.
2-bedroom apartment in Nifas Silk available for rent. Floor space of 76 square metres. Features a private water tank. Close to schools and markets.,Nifas Silk,Nifas Silk,2.0,1.0,76.4,False,25500.0,2-bedroom apartment in Nifas Silk available for rent. Floor space of 76 square metres. Features a private water tank. Close to schools and markets.
"Apartment with 4 bedrooms in Bole, now available. 140 square metres, well laid out. Features a private water tank. Furnished and ready to move in. Well maintained and secure.",Bole,Bole,4.0,3.0,140.4,False,71000.0,"Apartment with 4 bedrooms in Bole, now available. 140 square metres, well laid out. Features a private water tank. Furnished and ready to move in. Well maintained and secure."
"Apartment with 1 bedrooms in Kolfe, now available. About 30 square metres of living space. Comes with a backup generator. Close to schools and markets.",Kolfe,Kolfe,1.0,1.0,30.0,False,12500.0,"Apartment with 1 bedrooms in Kolfe, now available. About 30 square metres of living space. Comes with a backup generator. Close to schools and markets."
"Apartment with 1 bedrooms in Lidetta, now available. 69 square metres, well laid out. Furnished and ready to move in. Ideal for families or professionals.",Lidetta,Lidetta,1.0,1.0,68.6,False,20500.0,"Apartment with 1 bedrooms in Lidetta, now available. 69 square metres, well laid out. Furnished and ready to move in. Ideal for families or professionals."
5-bedroom unit in Yeka for long-term rental. Floor space of 183 square metres. Features a private water tank. Quiet neighbourhood with good access to transport.,Yeka,Yeka,5.0,3.0,182.8,False,65000.0,5-bedroom unit in Yeka for long-term rental. Floor space of 183 square metres. Features a private water tank. Quiet neighbourhood with good access to transport.
"3-bedroom apartment in Akaky Kaliti available for rent. 90 square metres, well laid out. Well maintained apartment. Well maintained and secure.",Akaky Kaliti,Akaky Kaliti,3.0,1.0,89.9,False,25000.0,"3-bedroom apartment in Akaky Kaliti available for rent. 90 square metres, well laid out. Well maintained apartment. Well maintained and secure."
"2-bedroom apartment in Arada available for rent. 83 square metres, well laid out. Features a private water tank. Comes with a backup generator. Close to schools and markets.",Arada,Arada,2.0,1.0,83.1,False,35000.0,"2-bedroom apartment in Arada available for rent. 83 square metres, well laid out. Features a private water tank. Comes with a backup generator. Close to schools and markets."
"Apartment with 4 bedrooms in Nifas Silk, now available. 130 square metres, well laid out. Features a private water tank. Quiet neighbourhood with good access to transport.",Nifas Silk,Nifas Silk,4.0,3.0,129.9,False,45500.0,"Apartment with 4 bedrooms in Nifas Silk, now available. 130 square metres, well laid out. Features a private water tank. Quiet neighbourhood with good access to transport."
Rent a 5-bedroom home located in Addis Ketema. Floor space of 146 square metres. Features a private water tank. Furnished and ready to move in. Ideal for families or professionals.,Addis Ketema,Addis Ketema,5.0,3.0,146.4,False,53500.0,Rent a 5-bedroom home located in Addis Ketema. Floor space of 146 square metres. Features a private water tank. Furnished and ready to move in. Ideal for families or professionals.
2-bedroom apartment in Kirkos available for rent. Floor space of 98 square metres. Furnished and ready to move in. Ideal for families or professionals.,Kirkos,Kirkos,2.0,1.0,98.4,False,42500.0,2-bedroom apartment in Kirkos available for rent. Floor space of 98 square metres. Furnished and ready to move in. Ideal for families or professionals.
3-bedroom apartment in Kolfe available for rent. Floor space of 114 square metres. Features a private water tank. Ideal for families or professionals.,Kolfe,Kolfe,3.0,2.0,113.7,False,35000.0,3-bedroom apartment in Kolfe available for rent. Floor space of 114 square metres. Features a private water tank. Ideal for families or professionals.
1-bedroom unit in Yeka for long-term rental. Floor space of 66 square metres. Features a private water tank. Ideal for families or professionals.,Yeka,Yeka,1.0,1.0,65.8,False,22500.0,1-bedroom unit in Yeka for long-term rental. Floor space of 66 square metres. Features a private water tank. Ideal for families or professionals.
Rent a 2-bedroom home located in Kolfe. Floor space of 96 square metres. Well maintained apartment. Ideal for families or professionals.,Kolfe,Kolfe,2.0,1.0,95.6,False,26000.0,Rent a 2-bedroom home located in Kolfe. Floor space of 96 square metres. Well maintained apartment. Ideal for families or professionals.
3-bedroom unit in Nifas Silk for long-term rental. Floor space of 108 square metres. Features a private water tank. Ideal for families or professionals.,Nifas Silk,Nifas Silk,3.0,2.0,108.2,False,37000.0,3-bedroom unit in Nifas Silk for long-term rental. Floor space of 108 square metres. Features a private water tank. Ideal for families or professionals.
"1-bedroom apartment in Yeka available for rent. 102 square metres, well laid out. Features a private water tank. Comes with a backup generator. Furnished and ready to move in. Ideal for families or professionals.",Yeka,Yeka,1.0,1.0,102.2,False,40000.0,"1-bedroom apartment in Yeka available for rent. 102 square metres, well laid out. Features a private water tank. Comes with a backup generator. Furnished and ready to move in. Ideal for families or professionals."
5-bedroom apartment in Kirkos available for rent. About 154 square metres of living space. Well maintained apartment. Ideal for families or professionals.,Kirkos,Kirkos,5.0,3.0,153.8,False,64000.0,5-bedroom apartment in Kirkos available for rent. About 154 square metres of living space. Well maintained apartment. Ideal for families or professionals.
5-bedroom unit in Yeka for long-term rental. About 154 square metres of living space. Well maintained apartment. Quiet neighbourhood with good access to transport.,Yeka,Yeka,5.0,3.0,154.3,False,55500.0,5-bedroom unit in Yeka for long-term rental. About 154 square metres of living space. Well maintained apartment. Quiet neighbourhood with good access to transport.
"Apartment with 2 bedrooms in Bole, now available. Floor space of 66 square metres. Furnished and ready to move in. Close to schools and markets.",Bole,Bole,2.0,1.0,65.5,False,32000.0,"Apartment with 2 bedrooms in Bole, now available. Floor space of 66 square metres. Furnished and ready to move in. Close to schools and markets."
2-bedroom unit in Bole for long-term rental. Floor space of 80 square metres. Furnished and ready to move in. Ideal for families or professionals.,Bole,Bole,2.0,1.0,79.5,False,37500.0,2-bedroom unit in Bole for long-term rental. Floor space of 80 square metres. Furnished and ready to move in. Ideal for families or professionals.
"Apartment with 1 bedrooms in Kirkos, now available. Floor space of 78 square metres. Features a private water tank. Ideal for families or professionals.",Kirkos,Kirkos,1.0,1.0,77.8,False,30000.0,"Apartment with 1 bedrooms in Kirkos, now available. Floor space of 78 square metres. Features a private water tank. Ideal for families or professionals."
"Rent a 3-bedroom home located in Bole. 92 square metres, well laid out. Well maintained apartment. Well maintained and secure.",Bole,Bole,3.0,2.0,92.0,False,40500.0,"Rent a 3-bedroom home located in Bole. 92 square metres, well laid out. Well maintained apartment. Well maintained and secure."
"Rent a 1-bedroom home located in Bole. 38 square metres, well laid out. Well maintained apartment. Ideal for families or professionals.",Bole,Bole,1.0,1.0,38.1,False,16500.0,"Rent a 1-bedroom home located in Bole. 38 square metres, well laid out. Well maintained apartment. Ideal for families or professionals."
"2-bedroom apartment in Gulele available for rent. 86 square metres, well laid out. Features a private water tank. Close to schools and markets.",Gulele,Gulele,2.0,1.0,86.4,False,27000.0,"2-bedroom apartment in Gulele available for rent. 86 square metres, well laid out. Features a private water tank. Close to schools and markets."
"Rent a 3-bedroom home located in Gulele. 124 square metres, well laid out. Features a private water tank. Ideal for families or professionals.",Gulele,Gulele,3.0,3.0,124.4,False,40000.0,"Rent a 3-bedroom home located in Gulele. 124 square metres, well laid out. Features a private water tank. Ideal for families or professionals."
"Apartment with 4 bedrooms in Gulele, now available. About 130 square metres of living space. Comes with a backup generator. Well maintained and secure.",Gulele,Gulele,4.0,2.0,130.5,False,43000.0,"Apartment with 4 bedrooms in Gulele, now available. About 130 square metres of living space. Comes with a backup generator. Well maintained and secure."
3-bedroom apartment in Yeka available for rent. About 104 square metres of living space. Features a private water tank. Close to schools and markets.,Yeka,Yeka,3.0,2.0,104.0,False,38500.0,3-bedroom apartment in Yeka available for rent. About 104 square metres of living space. Features a private water tank. Close to schools and markets.
2-bedroom apartment in Akaky Kaliti available for rent. Floor space of 64 square metres. Features a private water tank. Close to schools and markets.,Akaky Kaliti,Akaky Kaliti,2.0,1.0,63.7,False,19500.0,2-bedroom apartment in Akaky Kaliti available for rent. Floor space of 64 square metres. Features a private water tank. Close to schools and markets.
4-bedroom unit in Nifas Silk for long-term rental. Floor space of 135 square metres. Comes with a backup generator. Quiet neighbourhood with good access to transport.,Nifas Silk,Nifas Silk,4.0,2.0,135.4,False,46500.0,4-bedroom unit in Nifas Silk for long-term rental. Floor space of 135 square metres. Comes with a backup generator. Quiet neighbourhood with good access to transport.
Rent a 4-bedroom home located in Bole. Floor space of 138 square metres. Well maintained apartment. Ideal for families or professionals.,Bole,Bole,4.0,3.0,137.9,False,59500.0,Rent a 4-bedroom home located in Bole. Floor space of 138 square metres. Well maintained apartment. Ideal for families or professionals.
"Apartment with 4 bedrooms in Bole, now available. 109 square metres, well laid out. Well maintained apartment. Well maintained and secure.",Bole,Bole,4.0,2.0,108.6,False,48000.0,"Apartment with 4 bedrooms in Bole, now available. 109 square metres, well laid out. Well maintained apartment. Well maintained and secure."
"Apartment with 3 bedrooms in Gulele, now available. Floor space of 122 square metres. Well maintained apartment. Quiet neighbourhood with good access to transport.",Gulele,Gulele,3.0,2.0,121.6,False,36500.0,"Apartment with 3 bedrooms in Gulele, now available. Floor space of 122 square metres. Well maintained apartment. Quiet neighbourhood with good access to transport."
"Apartment with 5 bedrooms in Bole, now available. 161 square metres, well laid out. Features a private water tank. Well maintained and secure.",Bole,Bole,5.0,2.0,161.2,False,70000.0,"Apartment with 5 bedrooms in Bole, now available. 161 square metres, well laid out. Features a private water tank. Well maintained and secure."
"2-bedroom unit in Arada for long-term rental. 100 square metres, well laid out. Comes with a backup generator. Ideal for families or professionals.",Arada,Arada,2.0,1.0,99.6,False,38000.0,"2-bedroom unit in Arada for long-term rental. 100 square metres, well laid out. Comes with a backup generator. Ideal for families or professionals."
"Rent a 5-bedroom home located in Addis Ketema. 159 square metres, well laid out. Features a private water tank. Ideal for families or professionals.",Addis Ketema,Addis Ketema,5.0,2.0,159.0,False,48000.0,"Rent a 5-bedroom home located in Addis Ketema. 159 square metres, well laid out. Features a private water tank. Ideal for families or professionals."
"Apartment with 2 bedrooms in Bole, now available. Floor space of 94 square metres. Well maintained apartment. Quiet neighbourhood with good access to transport.",Bole,Bole,2.0,1.0,93.8,False,37500.0,"Apartment with 2 bedrooms in Bole, now available. Floor space of 94 square metres. Well maintained apartment. Quiet neighbourhood with good access to transport."
Rent a 2-bedroom home located in Bole. About 92 square metres of living space. Well maintained apartment. Quiet neighbourhood with good access to transport.,Bole,Bole,2.0,2.0,92.2,False,38000.0,Rent a 2-bedroom home located in Bole. About 92 square metres of living space. Well maintained apartment. Quiet neighbourhood with good access to transport.
"3-bedroom unit in Addis Ketema for long-term rental. 118 square metres, well laid out. Well maintained apartment. Close to schools and markets.",Addis Ketema,Addis Ketema,3.0,2.0,118.4,False,33500.0,"3-bedroom unit in Addis Ketema for long-term rental. 118 square metres, well laid out. Well maintained apartment. Close to schools and markets."
3-bedroom apartment in Nifas Silk available for rent. Floor space of 86 square metres. Features a private water tank. Comes with a backup generator. Quiet neighbourhood with good access to transport.,Nifas Silk,Nifas Silk,3.0,1.0,86.2,False,33000.0,3-bedroom apartment in Nifas Silk available for rent. Floor space of 86 square metres. Features a private water tank. Comes with a backup generator. Quiet neighbourhood with good access to transport.
4-bedroom apartment in Bole available for rent. Floor space of 112 square metres. Comes with a backup generator. Furnished and ready to move in. Close to schools and markets.,Bole,Bole,4.0,3.0,112.0,False,61000.0,4-bedroom apartment in Bole available for rent. Floor space of 112 square metres. Comes with a backup generator. Furnished and ready to move in. Close to schools and markets.
2-bedroom apartment in Akaky Kaliti available for rent. Floor space of 77 square metres. Features a private water tank. Quiet neighbourhood with good access to transport.,Akaky Kaliti,Akaky Kaliti,2.0,1.0,77.2,False,22000.0,2-bedroom apartment in Akaky Kaliti available for rent. Floor space of 77 square metres. Features a private water tank. Quiet neighbourhood with good access to transport.
5-bedroom unit in Lidetta for long-term rental. About 150 square metres of living space. Features a private water tank. Ideal for families or professionals.,Lidetta,Lidetta,5.0,3.0,150.4,False,48000.0,5-bedroom unit in Lidetta for long-term rental. About 150 square metres of living space. Features a private water tank. Ideal for families or professionals.
2-bedroom apartment in Arada available for rent. Floor space of 91 square metres. Comes with a backup generator. Ideal for families or professionals.,Arada,Arada,2.0,1.0,90.7,False,35500.0,2-bedroom apartment in Arada available for rent. Floor space of 91 square metres. Comes with a backup generator. Ideal for families or professionals.
"Apartment with 3 bedrooms in Nifas Silk, now available. 112 square metres, well laid out. Features a private water tank. Close to schools and markets.",Nifas Silk,Nifas Silk,3.0,2.0,111.9,False,37500.0,"Apartment with 3 bedrooms in Nifas Silk, now available. 112 square metres, well laid out. Features a private water tank. Close to schools and markets."
"Rent a 5-bedroom home located in Yeka. 165 square metres, well laid out. Well maintained apartment. Ideal for families or professionals.",Yeka,Yeka,5.0,3.0,165.4,False,58500.0,"Rent a 5-bedroom home located in Yeka. 165 square metres, well laid out. Well maintained apartment. Ideal for families or professionals."
3-bedroom apartment in Bole available for rent. Floor space of 122 square metres. Comes with a backup generator. Well maintained and secure.,Bole,Bole,3.0,2.0,121.8,False,53000.0,3-bedroom apartment in Bole available for rent. Floor space of 122 square metres. Comes with a backup generator. Well maintained and secure.
Rent a 4-bedroom home located in Nifas Silk. Floor space of 120 square metres. Features a private water tank. Ideal for families or professionals.,Nifas Silk,Nifas Silk,4.0,2.0,119.5,False,41500.0,Rent a 4-bedroom home located in Nifas Silk. Floor space of 120 square metres. Features a private water tank. Ideal for families or professionals.
5-bedroom apartment in Yeka available for rent. Floor space of 155 square metres. Features a private water tank. Furnished and ready to move in. Ideal for families or professionals.,Yeka,Yeka,5.0,3.0,154.9,False,66000.0,5-bedroom apartment in Yeka available for rent. Floor space of 155 square metres. Features a private water tank. Furnished and ready to move in. Ideal for families or professionals.
"Rent a 5-bedroom home located in Gulele. 142 square metres, well laid out. Features a private water tank. Comes with a backup generator. Ideal for families or professionals.",Gulele,Gulele,5.0,3.0,141.8,False,51000.0,"Rent a 5-bedroom home located in Gulele. 142 square metres, well laid out. Features a private water tank. Comes with a backup generator. Ideal for families or professionals."
"Apartment with 3 bedrooms in Lidetta, now available. About 106 square metres of living space. Well maintained apartment. Ideal for families or professionals.",Lidetta,Lidetta,3.0,1.0,105.7,False,30000.0,"Apartment with 3 bedrooms in Lidetta, now available. About 106 square metres of living space. Well maintained apartment. Ideal for families or professionals."
"3-bedroom unit in Bole for long-term rental. 112 square metres, well laid out. Well maintained apartment. Close to schools and markets.",Bole,Bole,3.0,2.0,111.9,False,47000.0,"3-bedroom unit in Bole for long-term rental. 112 square metres, well laid out. Well maintained apartment. Close to schools and markets."
"1-bedroom apartment in Nifas Silk available for rent. 30 square metres, well laid out. Features a private water tank. Comes with a backup generator. Ideal for families or professionals.",Nifas Silk,Nifas Silk,1.0,1.0,30.0,False,15000.0,"1-bedroom apartment in Nifas Silk available for rent. 30 square metres, well laid out. Features a private water tank. Comes with a backup generator. Ideal for families or professionals."
3-bedroom apartment in Yeka available for rent. About 137 square metres of living space. Features a private water tank. Close to schools and markets.,Yeka,Yeka,3.0,2.0,136.9,False,47000.0,3-bedroom apartment in Yeka available for rent. About 137 square metres of living space. Features a private water tank. Close to schools and markets.
"Apartment with 5 bedrooms in Lidetta, now available. Floor space of 159 square metres. Features a private water tank. Close to schools and markets.",Lidetta,Lidetta,5.0,3.0,158.8,False,49500.0,"Apartment with 5 bedrooms in Lidetta, now available. Floor space of 159 square metres. Features a private water tank. Close to schools and markets."
3-bedroom apartment in Yeka available for rent. About 101 square metres of living space. Well maintained apartment. Close to schools and markets.,Yeka,Yeka,3.0,2.0,100.9,False,35500.0,3-bedroom apartment in Yeka available for rent. About 101 square metres of living space. Well maintained apartment. Close to schools and markets.
"Apartment with 2 bedrooms in Nifas Silk, now available. 109 square metres, well laid out. Features a private water tank. Well maintained and secure.",Nifas Silk,Nifas Silk,2.0,1.0,109.1,False,33500.0,"Apartment with 2 bedrooms in Nifas Silk, now available. 109 square metres, well laid out. Features a private water tank. Well maintained and secure."
1-bedroom apartment in Arada available for rent. Floor space of 60 square metres. Well maintained apartment. Close to schools and markets.,Arada,Arada,1.0,1.0,59.8,False,21500.0,1-bedroom apartment in Arada available for rent. Floor space of 60 square metres. Well maintained apartment. Close to schools and markets.
2-bedroom apartment in Kirkos available for rent. About 88 square metres of living space. Furnished and ready to move in. Ideal for families or professionals.,Kirkos,Kirkos,2.0,2.0,87.6,False,40000.0,2-bedroom apartment in Kirkos available for rent. About 88 square metres of living space. Furnished and ready to move in. Ideal for families or professionals.
Rent a 2-bedroom home located in Gulele. Floor space of 80 square metres. Features a private water tank. Quiet neighbourhood with good access to transport.,Gulele,Gulele,2.0,2.0,80.2,False,26500.0,Rent a 2-bedroom home located in Gulele. Floor space of 80 square metres. Features a private water tank. Quiet neighbourhood with good access to transport.
5-bedroom unit in Gulele for long-term rental. About 172 square metres of living space. Features a private water tank. Furnished and ready to move in. Quiet neighbourhood with good access to transport.,Gulele,Gulele,5.0,3.0,171.8,False,63500.0,5-bedroom unit in Gulele for long-term rental. About 172 square metres of living space. Features a private water tank. Furnished and ready to move in. Quiet neighbourhood with good access to transport.
3-bedroom unit in Nifas Silk for long-term rental. Floor space of 107 square metres. Features a private water tank. Comes with a backup generator. Well maintained and secure.,Nifas Silk,Nifas Silk,3.0,2.0,106.7,False,39000.0,3-bedroom unit in Nifas Silk for long-term rental. Floor space of 107 square metres. Features a private water tank. Comes with a backup generator. Well maintained and secure.
Rent a 1-bedroom home located in Kolfe. About 66 square metres of living space. Furnished and ready to move in. Well maintained and secure.,Kolfe,Kolfe,1.0,1.0,65.8,False,20000.0,Rent a 1-bedroom home located in Kolfe. About 66 square metres of living space. Furnished and ready to move in. Well maintained and secure.
1-bedroom unit in Addis Ketema for long-term rental. About 78 square metres of living space. Features a private water tank. Comes with a backup generator. Close to schools and markets.,Addis Ketema,Addis Ketema,1.0,1.0,78.4,False,24000.0,1-bedroom unit in Addis Ketema for long-term rental. About 78 square metres of living space. Features a private water tank. Comes with a backup generator. Close to schools and markets.
"5-bedroom apartment in Kirkos available for rent. 159 square metres, well laid out. Features a private water tank. Close to schools and markets.",Kirkos,Kirkos,5.0,2.0,159.0,False,66000.0,"5-bedroom apartment in Kirkos available for rent. 159 square metres, well laid out. Features a private water tank. Close to schools and markets."
5-bedroom unit in Arada for long-term rental. Floor space of 151 square metres. Well maintained apartment. Close to schools and markets.,Arada,Arada,5.0,3.0,151.3,False,60000.0,5-bedroom unit in Arada for long-term rental. Floor space of 151 square metres. Well maintained apartment. Close to schools and markets.
4-bedroom unit in Bole for long-term rental. Floor space of 143 square metres. Comes with a backup generator. Close to schools and markets.,Bole,Bole,4.0,3.0,143.3,False,63500.0,4-bedroom unit in Bole for long-term rental. Floor space of 143 square metres. Comes with a backup generator. Close to schools and markets.
"Rent a 1-bedroom home located in Kolfe. 94 square metres, well laid out. Features a private water tank. Close to schools and markets.",Kolfe,Kolfe,1.0,1.0,94.5,False,25500.0,"Rent a 1-bedroom home located in Kolfe. 94 square metres, well laid out. Features a private water tank. Close to schools and markets."
"Apartment with 1 bedrooms in Arada, now available. About 68 square metres of living space. Furnished and ready to move in. Quiet neighbourhood with good access to transport.",Arada,Arada,1.0,1.0,67.8,False,27500.0,"Apartment with 1 bedrooms in Arada, now available. About 68 square metres of living space. Furnished and ready to move in. Quiet neighbourhood with good access to transport."
1-bedroom apartment in Kirkos available for rent. Floor space of 65 square metres. Features a private water tank. Ideal for families or professionals.,Kirkos,Kirkos,1.0,1.0,65.4,False,26000.0,1-bedroom apartment in Kirkos available for rent. Floor space of 65 square metres. Features a private water tank. Ideal for families or professionals.
4-bedroom unit in Bole for long-term rental. About 132 square metres of living space. Well maintained apartment. Quiet neighbourhood with good access to transport.,Bole,Bole,4.0,3.0,132.0,False,57500.0,4-bedroom unit in Bole for long-term rental. About 132 square metres of living space. Well maintained apartment. Quiet neighbourhood with good access to transport.
"Apartment with 4 bedrooms in Lidetta, now available. About 146 square metres of living space. Well maintained apartment. Close to schools and markets.",Lidetta,Lidetta,4.0,2.0,145.7,False,42000.0,"Apartment with 4 bedrooms in Lidetta, now available. About 146 square metres of living space. Well maintained apartment. Close to schools and markets."
5-bedroom apartment in Kirkos available for rent. Floor space of 145 square metres. Well maintained apartment. Close to schools and markets.,Kirkos,Kirkos,5.0,2.0,144.8,False,59500.0,5-bedroom apartment in Kirkos available for rent. Floor space of 145 square metres. Well maintained apartment. Close to schools and markets.
"Apartment with 1 bedrooms in Gulele, now available. 61 square metres, well laid out. Features a private water tank. Comes with a backup generator. Furnished and ready to move in. Ideal for families or professionals.",Gulele,Gulele,1.0,1.0,60.7,False,24500.0,"Apartment with 1 bedrooms in Gulele, now available. 61 square metres, well laid out. Features a private water tank. Comes with a backup generator. Furnished and ready to move in. Ideal for families or professionals."
"1-bedroom unit in Bole for long-term rental. 46 square metres, well laid out. Features a private water tank. Well maintained and secure.",Bole,Bole,1.0,1.0,45.6,False,20500.0,"1-bedroom unit in Bole for long-term rental. 46 square metres, well laid out. Features a private water tank. Well maintained and secure."
"5-bedroom apartment in Addis Ketema available for rent. 138 square metres, well laid out. Well maintained apartment. Quiet neighbourhood with good access to transport.",Addis Ketema,Addis Ketema,5.0,3.0,137.8,False,43000.0,"5-bedroom apartment in Addis Ketema available for rent. 138 square metres, well laid out. Well maintained apartment. Quiet neighbourhood with good access to transport."
Rent a 5-bedroom home located in Bole. Floor space of 146 square metres. Features a private water tank. Close to schools and markets.,Bole,Bole,5.0,3.0,145.8,False,66000.0,Rent a 5-bedroom home located in Bole. Floor space of 146 square metres. Features a private water tank. Close to schools and markets.
"Apartment with 4 bedrooms in Yeka, now available. Floor space of 129 square metres. Features a private water tank. Furnished and ready to move in. Ideal for families or professionals.",Yeka,Yeka,4.0,3.0,129.3,False,55500.0,"Apartment with 4 bedrooms in Yeka, now available. Floor space of 129 square metres. Features a private water tank. Furnished and ready to move in. Ideal for families or professionals."
1-bedroom unit in Lidetta for long-term rental. Floor space of 85 square metres. Comes with a backup generator. Close to schools and markets.,Lidetta,Lidetta,1.0,1.0,85.2,False,24000.0,1-bedroom unit in Lidetta for long-term rental. Floor space of 85 square metres. Comes with a backup generator. Close to schools and markets.
1-bedroom apartment in Akaky Kaliti available for rent. Floor space of 70 square metres. Features a private water tank. Well maintained and secure.,Akaky Kaliti,Akaky Kaliti,1.0,1.0,70.4,False,18500.0,1-bedroom apartment in Akaky Kaliti available for rent. Floor space of 70 square metres. Features a private water tank. Well maintained and secure.
"Apartment with 1 bedrooms in Yeka, now available. Floor space of 53 square metres. Features a private water tank. Comes with a backup generator. Well maintained and secure.",Yeka,Yeka,1.0,1.0,53.1,False,22000.0,"Apartment with 1 bedrooms in Yeka, now available. Floor space of 53 square metres. Features a private water tank. Comes with a backup generator. Well maintained and secure."
Rent a 4-bedroom home located in Arada. Floor space of 121 square metres. Comes with a backup generator. Furnished and ready to move in. Close to schools and markets.,Arada,Arada,4.0,3.0,121.3,False,59000.0,Rent a 4-bedroom home located in Arada. Floor space of 121 square metres. Comes with a backup generator. Furnished and ready to move in. Close to schools and markets.
"Apartment with 5 bedrooms in Gulele, now available. 168 square metres, well laid out. Features a private water tank. Close to schools and markets.",Gulele,Gulele,5.0,3.0,168.5,False,54500.0,"Apartment with 5 bedrooms in Gulele, now available. 168 square metres, well laid out. Features a private water tank. Close to schools and markets."
4-bedroom apartment in Lidetta available for rent. Floor space of 144 square metres. Furnished and ready to move in. Well maintained and secure.,Lidetta,Lidetta,4.0,2.0,143.5,False,47500.0,4-bedroom apartment in Lidetta available for rent. Floor space of 144 square metres. Furnished and ready to move in. Well maintained and secure.
"Apartment with 2 bedrooms in Kirkos, now available. About 86 square metres of living space. Features a private water tank. Close to schools and markets.",Kirkos,Kirkos,2.0,2.0,86.3,False,36000.0,"Apartment with 2 bedrooms in Kirkos, now available. About 86 square metres of living space. Features a private water tank. Close to schools and markets."
4-bedroom apartment in Arada available for rent. Floor space of 125 square metres. Features a private water tank. Well maintained and secure.,Arada,Arada,4.0,2.0,124.7,False,50500.0,4-bedroom apartment in Arada available for rent. Floor space of 125 square metres. Features a private water tank. Well maintained and secure.
Rent a 1-bedroom home located in Gulele. About 78 square metres of living space. Well maintained apartment. Well maintained and secure.,Gulele,Gulele,1.0,1.0,77.5,False,21000.0,Rent a 1-bedroom home located in Gulele. About 78 square metres of living space. Well maintained apartment. Well maintained and secure.
"Rent a 5-bedroom home located in Gulele. 140 square metres, well laid out. Features a private water tank. Comes with a backup generator. Close to schools and markets.",Gulele,Gulele,5.0,2.0,140.1,False,49500.0,"Rent a 5-bedroom home located in Gulele. 140 square metres, well laid out. Features a private water tank. Comes with a backup generator. Close to schools and markets."
"Rent a 5-bedroom home located in Kolfe. 157 square metres, well laid out. Features a private water tank. Quiet neighbourhood with good access to transport.",Kolfe,Kolfe,5.0,3.0,156.7,False,50000.0,"Rent a 5-bedroom home located in Kolfe. 157 square metres, well laid out. Features a private water tank. Quiet neighbourhood with good access to transport."
4-bedroom unit in Nifas Silk for long-term rental. About 157 square metres of living space. Features a private water tank. Close to schools and markets.,Nifas Silk,Nifas Silk,4.0,2.0,157.3,False,51000.0,4-bedroom unit in Nifas Silk for long-term rental. About 157 square metres of living space. Features a private water tank. Close to schools and markets.
5-bedroom unit in Bole for long-term rental. About 154 square metres of living space. Furnished and ready to move in. Close to schools and markets.,Bole,Bole,5.0,3.0,154.5,False,77000.0,5-bedroom unit in Bole for long-term rental. About 154 square metres of living space. Furnished and ready to move in. Close to schools and markets.
"Apartment with 3 bedrooms in Akaky Kaliti, now available. 99 square metres, well laid out. Comes with a backup generator. Ideal for families or professionals.",Akaky Kaliti,Akaky Kaliti,3.0,2.0,98.7,False,30500.0,"Apartment with 3 bedrooms in Akaky Kaliti, now available. 99 square metres, well laid out. Comes with a backup generator. Ideal for families or professionals."
"3-bedroom apartment in Lidetta available for rent. 113 square metres, well laid out. Furnished and ready to move in. Quiet neighbourhood with good access to transport.",Lidetta,Lidetta,3.0,2.0,112.9,False,37500.0,"3-bedroom apartment in Lidetta available for rent. 113 square metres, well laid out. Furnished and ready to move in. Quiet neighbourhood with good access to transport."
Rent a 2-bedroom home located in Kolfe. About 80 square metres of living space. Well maintained apartment. Quiet neighbourhood with good access to transport.,Kolfe,Kolfe,2.0,1.0,80.4,False,23000.0,Rent a 2-bedroom home located in Kolfe. About 80 square metres of living space. Well maintained apartment. Quiet neighbourhood with good access to transport.
5-bedroom apartment in Bole available for rent. About 135 square metres of living space. Comes with a backup generator. Furnished and ready to move in. Close to schools and markets.,Bole,Bole,5.0,3.0,135.3,False,72500.0,5-bedroom apartment in Bole available for rent. About 135 square metres of living space. Comes with a backup generator. Furnished and ready to move in. Close to schools and markets.
"4-bedroom unit in Yeka for long-term rental. 138 square metres, well laid out. Features a private water tank. Comes with a backup generator. Quiet neighbourhood with good access to transport.",Yeka,Yeka,4.0,2.0,138.4,False,52500.0,"4-bedroom unit in Yeka for long-term rental. 138 square metres, well laid out. Features a private water tank. Comes with a backup generator. Quiet neighbourhood with good access to transport."
1-bedroom unit in Gulele for long-term rental. Floor space of 77 square metres. Features a private water tank. Comes with a backup generator. Close to schools and markets.,Gulele,Gulele,1.0,1.0,77.4,False,25000.0,1-bedroom unit in Gulele for long-term rental. Floor space of 77 square metres. Features a private water tank. Comes with a backup generator. Close to schools and markets.
5-bedroom unit in Bole for long-term rental. About 148 square metres of living space. Comes with a backup generator. Furnished and ready to move in. Well maintained and secure.,Bole,Bole,5.0,3.0,148.3,False,78000.0,5-bedroom unit in Bole for long-term rental. About 148 square metres of living space. Comes with a backup generator. Furnished and ready to move in. Well maintained and secure.
"Apartment with 1 bedrooms in Addis Ketema, now available. Floor space of 60 square metres. Well maintained apartment. Ideal for families or professionals.",Addis Ketema,Addis Ketema,1.0,1.0,59.5,False,15500.0,"Apartment with 1 bedrooms in Addis Ketema, now available. Floor space of 60 square metres. Well maintained apartment. Ideal for families or professionals."
3-bedroom apartment in Kirkos available for rent. About 96 square metres of living space. Furnished and ready to move in. Close to schools and markets.,Kirkos,Kirkos,3.0,1.0,96.5,False,44500.0,3-bedroom apartment in Kirkos available for rent. About 96 square metres of living space. Furnished and ready to move in. Close to schools and markets.
"Apartment with 1 bedrooms in Gulele, now available. Floor space of 62 square metres. Furnished and ready to move in. Well maintained and secure.",Gulele,Gulele,1.0,1.0,62.2,False,20000.0,"Apartment with 1 bedrooms in Gulele, now available. Floor space of 62 square metres. Furnished and ready to move in. Well maintained and secure."
Rent a 4-bedroom home located in Lidetta. About 123 square metres of living space. Features a private water tank. Close to schools and markets.,Lidetta,Lidetta,4.0,2.0,123.3,False,39000.0,Rent a 4-bedroom home located in Lidetta. About 123 square metres of living space. Features a private water tank. Close to schools and markets.
3-bedroom unit in Kirkos for long-term rental. About 96 square metres of living space. Furnished and ready to move in. Close to schools and markets.,Kirkos,Kirkos,3.0,2.0,95.9,False,45500.0,3-bedroom unit in Kirkos for long-term rental. About 96 square metres of living space. Furnished and ready to move in. Close to schools and markets.
"Rent a 3-bedroom home located in Yeka. 131 square metres, well laid out. Furnished and ready to move in. Quiet neighbourhood with good access to transport.",Yeka,Yeka,3.0,2.0,130.7,False,50000.0,"Rent a 3-bedroom home located in Yeka. 131 square metres, well laid out. Furnished and ready to move in. Quiet neighbourhood with good access to transport."
Rent a 4-bedroom home located in Nifas Silk. About 136 square metres of living space. Well maintained apartment. Close to schools and markets.,Nifas Silk,Nifas Silk,4.0,2.0,135.6,False,43500.0,Rent a 4-bedroom home located in Nifas Silk. About 136 square metres of living space. Well maintained apartment. Close to schools and markets.
Rent a 4-bedroom home located in Nifas Silk. About 137 square metres of living space. Well maintained apartment. Well maintained and secure.,Nifas Silk,Nifas Silk,4.0,2.0,136.9,False,44000.0,Rent a 4-bedroom home located in Nifas Silk. About 137 square metres of living space. Well maintained apartment. Well maintained and secure.
2-bedroom unit in Kirkos for long-term rental. Floor space of 97 square metres. Well maintained apartment. Well maintained and secure.,Kirkos,Kirkos,2.0,1.0,96.6,False,36500.0,2-bedroom unit in Kirkos for long-term rental. Floor space of 97 square metres. Well maintained apartment. Well maintained and secure.
"Apartment with 5 bedrooms in Nifas Silk, now available. Floor space of 161 square metres. Well maintained apartment. Close to schools and markets.",Nifas Silk,Nifas Silk,5.0,3.0,161.3,False,53500.0,"Apartment with 5 bedrooms in Nifas Silk, now available. Floor space of 161 square metres. Well maintained apartment. Close to schools and markets."
"3-bedroom apartment in Akaky Kaliti available for rent. 103 square metres, well laid out. Features a private water tank. Comes with a backup generator. Ideal for families or professionals.",Akaky Kaliti,Akaky Kaliti,3.0,2.0,103.0,False,33000.0,"3-bedroom apartment in Akaky Kaliti available for rent. 103 square metres, well laid out. Features a private water tank. Comes with a backup generator. Ideal for families or professionals."
"1-bedroom apartment in Arada available for rent. 67 square metres, well laid out. Comes with a backup generator. Close to schools and markets.",Arada,Arada,1.0,1.0,67.3,False,26000.0,"1-bedroom apartment in Arada available for rent. 67 square metres, well laid out. Comes with a backup generator. Close to schools and markets."
1-bedroom unit in Yeka for long-term rental. About 61 square metres of living space. Features a private water tank. Furnished and ready to move in. Close to schools and markets.,Yeka,Yeka,1.0,1.0,60.8,False,24500.0,1-bedroom unit in Yeka for long-term rental. About 61 square metres of living space. Features a private water tank. Furnished and ready to move in. Close to schools and markets.
"Apartment with 2 bedrooms in Kirkos, now available. 91 square metres, well laid out. Well maintained apartment. Ideal for families or professionals.",Kirkos,Kirkos,2.0,2.0,91.3,False,36000.0,"Apartment with 2 bedrooms in Kirkos, now available. 91 square metres, well laid out. Well maintained apartment. Ideal for families or professionals."
"4-bedroom unit in Kirkos for long-term rental. 134 square metres, well laid out. Features a private water tank. Furnished and ready to move in. Ideal for families or professionals.",Kirkos,Kirkos,4.0,2.0,134.1,False,64500.0,"4-bedroom unit in Kirkos for long-term rental. 134 square metres, well laid out. Features a private water tank. Furnished and ready to move in. Ideal for families or professionals."
"3-bedroom apartment in Bole available for rent. 103 square metres, well laid out. Well maintained apartment. Well maintained and secure.",Bole,Bole,3.0,2.0,103.4,False,44000.0,"3-bedroom apartment in Bole available for rent. 103 square metres, well laid out. Well maintained apartment. Well maintained and secure."
2-bedroom apartment in Bole available for rent. About 70 square metres of living space. Features a private water tank. Close to schools and markets.,Bole,Bole,2.0,2.0,70.0,False,32500.0,2-bedroom apartment in Bole available for rent. About 70 square metres of living space. Features a private water tank. Close to schools and markets.
3-bedroom apartment in Gulele available for rent. About 110 square metres of living space. Well maintained apartment. Well maintained and secure.,Gulele,Gulele,3.0,2.0,109.8,False,33500.0,3-bedroom apartment in Gulele available for rent. About 110 square metres of living space. Well maintained apartment. Well maintained and secure.
5-bedroom unit in Kirkos for long-term rental. Floor space of 150 square metres. Well maintained apartment. Well maintained and secure.,Kirkos,Kirkos,5.0,3.0,149.5,False,62500.0,5-bedroom unit in Kirkos for long-term rental. Floor space of 150 square metres. Well maintained apartment. Well maintained and secure.
"Apartment with 3 bedrooms in Addis Ketema, now available. Floor space of 85 square metres. Well maintained apartment. Well maintained and secure.",Addis Ketema,Addis Ketema,3.0,2.0,85.3,False,26500.0,"Apartment with 3 bedrooms in Addis Ketema, now available. Floor space of 85 square metres. Well maintained apartment. Well maintained and secure."
1-bedroom apartment in Yeka available for rent. Floor space of 70 square metres. Features a private water tank. Comes with a backup generator. Furnished and ready to move in. Quiet neighbourhood with good access to transport.,Yeka,Yeka,1.0,1.0,70.1,False,30500.0,1-bedroom apartment in Yeka available for rent. Floor space of 70 square metres. Features a private water tank. Comes with a backup generator. Furnished and ready to move in. Quiet neighbourhood with good access to transport.
"Apartment with 1 bedrooms in Bole, now available. 76 square metres, well laid out. Features a private water tank. Comes with a backup generator. Close to schools and markets.",Bole,Bole,1.0,1.0,75.6,False,33500.0,"Apartment with 1 bedrooms in Bole, now available. 76 square metres, well laid out. Features a private water tank. Comes with a backup generator. Close to schools and markets."
"3-bedroom apartment in Kolfe available for rent. 138 square metres, well laid out. Comes with a backup generator. Ideal for families or professionals.",Kolfe,Kolfe,3.0,2.0,138.3,False,41500.0,"3-bedroom apartment in Kolfe available for rent. 138 square metres, well laid out. Comes with a backup generator. Ideal for families or professionals."
3-bedroom apartment in Lidetta available for rent. Floor space of 103 square metres. Comes with a backup generator. Furnished and ready to move in. Well maintained and secure.,Lidetta,Lidetta,3.0,2.0,103.3,False,38500.0,3-bedroom apartment in Lidetta available for rent. Floor space of 103 square metres. Comes with a backup generator. Furnished and ready to move in. Well maintained and secure.
"Rent a 5-bedroom home located in Yeka. 146 square metres, well laid out. Features a private water tank. Furnished and ready to move in. Well maintained and secure.",Yeka,Yeka,5.0,3.0,145.5,False,63000.0,"Rent a 5-bedroom home located in Yeka. 146 square metres, well laid out. Features a private water tank. Furnished and ready to move in. Well maintained and secure."
3-bedroom apartment in Yeka available for rent. Floor space of 95 square metres. Well maintained apartment. Ideal for families or professionals.,Yeka,Yeka,3.0,1.0,94.7,False,33000.0,3-bedroom apartment in Yeka available for rent. Floor space of 95 square metres. Well maintained apartment. Ideal for families or professionals.
4-bedroom apartment in Yeka available for rent. About 132 square metres of living space. Comes with a backup generator. Close to schools and markets.,Yeka,Yeka,4.0,3.0,132.5,False,50000.0,4-bedroom apartment in Yeka available for rent. About 132 square metres of living space. Comes with a backup generator. Close to schools and markets.
"Apartment with 3 bedrooms in Arada, now available. About 110 square metres of living space. Well maintained apartment. Ideal for families or professionals.",Arada,Arada,3.0,2.0,110.4,False,42000.0,"Apartment with 3 bedrooms in Arada, now available. About 110 square metres of living space. Well maintained apartment. Ideal for families or professionals."
2-bedroom unit in Arada for long-term rental. Floor space of 76 square metres. Well maintained apartment. Close to schools and markets.,Arada,Arada,2.0,1.0,76.3,False,28500.0,2-bedroom unit in Arada for long-term rental. Floor space of 76 square metres. Well maintained apartment. Close to schools and markets.
"Apartment with 4 bedrooms in Yeka, now available. 128 square metres, well laid out. Furnished and ready to move in. Well maintained and secure.",Yeka,Yeka,4.0,3.0,127.9,False,53000.0,"Apartment with 4 bedrooms in Yeka, now available. 128 square metres, well laid out. Furnished and ready to move in. Well maintained and secure."
Rent a 4-bedroom home located in Bole. About 106 square metres of living space. Comes with a backup generator. Quiet neighbourhood with good access to transport.,Bole,Bole,4.0,3.0,106.3,False,51000.0,Rent a 4-bedroom home located in Bole. About 106 square metres of living space. Comes with a backup generator. Quiet neighbourhood with good access to transport.
"4-bedroom unit in Arada for long-term rental. 141 square metres, well laid out. Comes with a backup generator. Furnished and ready to move in. Well maintained and secure.",Arada,Arada,4.0,3.0,141.1,False,66000.0,"4-bedroom unit in Arada for long-term rental. 141 square metres, well laid out. Comes with a backup generator. Furnished and ready to move in. Well maintained and secure."
Rent a 1-bedroom home located in Addis Ketema. About 55 square metres of living space. Features a private water tank. Well maintained and secure.,Addis Ketema,Addis Ketema,1.0,1.0,54.8,False,16500.0,Rent a 1-bedroom home located in Addis Ketema. About 55 square metres of living space. Features a private water tank. Well maintained and secure.
4-bedroom apartment in Nifas Silk available for rent. Floor space of 130 square metres. Features a private water tank. Comes with a backup generator. Furnished and ready to move in. Ideal for families or professionals.,Nifas Silk,Nifas Silk,4.0,2.0,129.6,False,53500.0,4-bedroom apartment in Nifas Silk available for rent. Floor space of 130 square metres. Features a private water tank. Comes with a backup generator. Furnished and ready to move in. Ideal for families or professionals.
"2-bedroom unit in Arada for long-term rental. 69 square metres, well laid out. Well maintained apartment. Quiet neighbourhood with good access to transport.",Arada,Arada,2.0,1.0,68.9,False,26500.0,"2-bedroom unit in Arada for long-term rental. 69 square metres, well laid out. Well maintained apartment. Quiet neighbourhood with good access to transport."
"Rent a 4-bedroom home located in Bole. 123 square metres, well laid out. Well maintained apartment. Quiet neighbourhood with good access to transport.",Bole,Bole,4.0,2.0,123.0,False,53000.0,"Rent a 4-bedroom home located in Bole. 123 square metres, well laid out. Well maintained apartment. Quiet neighbourhood with good access to transport."
"Apartment with 4 bedrooms in Yeka, now available. About 127 square metres of living space. Features a private water tank. Ideal for families or professionals.",Yeka,Yeka,4.0,2.0,126.6,False,46500.0,"Apartment with 4 bedrooms in Yeka, now available. About 127 square metres of living space. Features a private water tank. Ideal for families or professionals."
4-bedroom apartment in Yeka available for rent. About 130 square metres of living space. Furnished and ready to move in. Ideal for families or professionals.,Yeka,Yeka,4.0,3.0,129.9,False,54000.0,4-bedroom apartment in Yeka available for rent. About 130 square metres of living space. Furnished and ready to move in. Ideal for families or professionals.
"5-bedroom apartment in Kolfe available for rent. 158 square metres, well laid out. Features a private water tank. Comes with a backup generator. Well maintained and secure.",Kolfe,Kolfe,5.0,3.0,157.8,False,53000.0,"5-bedroom apartment in Kolfe available for rent. 158 square metres, well laid out. Features a private water tank. Comes with a backup generator. Well maintained and secure."
Rent a 3-bedroom home located in Lidetta. Floor space of 125 square metres. Features a private water tank. Close to schools and markets.,Lidetta,Lidetta,3.0,2.0,125.3,False,37000.0,Rent a 3-bedroom home located in Lidetta. Floor space of 125 square metres. Features a private water tank. Close to schools and markets.
1-bedroom unit in Akaky Kaliti for long-term rental. About 73 square metres of living space. Comes with a backup generator. Well maintained and secure.,Akaky Kaliti,Akaky Kaliti,1.0,1.0,72.8,False,20000.0,1-bedroom unit in Akaky Kaliti for long-term rental. About 73 square metres of living space. Comes with a backup generator. Well maintained and secure.
"Rent a 4-bedroom home located in Addis Ketema. 142 square metres, well laid out. Features a private water tank. Furnished and ready to move in. Close to schools and markets.",Addis Ketema,Addis Ketema,4.0,2.0,141.5,False,48500.0,"Rent a 4-bedroom home located in Addis Ketema. 142 square metres, well laid out. Features a private water tank. Furnished and ready to move in. Close to schools and markets."
"Apartment with 4 bedrooms in Addis Ketema, now available. 147 square metres, well laid out. Features a private water tank. Comes with a backup generator. Quiet neighbourhood with good access to transport.",Addis Ketema,Addis Ketema,4.0,3.0,147.4,False,47000.0,"Apartment with 4 bedrooms in Addis Ketema, now available. 147 square metres, well laid out. Features a private water tank. Comes with a backup generator. Quiet neighbourhood with good access to transport."
"1-bedroom unit in Addis Ketema for long-term rental. 71 square metres, well laid out. Features a private water tank. Comes with a backup generator. Ideal for families or professionals.",Addis Ketema,Addis Ketema,1.0,1.0,70.8,False,22500.0,"1-bedroom unit in Addis Ketema for long-term rental. 71 square metres, well laid out. Features a private water tank. Comes with a backup generator. Ideal for families or professionals."
1-bedroom apartment in Bole available for rent. Floor space of 64 square metres. Well maintained apartment. Ideal for families or professionals.,Bole,Bole,1.0,1.0,63.6,False,25000.0,1-bedroom apartment in Bole available for rent. Floor space of 64 square metres. Well maintained apartment. Ideal for families or professionals.
"Apartment with 2 bedrooms in Bole, now available. Floor space of 98 square metres. Well maintained apartment. Quiet neighbourhood with good access to transport.",Bole,Bole,2.0,1.0,98.1,False,39000.0,"Apartment with 2 bedrooms in Bole, now available. Floor space of 98 square metres. Well maintained apartment. Quiet neighbourhood with good access to transport."
"Rent a 5-bedroom home located in Yeka. 165 square metres, well laid out. Well maintained apartment. Close to schools and markets.",Yeka,Yeka,5.0,3.0,164.9,False,58500.0,"Rent a 5-bedroom home located in Yeka. 165 square metres, well laid out. Well maintained apartment. Close to schools and markets."
"Rent a 3-bedroom home located in Arada. 116 square metres, well laid out. Well maintained apartment. Quiet neighbourhood with good access to transport.",Arada,Arada,3.0,1.0,115.8,False,42500.0,"Rent a 3-bedroom home located in Arada. 116 square metres, well laid out. Well maintained apartment. Quiet neighbourhood with good access to transport."
"5-bedroom unit in Bole for long-term rental. 134 square metres, well laid out. Furnished and ready to move in. Quiet neighbourhood with good access to transport.",Bole,Bole,5.0,3.0,134.5,False,69500.0,"5-bedroom unit in Bole for long-term rental. 134 square metres, well laid out. Furnished and ready to move in. Quiet neighbourhood with good access to transport."
"Apartment with 5 bedrooms in Lidetta, now available. Floor space of 142 square metres. Well maintained apartment. Close to schools and markets.",Lidetta,Lidetta,5.0,3.0,141.9,False,44500.0,"Apartment with 5 bedrooms in Lidetta, now available. Floor space of 142 square metres. Well maintained apartment. Close to schools and markets."
"3-bedroom apartment in Nifas Silk available for rent. 105 square metres, well laid out. Features a private water tank. Close to schools and markets.",Nifas Silk,Nifas Silk,3.0,1.0,104.7,False,34500.0,"3-bedroom apartment in Nifas Silk available for rent. 105 square metres, well laid out. Features a private water tank. Close to schools and markets."
Rent a 4-bedroom home located in Arada. Floor space of 139 square metres. Comes with a backup generator. Furnished and ready to move in. Well maintained and secure.,Arada,Arada,4.0,2.0,139.4,False,64000.0,Rent a 4-bedroom home located in Arada. Floor space of 139 square metres. Comes with a backup generator. Furnished and ready to move in. Well maintained and secure.
"2-bedroom apartment in Bole available for rent. 86 square metres, well laid out. Features a private water tank. Furnished and ready to move in. Quiet neighbourhood with good access to transport.",Bole,Bole,2.0,1.0,85.7,False,42000.0,"2-bedroom apartment in Bole available for rent. 86 square metres, well laid out. Features a private water tank. Furnished and ready to move in. Quiet neighbourhood with good access to transport."
1-bedroom apartment in Yeka available for rent. Floor space of 78 square metres. Well maintained apartment. Ideal for families or professionals.,Yeka,Yeka,1.0,1.0,77.6,False,24000.0,1-bedroom apartment in Yeka available for rent. Floor space of 78 square metres. Well maintained apartment. Ideal for families or professionals.
"2-bedroom apartment in Bole available for rent. 102 square metres, well laid out. Well maintained apartment. Quiet neighbourhood with good access to transport.",Bole,Bole,2.0,1.0,101.8,False,40000.0,"2-bedroom apartment in Bole available for rent. 102 square metres, well laid out. Well maintained apartment. Quiet neighbourhood with good access to transport."
3-bedroom apartment in Lidetta available for rent. Floor space of 122 square metres. Well maintained apartment. Close to schools and markets.,Lidetta,Lidetta,3.0,1.0,122.4,False,33500.0,3-bedroom apartment in Lidetta available for rent. Floor space of 122 square metres. Well maintained apartment. Close to schools and markets.
1-bedroom apartment in Nifas Silk available for rent. Floor space of 78 square metres. Features a private water tank. Close to schools and markets.,Nifas Silk,Nifas Silk,1.0,1.0,78.5,False,24000.0,1-bedroom apartment in Nifas Silk available for rent. Floor space of 78 square metres. Features a private water tank. Close to schools and markets.
2-bedroom unit in Gulele for long-term rental. About 74 square metres of living space. Well maintained apartment. Well maintained and secure.,Gulele,Gulele,2.0,1.0,73.6,False,22000.0,2-bedroom unit in Gulele for long-term rental. About 74 square metres of living space. Well maintained apartment. Well maintained and secure.
"1-bedroom unit in Yeka for long-term rental. 70 square metres, well laid out. Features a private water tank. Comes with a backup generator. Furnished and ready to move in. Well maintained and secure.",Yeka,Yeka,1.0,1.0,69.8,False,30000.0,"1-bedroom unit in Yeka for long-term rental. 70 square metres, well laid out. Features a private water tank. Comes with a backup generator. Furnished and ready to move in. Well maintained and secure."
4-bedroom unit in Kirkos for long-term rental. Floor space of 123 square metres. Well maintained apartment. Quiet neighbourhood with good access to transport.,Kirkos,Kirkos,4.0,2.0,122.7,False,50500.0,4-bedroom unit in Kirkos for long-term rental. Floor space of 123 square metres. Well maintained apartment. Quiet neighbourhood with good access to transport.
"Apartment with 5 bedrooms in Kirkos, now available. Floor space of 132 square metres. Well maintained apartment. Close to schools and markets.",Kirkos,Kirkos,5.0,3.0,132.2,False,57000.0,"Apartment with 5 bedrooms in Kirkos, now available. Floor space of 132 square metres. Well maintained apartment. Close to schools and markets."
5-bedroom unit in Kolfe for long-term rental. Floor space of 149 square metres. Features a private water tank. Furnished and ready to move in. Close to schools and markets.,Kolfe,Kolfe,5.0,3.0,148.6,False,55500.0,5-bedroom unit in Kolfe for long-term rental. Floor space of 149 square metres. Features a private water tank. Furnished and ready to move in. Close to schools and markets.
"2-bedroom apartment in Kolfe available for rent. 102 square metres, well laid out. Comes with a backup generator. Furnished and ready to move in. Quiet neighbourhood with good access to transport.",Kolfe,Kolfe,2.0,2.0,101.9,False,36000.0,"2-bedroom apartment in Kolfe available for rent. 102 square metres, well laid out. Comes with a backup generator. Furnished and ready to move in. Quiet neighbourhood with good access to transport."
"Apartment with 3 bedrooms in Yeka, now available. 114 square metres, well laid out. Features a private water tank. Well maintained and secure.",Yeka,Yeka,3.0,2.0,113.5,False,41000.0,"Apartment with 3 bedrooms in Yeka, now available. 114 square metres, well laid out. Features a private water tank. Well maintained and secure."
5-bedroom unit in Akaky Kaliti for long-term rental. Floor space of 176 square metres. Features a private water tank. Quiet neighbourhood with good access to transport.,Akaky Kaliti,Akaky Kaliti,5.0,3.0,176.2,False,50000.0,5-bedroom unit in Akaky Kaliti for long-term rental. Floor space of 176 square metres. Features a private water tank. Quiet neighbourhood with good access to transport.
"Apartment with 3 bedrooms in Bole, now available. About 110 square metres of living space. Furnished and ready to move in. Well maintained and secure.",Bole,Bole,3.0,2.0,110.1,False,53500.0,"Apartment with 3 bedrooms in Bole, now available. About 110 square metres of living space. Furnished and ready to move in. Well maintained and secure."
Rent a 2-bedroom home located in Akaky Kaliti. About 115 square metres of living space. Features a private water tank. Well maintained and secure.,Akaky Kaliti,Akaky Kaliti,2.0,1.0,115.4,False,29500.0,Rent a 2-bedroom home located in Akaky Kaliti. About 115 square metres of living space. Features a private water tank. Well maintained and secure.
2-bedroom apartment in Bole available for rent. About 88 square metres of living space. Well maintained apartment. Well maintained and secure.,Bole,Bole,2.0,1.0,88.1,False,35500.0,2-bedroom apartment in Bole available for rent. About 88 square metres of living space. Well maintained apartment. Well maintained and secure.
4-bedroom unit in Yeka for long-term rental. About 130 square metres of living space. Features a private water tank. Comes with a backup generator. Ideal for families or professionals.,Yeka,Yeka,4.0,2.0,130.3,False,50000.0,4-bedroom unit in Yeka for long-term rental. About 130 square metres of living space. Features a private water tank. Comes with a backup generator. Ideal for families or professionals.
Rent a 3-bedroom home located in Lidetta. Floor space of 93 square metres. Comes with a backup generator. Furnished and ready to move in. Quiet neighbourhood with good access to transport.,Lidetta,Lidetta,3.0,1.0,92.6,False,34500.0,Rent a 3-bedroom home located in Lidetta. Floor space of 93 square metres. Comes with a backup generator. Furnished and ready to move in. Quiet neighbourhood with good access to transport.
"Apartment with 5 bedrooms in Bole, now available. 165 square metres, well laid out. Furnished and ready to move in. Quiet neighbourhood with good access to transport.",Bole,Bole,5.0,3.0,165.3,False,81500.0,"Apartment with 5 bedrooms in Bole, now available. 165 square metres, well laid out. Furnished and ready to move in. Quiet neighbourhood with good access to transport."
5-bedroom unit in Kirkos for long-term rental. Floor space of 146 square metres. Well maintained apartment. Well maintained and secure.,Kirkos,Kirkos,5.0,3.0,146.0,False,61500.0,5-bedroom unit in Kirkos for long-term rental. Floor space of 146 square metres. Well maintained apartment. Well maintained and secure.
"Apartment with 1 bedrooms in Kirkos, now available. 56 square metres, well laid out. Well maintained apartment. Well maintained and secure.",Kirkos,Kirkos,1.0,1.0,56.2,False,21500.0,"Apartment with 1 bedrooms in Kirkos, now available. 56 square metres, well laid out. Well maintained apartment. Well maintained and secure."
4-bedroom unit in Yeka for long-term rental. About 145 square metres of living space. Comes with a backup generator. Quiet neighbourhood with good access to transport.,Yeka,Yeka,4.0,2.0,145.4,False,52500.0,4-bedroom unit in Yeka for long-term rental. About 145 square metres of living space. Comes with a backup generator. Quiet neighbourhood with good access to transport.
"Apartment with 2 bedrooms in Gulele, now available. About 100 square metres of living space. Features a private water tank. Comes with a backup generator. Quiet neighbourhood with good access to transport.",Gulele,Gulele,2.0,1.0,99.9,False,32500.0,"Apartment with 2 bedrooms in Gulele, now available. About 100 square metres of living space. Features a private water tank. Comes with a backup generator. Quiet neighbourhood with good access to transport."
3-bedroom apartment in Lidetta available for rent. About 122 square metres of living space. Features a private water tank. Quiet neighbourhood with good access to transport.,Lidetta,Lidetta,3.0,2.0,121.6,False,36500.0,3-bedroom apartment in Lidetta available for rent. About 122 square metres of living space. Features a private water tank. Quiet neighbourhood with good access to transport.
"Apartment with 2 bedrooms in Lidetta, now available. Floor space of 82 square metres. Well maintained apartment. Quiet neighbourhood with good access to transport.",Lidetta,Lidetta,2.0,2.0,81.7,False,24000.0,"Apartment with 2 bedrooms in Lidetta, now available. Floor space of 82 square metres. Well maintained apartment. Quiet neighbourhood with good access to transport."
"Rent a 2-bedroom home located in Kirkos. 85 square metres, well laid out. Well maintained apartment. Close to schools and markets.",Kirkos,Kirkos,2.0,1.0,85.4,False,33000.0,"Rent a 2-bedroom home located in Kirkos. 85 square metres, well laid out. Well maintained apartment. Close to schools and markets."
2-bedroom apartment in Arada available for rent. Floor space of 85 square metres. Furnished and ready to move in. Ideal for families or professionals.,Arada,Arada,2.0,2.0,85.3,False,37000.0,2-bedroom apartment in Arada available for rent. Floor space of 85 square metres. Furnished and ready to move in. Ideal for families or professionals.
Rent a 1-bedroom home located in Yeka. Floor space of 73 square metres. Features a private water tank. Close to schools and markets.,Yeka,Yeka,1.0,1.0,73.4,False,24500.0,Rent a 1-bedroom home located in Yeka. Floor space of 73 square metres. Features a private water tank. Close to schools and markets.
"Apartment with 4 bedrooms in Yeka, now available. 149 square metres, well laid out. Features a private water tank. Close to schools and markets.",Yeka,Yeka,4.0,2.0,148.6,False,52500.0,"Apartment with 4 bedrooms in Yeka, now available. 149 square metres, well laid out. Features a private water tank. Close to schools and markets."
"1-bedroom unit in Bole for long-term rental. 68 square metres, well laid out. Comes with a backup generator. Close to schools and markets.",Bole,Bole,1.0,1.0,68.4,False,29500.0,"1-bedroom unit in Bole for long-term rental. 68 square metres, well laid out. Comes with a backup generator. Close to schools and markets."
"Rent a 2-bedroom home located in Akaky Kaliti. 110 square metres, well laid out. Well maintained apartment. Close to schools and markets.",Akaky Kaliti,Akaky Kaliti,2.0,1.0,109.7,False,26500.0,"Rent a 2-bedroom home located in Akaky Kaliti. 110 square metres, well laid out. Well maintained apartment. Close to schools and markets."
"Apartment with 1 bedrooms in Lidetta, now available. 75 square metres, well laid out. Features a private water tank. Close to schools and markets.",Lidetta,Lidetta,1.0,1.0,74.8,False,21000.0,"Apartment with 1 bedrooms in Lidetta, now available. 75 square metres, well laid out. Features a private water tank. Close to schools and markets."
1-bedroom apartment in Kolfe available for rent. About 61 square metres of living space. Features a private water tank. Close to schools and markets.,Kolfe,Kolfe,1.0,1.0,61.2,False,18500.0,1-bedroom apartment in Kolfe available for rent. About 61 square metres of living space. Features a private water tank. Close to schools and markets.
"Apartment with 2 bedrooms in Arada, now available. 96 square metres, well laid out. Well maintained apartment. Well maintained and secure.",Arada,Arada,2.0,1.0,95.9,False,34500.0,"Apartment with 2 bedrooms in Arada, now available. 96 square metres, well laid out. Well maintained apartment. Well maintained and secure."
"Apartment with 5 bedrooms in Arada, now available. About 172 square metres of living space. Features a private water tank. Furnished and ready to move in. Ideal for families or professionals.",Arada,Arada,5.0,2.0,172.5,False,77000.0,"Apartment with 5 bedrooms in Arada, now available. About 172 square metres of living space. Features a private water tank. Furnished and ready to move in. Ideal for families or professionals."
5-bedroom apartment in Arada available for rent. Floor space of 176 square metres. Comes with a backup generator. Quiet neighbourhood with good access to transport.,Arada,Arada,5.0,2.0,176.0,False,69000.0,5-bedroom apartment in Arada available for rent. Floor space of 176 square metres. Comes with a backup generator. Quiet neighbourhood with good access to transport.
2-bedroom unit in Arada for long-term rental. About 100 square metres of living space. Well maintained apartment. Well maintained and secure.,Arada,Arada,2.0,1.0,100.2,False,35500.0,2-bedroom unit in Arada for long-term rental. About 100 square metres of living space. Well maintained apartment. Well maintained and secure.
3-bedroom apartment in Kirkos available for rent. About 108 square metres of living space. Furnished and ready to move in. Ideal for families or professionals.,Kirkos,Kirkos,3.0,2.0,108.3,False,50000.0,3-bedroom apartment in Kirkos available for rent. About 108 square metres of living space. Furnished and ready to move in. Ideal for families or professionals.
"5-bedroom unit in Bole for long-term rental. 149 square metres, well laid out. Features a private water tank. Furnished and ready to move in. Well maintained and secure.",Bole,Bole,5.0,2.0,149.4,False,76000.0,"5-bedroom unit in Bole for long-term rental. 149 square metres, well laid out. Features a private water tank. Furnished and ready to move in. Well maintained and secure."
"Apartment with 2 bedrooms in Bole, now available. 93 square metres, well laid out. Furnished and ready to move in. Well maintained and secure.",Bole,Bole,2.0,1.0,92.9,False,43000.0,"Apartment with 2 bedrooms in Bole, now available. 93 square metres, well laid out. Furnished and ready to move in. Well maintained and secure."
"Apartment with 5 bedrooms in Addis Ketema, now available. About 172 square metres of living space. Comes with a backup generator. Ideal for families or professionals.",Addis Ketema,Addis Ketema,5.0,3.0,172.1,False,52500.0,"Apartment with 5 bedrooms in Addis Ketema, now available. About 172 square metres of living space. Comes with a backup generator. Ideal for families or professionals."
1-bedroom unit in Arada for long-term rental. Floor space of 69 square metres. Well maintained apartment. Quiet neighbourhood with good access to transport.,Arada,Arada,1.0,1.0,69.2,False,24000.0,1-bedroom unit in Arada for long-term rental. Floor space of 69 square metres. Well maintained apartment. Quiet neighbourhood with good access to transport.
"Apartment with 2 bedrooms in Addis Ketema, now available. About 92 square metres of living space. Features a private water tank. Well maintained and secure.",Addis Ketema,Addis Ketema,2.0,1.0,91.5,False,26000.0,"Apartment with 2 bedrooms in Addis Ketema, now available. About 92 square metres of living space. Features a private water tank. Well maintained and secure."
"Apartment with 2 bedrooms in Bole, now available. 87 square metres, well laid out. Features a private water tank. Close to schools and markets.",Bole,Bole,2.0,1.0,86.6,False,37000.0,"Apartment with 2 bedrooms in Bole, now available. 87 square metres, well laid out. Features a private water tank. Close to schools and markets."
"Apartment with 1 bedrooms in Arada, now available. 60 square metres, well laid out. Furnished and ready to move in. Quiet neighbourhood with good access to transport.",Arada,Arada,1.0,1.0,60.1,False,24500.0,"Apartment with 1 bedrooms in Arada, now available. 60 square metres, well laid out. Furnished and ready to move in. Quiet neighbourhood with good access to transport."
5-bedroom unit in Yeka for long-term rental. Floor space of 150 square metres. Well maintained apartment. Well maintained and secure.,Yeka,Yeka,5.0,2.0,150.1,False,53000.0,5-bedroom unit in Yeka for long-term rental. Floor space of 150 square metres. Well maintained apartment. Well maintained and secure.
5-bedroom apartment in Yeka available for rent. Floor space of 154 square metres. Features a private water tank. Quiet neighbourhood with good access to transport.,Yeka,Yeka,5.0,3.0,153.6,False,57000.0,5-bedroom apartment in Yeka available for rent. Floor space of 154 square metres. Features a private water tank. Quiet neighbourhood with good access to transport.
"Apartment with 2 bedrooms in Bole, now available. About 107 square metres of living space. Well maintained apartment. Quiet neighbourhood with good access to transport.",Bole,Bole,2.0,1.0,106.6,False,42000.0,"Apartment with 2 bedrooms in Bole, now available. About 107 square metres of living space. Well maintained apartment. Quiet neighbourhood with good access to transport."
5-bedroom apartment in Bole available for rent. About 149 square metres of living space. Features a private water tank. Furnished and ready to move in. Close to schools and markets.,Bole,Bole,5.0,3.0,149.1,False,77000.0,5-bedroom apartment in Bole available for rent. About 149 square metres of living space. Features a private water tank. Furnished and ready to move in. Close to schools and markets.
4-bedroom unit in Akaky Kaliti for long-term rental. About 131 square metres of living space. Features a private water tank. Close to schools and markets.,Akaky Kaliti,Akaky Kaliti,4.0,2.0,130.6,False,38000.0,4-bedroom unit in Akaky Kaliti for long-term rental. About 131 square metres of living space. Features a private water tank. Close to schools and markets.
"Apartment with 5 bedrooms in Kirkos, now available. About 142 square metres of living space. Features a private water tank. Close to schools and markets.",Kirkos,Kirkos,5.0,3.0,141.6,False,61500.0,"Apartment with 5 bedrooms in Kirkos, now available. About 142 square metres of living space. Features a private water tank. Close to schools and markets."
5-bedroom apartment in Nifas Silk available for rent. About 161 square metres of living space. Well maintained apartment. Quiet neighbourhood with good access to transport.,Nifas Silk,Nifas Silk,5.0,3.0,160.6,False,53000.0,5-bedroom apartment in Nifas Silk available for rent. About 161 square metres of living space. Well maintained apartment. Quiet neighbourhood with good access to transport.
3-bedroom apartment in Arada available for rent. Floor space of 124 square metres. Well maintained apartment. Quiet neighbourhood with good access to transport.,Arada,Arada,3.0,1.0,124.4,False,45000.0,3-bedroom apartment in Arada available for rent. Floor space of 124 square metres. Well maintained apartment. Quiet neighbourhood with good access to transport.
1-bedroom apartment in Kirkos available for rent. Floor space of 84 square metres. Features a private water tank. Furnished and ready to move in. Well maintained and secure.,Kirkos,Kirkos,1.0,1.0,83.5,False,36500.0,1-bedroom apartment in Kirkos available for rent. Floor space of 84 square metres. Features a private water tank. Furnished and ready to move in. Well maintained and secure.
5-bedroom unit in Arada for long-term rental. About 154 square metres of living space. Comes with a backup generator. Furnished and ready to move in. Well maintained and secure.,Arada,Arada,5.0,3.0,154.4,False,73000.0,5-bedroom unit in Arada for long-term rental. About 154 square metres of living space. Comes with a backup generator. Furnished and ready to move in. Well maintained and secure.
"4-bedroom apartment in Yeka available for rent. 137 square metres, well laid out. Features a private water tank. Ideal for families or professionals.",Yeka,Yeka,4.0,2.0,136.9,False,49500.0,"4-bedroom apartment in Yeka available for rent. 137 square metres, well laid out. Features a private water tank. Ideal for families or professionals."
"5-bedroom unit in Addis Ketema for long-term rental. 150 square metres, well laid out. Features a private water tank. Ideal for families or professionals.",Addis Ketema,Addis Ketema,5.0,2.0,150.2,False,46000.0,"5-bedroom unit in Addis Ketema for long-term rental. 150 square metres, well laid out. Features a private water tank. Ideal for families or professionals."
Rent a 5-bedroom home located in Kolfe. About 158 square metres of living space. Features a private water tank. Comes with a backup generator. Ideal for families or professionals.,Kolfe,Kolfe,5.0,2.0,158.3,False,52000.0,Rent a 5-bedroom home located in Kolfe. About 158 square metres of living space. Features a private water tank. Comes with a backup generator. Ideal for families or professionals.
Rent a 1-bedroom home located in Gulele. Floor space of 68 square metres. Features a private water tank. Comes with a backup generator. Ideal for families or professionals.,Gulele,Gulele,1.0,1.0,67.8,False,23000.0,Rent a 1-bedroom home located in Gulele. Floor space of 68 square metres. Features a private water tank. Comes with a backup generator. Ideal for families or professionals.
3-bedroom unit in Arada for long-term rental. Floor space of 109 square metres. Well maintained apartment. Ideal for families or professionals.,Arada,Arada,3.0,2.0,108.7,False,41500.0,3-bedroom unit in Arada for long-term rental. Floor space of 109 square metres. Well maintained apartment. Ideal for families or professionals.
"Rent a 1-bedroom home located in Bole. 66 square metres, well laid out. Features a private water tank. Quiet neighbourhood with good access to transport.",Bole,Bole,1.0,1.0,65.7,False,27500.0,"Rent a 1-bedroom home located in Bole. 66 square metres, well laid out. Features a private water tank. Quiet neighbourhood with good access to transport."
Rent a 1-bedroom home located in Akaky Kaliti. About 69 square metres of living space. Well maintained apartment. Well maintained and secure.,Akaky Kaliti,Akaky Kaliti,1.0,1.0,69.4,False,16500.0,Rent a 1-bedroom home located in Akaky Kaliti. About 69 square metres of living space. Well maintained apartment. Well maintained and secure.
5-bedroom apartment in Kirkos available for rent. Floor space of 148 square metres. Features a private water tank. Comes with a backup generator. Well maintained and secure.,Kirkos,Kirkos,5.0,3.0,148.5,False,66500.0,5-bedroom apartment in Kirkos available for rent. Floor space of 148 square metres. Features a private water tank. Comes with a backup generator. Well maintained and secure.
5-bedroom unit in Bole for long-term rental. Floor space of 149 square metres. Furnished and ready to move in. Close to schools and markets.,Bole,Bole,5.0,3.0,149.1,False,75000.0,5-bedroom unit in Bole for long-term rental. Floor space of 149 square metres. Furnished and ready to move in. Close to schools and markets.
"Apartment with 5 bedrooms in Kirkos, now available. 172 square metres, well laid out. Comes with a backup generator. Quiet neighbourhood with good access to transport.",Kirkos,Kirkos,5.0,3.0,172.5,False,72500.0,"Apartment with 5 bedrooms in Kirkos, now available. 172 square metres, well laid out. Comes with a backup generator. Quiet neighbourhood with good access to transport."
5-bedroom unit in Kolfe for long-term rental. About 184 square metres of living space. Comes with a backup generator. Quiet neighbourhood with good access to transport.,Kolfe,Kolfe,5.0,3.0,184.5,False,57000.0,5-bedroom unit in Kolfe for long-term rental. About 184 square metres of living space. Comes with a backup generator. Quiet neighbourhood with good access to transport.
4-bedroom apartment in Nifas Silk available for rent. Floor space of 116 square metres. Features a private water tank. Furnished and ready to move in. Well maintained and secure.,Nifas Silk,Nifas Silk,4.0,3.0,115.5,False,48000.0,4-bedroom apartment in Nifas Silk available for rent. Floor space of 116 square metres. Features a private water tank. Furnished and ready to move in. Well maintained and secure.
"3-bedroom apartment in Kolfe available for rent. 93 square metres, well laid out. Features a private water tank. Ideal for families or professionals.",Kolfe,Kolfe,3.0,2.0,92.9,False,31000.0,"3-bedroom apartment in Kolfe available for rent. 93 square metres, well laid out. Features a private water tank. Ideal for families or professionals."
"Apartment with 5 bedrooms in Kolfe, now available. Floor space of 140 square metres. Well maintained apartment. Well maintained and secure.",Kolfe,Kolfe,5.0,3.0,140.5,False,45000.0,"Apartment with 5 bedrooms in Kolfe, now available. Floor space of 140 square metres. Well maintained apartment. Well maintained and secure."
"Apartment with 3 bedrooms in Yeka, now available. 107 square metres, well laid out. Well maintained apartment. Well maintained and secure.",Yeka,Yeka,3.0,2.0,106.8,False,37500.0,"Apartment with 3 bedrooms in Yeka, now available. 107 square metres, well laid out. Well maintained apartment. Well maintained and secure."
"4-bedroom unit in Akaky Kaliti for long-term rental. 141 square metres, well laid out. Features a private water tank. Ideal for families or professionals.",Akaky Kaliti,Akaky Kaliti,4.0,2.0,140.7,False,39500.0,"4-bedroom unit in Akaky Kaliti for long-term rental. 141 square metres, well laid out. Features a private water tank. Ideal for families or professionals."
"Apartment with 2 bedrooms in Kirkos, now available. About 93 square metres of living space. Features a private water tank. Close to schools and markets.",Kirkos,Kirkos,2.0,1.0,93.1,False,37000.0,"Apartment with 2 bedrooms in Kirkos, now available. About 93 square metres of living space. Features a private water tank. Close to schools and markets."
"4-bedroom unit in Nifas Silk for long-term rental. 132 square metres, well laid out. Features a private water tank. Well maintained and secure.",Nifas Silk,Nifas Silk,4.0,2.0,132.1,False,44500.0,"4-bedroom unit in Nifas Silk for long-term rental. 132 square metres, well laid out. Features a private water tank. Well maintained and secure."
"5-bedroom unit in Bole for long-term rental. 158 square metres, well laid out. Furnished and ready to move in. Quiet neighbourhood with good access to transport.",Bole,Bole,5.0,3.0,158.3,False,78500.0,"5-bedroom unit in Bole for long-term rental. 158 square metres, well laid out. Furnished and ready to move in. Quiet neighbourhood with good access to transport."
Rent a 4-bedroom home located in Addis Ketema. Floor space of 122 square metres. Well maintained apartment. Ideal for families or professionals.,Addis Ketema,Addis Ketema,4.0,3.0,121.7,False,37500.0,Rent a 4-bedroom home located in Addis Ketema. Floor space of 122 square metres. Well maintained apartment. Ideal for families or professionals.
"Apartment with 3 bedrooms in Yeka, now available. 105 square metres, well laid out. Furnished and ready to move in. Close to schools and markets.",Yeka,Yeka,3.0,2.0,105.1,False,42500.0,"Apartment with 3 bedrooms in Yeka, now available. 105 square metres, well laid out. Furnished and ready to move in. Close to schools and markets."
1-bedroom unit in Bole for long-term rental. About 64 square metres of living space. Well maintained apartment. Ideal for families or professionals.,Bole,Bole,1.0,1.0,63.8,False,25000.0,1-bedroom unit in Bole for long-term rental. About 64 square metres of living space. Well maintained apartment. Ideal for families or professionals.
Rent a 1-bedroom home located in Arada. Floor space of 45 square metres. Features a private water tank. Ideal for families or professionals.,Arada,Arada,1.0,1.0,45.0,False,18500.0,Rent a 1-bedroom home located in Arada. Floor space of 45 square metres. Features a private water tank. Ideal for families or professionals.
4-bedroom unit in Bole for long-term rental. About 116 square metres of living space. Well maintained apartment. Ideal for families or professionals.,Bole,Bole,4.0,2.0,116.1,False,50500.0,4-bedroom unit in Bole for long-term rental. About 116 square metres of living space. Well maintained apartment. Ideal for families or professionals.
4-bedroom unit in Bole for long-term rental. Floor space of 116 square metres. Furnished and ready to move in. Quiet neighbourhood with good access to transport.,Bole,Bole,4.0,3.0,116.5,False,60000.0,4-bedroom unit in Bole for long-term rental. Floor space of 116 square metres. Furnished and ready to move in. Quiet neighbourhood with good access to transport.
Rent a 4-bedroom home located in Nifas Silk. Floor space of 139 square metres. Features a private water tank. Comes with a backup generator. Well maintained and secure.,Nifas Silk,Nifas Silk,4.0,3.0,139.2,False,50000.0,Rent a 4-bedroom home located in Nifas Silk. Floor space of 139 square metres. Features a private water tank. Comes with a backup generator. Well maintained and secure.
"Apartment with 5 bedrooms in Kirkos, now available. Floor space of 155 square metres. Furnished and ready to move in. Ideal for families or professionals.",Kirkos,Kirkos,5.0,3.0,154.9,False,74000.0,"Apartment with 5 bedrooms in Kirkos, now available. Floor space of 155 square metres. Furnished and ready to move in. Ideal for families or professionals."
"Apartment with 3 bedrooms in Akaky Kaliti, now available. About 115 square metres of living space. Features a private water tank. Quiet neighbourhood with good access to transport.",Akaky Kaliti,Akaky Kaliti,3.0,2.0,115.3,False,32500.0,"Apartment with 3 bedrooms in Akaky Kaliti, now available. About 115 square metres of living space. Features a private water tank. Quiet neighbourhood with good access to transport."
"Apartment with 5 bedrooms in Yeka, now available. 130 square metres, well laid out. Features a private water tank. Well maintained and secure.",Yeka,Yeka,5.0,3.0,129.9,False,51000.0,"Apartment with 5 bedrooms in Yeka, now available. 130 square metres, well laid out. Features a private water tank. Well maintained and secure."
"4-bedroom apartment in Gulele available for rent. 112 square metres, well laid out. Features a private water tank. Furnished and ready to move in. Ideal for families or professionals.",Gulele,Gulele,4.0,2.0,112.2,False,44000.0,"4-bedroom apartment in Gulele available for rent. 112 square metres, well laid out. Features a private water tank. Furnished and ready to move in. Ideal for families or professionals."
"Apartment with 2 bedrooms in Arada, now available. 94 square metres, well laid out. Well maintained apartment. Close to schools and markets.",Arada,Arada,2.0,1.0,94.0,False,34000.0,"Apartment with 2 bedrooms in Arada, now available. 94 square metres, well laid out. Well maintained apartment. Close to schools and markets."
5-bedroom apartment in Nifas Silk available for rent. About 119 square metres of living space. Features a private water tank. Comes with a backup generator. Well maintained and secure.,Nifas Silk,Nifas Silk,5.0,3.0,118.7,False,47500.0,5-bedroom apartment in Nifas Silk available for rent. About 119 square metres of living space. Features a private water tank. Comes with a backup generator. Well maintained and secure.
"1-bedroom unit in Nifas Silk for long-term rental. 79 square metres, well laid out. Features a private water tank. Comes with a backup generator. Well maintained and secure.",Nifas Silk,Nifas Silk,1.0,1.0,78.7,False,26500.0,"1-bedroom unit in Nifas Silk for long-term rental. 79 square metres, well laid out. Features a private water tank. Comes with a backup generator. Well maintained and secure."
"3-bedroom apartment in Arada available for rent. 86 square metres, well laid out. Comes with a backup generator. Furnished and ready to move in. Well maintained and secure.",Arada,Arada,3.0,2.0,86.1,False,43000.0,"3-bedroom apartment in Arada available for rent. 86 square metres, well laid out. Comes with a backup generator. Furnished and ready to move in. Well maintained and secure."
Rent a 5-bedroom home located in Addis Ketema. Floor space of 162 square metres. Features a private water tank. Comes with a backup generator. Quiet neighbourhood with good access to transport.,Addis Ketema,Addis Ketema,5.0,3.0,162.1,False,52000.0,Rent a 5-bedroom home located in Addis Ketema. Floor space of 162 square metres. Features a private water tank. Comes with a backup generator. Quiet neighbourhood with good access to transport.
4-bedroom unit in Kirkos for long-term rental. About 119 square metres of living space. Well maintained apartment. Close to schools and markets.,Kirkos,Kirkos,4.0,2.0,119.3,False,49500.0,4-bedroom unit in Kirkos for long-term rental. About 119 square metres of living space. Well maintained apartment. Close to schools and markets.
"5-bedroom unit in Bole for long-term rental. 165 square metres, well laid out. Well maintained apartment. Close to schools and markets.",Bole,Bole,5.0,3.0,164.6,False,70500.0,"5-bedroom unit in Bole for long-term rental. 165 square metres, well laid out. Well maintained apartment. Close to schools and markets."
1-bedroom unit in Gulele for long-term rental. About 102 square metres of living space. Features a private water tank. Comes with a backup generator. Well maintained and secure.,Gulele,Gulele,1.0,1.0,102.5,False,31000.0,1-bedroom unit in Gulele for long-term rental. About 102 square metres of living space. Features a private water tank. Comes with a backup generator. Well maintained and secure.
"Apartment with 3 bedrooms in Lidetta, now available. 81 square metres, well laid out. Well maintained apartment. Well maintained and secure.",Lidetta,Lidetta,3.0,2.0,80.7,False,26000.0,"Apartment with 3 bedrooms in Lidetta, now available. 81 square metres, well laid out. Well maintained apartment. Well maintained and secure."
"Apartment with 4 bedrooms in Bole, now available. Floor space of 138 square metres. Furnished and ready to move in. Quiet neighbourhood with good access to transport.",Bole,Bole,4.0,3.0,138.3,False,68500.0,"Apartment with 4 bedrooms in Bole, now available. Floor space of 138 square metres. Furnished and ready to move in. Quiet neighbourhood with good access to transport."
Rent a 4-bedroom home located in Kirkos. Floor space of 108 square metres. Well maintained apartment. Close to schools and markets.,Kirkos,Kirkos,4.0,2.0,108.3,False,46000.0,Rent a 4-bedroom home located in Kirkos. Floor space of 108 square metres. Well maintained apartment. Close to schools and markets.
5-bedroom unit in Akaky Kaliti for long-term rental. Floor space of 157 square metres. Features a private water tank. Quiet neighbourhood with good access to transport.,Akaky Kaliti,Akaky Kaliti,5.0,3.0,157.1,False,46000.0,5-bedroom unit in Akaky Kaliti for long-term rental. Floor space of 157 square metres. Features a private water tank. Quiet neighbourhood with good access to transport.
"Apartment with 3 bedrooms in Gulele, now available. Floor space of 106 square metres. Comes with a backup generator. Furnished and ready to move in. Well maintained and secure.",Gulele,Gulele,3.0,2.0,105.5,False,40500.0,"Apartment with 3 bedrooms in Gulele, now available. Floor space of 106 square metres. Comes with a backup generator. Furnished and ready to move in. Well maintained and secure."
"Rent a 4-bedroom home located in Addis Ketema. 132 square metres, well laid out. Well maintained apartment. Quiet neighbourhood with good access to transport.",Addis Ketema,Addis Ketema,4.0,2.0,131.6,False,38000.0,"Rent a 4-bedroom home located in Addis Ketema. 132 square metres, well laid out. Well maintained apartment. Quiet neighbourhood with good access to transport."
3-bedroom apartment in Arada available for rent. About 97 square metres of living space. Well maintained apartment. Close to schools and markets.,Arada,Arada,3.0,1.0,97.1,False,37000.0,3-bedroom apartment in Arada available for rent. About 97 square metres of living space. Well maintained apartment. Close to schools and markets.
5-bedroom apartment in Nifas Silk available for rent. About 161 square metres of living space. Features a private water tank. Ideal for families or professionals.,Nifas Silk,Nifas Silk,5.0,3.0,161.4,False,55000.0,5-bedroom apartment in Nifas Silk available for rent. About 161 square metres of living space. Features a private water tank. Ideal for families or professionals.
1-bedroom unit in Yeka for long-term rental. Floor space of 47 square metres. Features a private water tank. Comes with a backup generator. Close to schools and markets.,Yeka,Yeka,1.0,1.0,46.6,False,20000.0,1-bedroom unit in Yeka for long-term rental. Floor space of 47 square metres. Features a private water tank. Comes with a backup generator. Close to schools and markets.
2-bedroom unit in Akaky Kaliti for long-term rental. Floor space of 101 square metres. Features a private water tank. Ideal for families or professionals.,Akaky Kaliti,Akaky Kaliti,2.0,1.0,100.9,False,26500.0,2-bedroom unit in Akaky Kaliti for long-term rental. Floor space of 101 square metres. Features a private water tank. Ideal for families or professionals.
"Apartment with 1 bedrooms in Kirkos, now available. 59 square metres, well laid out. Features a private water tank. Quiet neighbourhood with good access to transport.",Kirkos,Kirkos,1.0,1.0,59.1,False,24000.0,"Apartment with 1 bedrooms in Kirkos, now available. 59 square metres, well laid out. Features a private water tank. Quiet neighbourhood with good access to transport."
4-bedroom unit in Gulele for long-term rental. Floor space of 113 square metres. Well maintained apartment. Close to schools and markets.,Gulele,Gulele,4.0,3.0,113.2,False,38000.0,4-bedroom unit in Gulele for long-term rental. Floor space of 113 square metres. Well maintained apartment. Close to schools and markets.
"Apartment with 2 bedrooms in Kirkos, now available. 105 square metres, well laid out. Comes with a backup generator. Quiet neighbourhood with good access to transport.",Kirkos,Kirkos,2.0,1.0,105.1,False,42000.0,"Apartment with 2 bedrooms in Kirkos, now available. 105 square metres, well laid out. Comes with a backup generator. Quiet neighbourhood with good access to transport."
2-bedroom apartment in Nifas Silk available for rent. About 85 square metres of living space. Features a private water tank. Comes with a backup generator. Close to schools and markets.,Nifas Silk,Nifas Silk,2.0,1.0,85.2,False,30500.0,2-bedroom apartment in Nifas Silk available for rent. About 85 square metres of living space. Features a private water tank. Comes with a backup generator. Close to schools and markets.
"5-bedroom unit in Gulele for long-term rental. 175 square metres, well laid out. Features a private water tank. Ideal for families or professionals.",Gulele,Gulele,5.0,3.0,174.9,False,56000.0,"5-bedroom unit in Gulele for long-term rental. 175 square metres, well laid out. Features a private water tank. Ideal for families or professionals."
Rent a 2-bedroom home located in Arada. Floor space of 101 square metres. Features a private water tank. Close to schools and markets.,Arada,Arada,2.0,1.0,100.7,False,37500.0,Rent a 2-bedroom home located in Arada. Floor space of 101 square metres. Features a private water tank. Close to schools and markets.
Rent a 1-bedroom home located in Akaky Kaliti. Floor space of 54 square metres. Features a private water tank. Comes with a backup generator. Well maintained and secure.,Akaky Kaliti,Akaky Kaliti,1.0,1.0,54.4,False,18000.0,Rent a 1-bedroom home located in Akaky Kaliti. Floor space of 54 square metres. Features a private water tank. Comes with a backup generator. Well maintained and secure.
Rent a 1-bedroom home located in Kirkos. Floor space of 63 square metres. Well maintained apartment. Well maintained and secure.,Kirkos,Kirkos,1.0,1.0,63.0,False,23500.0,Rent a 1-bedroom home located in Kirkos. Floor space of 63 square metres. Well maintained apartment. Well maintained and secure.
2-bedroom unit in Nifas Silk for long-term rental. About 88 square metres of living space. Features a private water tank. Furnished and ready to move in. Well maintained and secure.,Nifas Silk,Nifas Silk,2.0,1.0,87.5,False,32500.0,2-bedroom unit in Nifas Silk for long-term rental. About 88 square metres of living space. Features a private water tank. Furnished and ready to move in. Well maintained and secure.
5-bedroom apartment in Kirkos available for rent. About 170 square metres of living space. Features a private water tank. Comes with a backup generator. Well maintained and secure.,Kirkos,Kirkos,5.0,3.0,170.3,False,73500.0,5-bedroom apartment in Kirkos available for rent. About 170 square metres of living space. Features a private water tank. Comes with a backup generator. Well maintained and secure.
Rent a 3-bedroom home located in Kirkos. About 113 square metres of living space. Features a private water tank. Comes with a backup generator. Quiet neighbourhood with good access to transport.,Kirkos,Kirkos,3.0,1.0,113.3,False,48500.0,Rent a 3-bedroom home located in Kirkos. About 113 square metres of living space. Features a private water tank. Comes with a backup generator. Quiet neighbourhood with good access to transport.
"5-bedroom unit in Kirkos for long-term rental. 154 square metres, well laid out. Furnished and ready to move in. Close to schools and markets.",Kirkos,Kirkos,5.0,3.0,154.1,False,73500.0,"5-bedroom unit in Kirkos for long-term rental. 154 square metres, well laid out. Furnished and ready to move in. Close to schools and markets."
2-bedroom apartment in Bole available for rent. About 84 square metres of living space. Features a private water tank. Quiet neighbourhood with good access to transport.,Bole,Bole,2.0,1.0,83.6,False,36000.0,2-bedroom apartment in Bole available for rent. About 84 square metres of living space. Features a private water tank. Quiet neighbourhood with good access to transport.
2-bedroom apartment in Bole available for rent. Floor space of 85 square metres. Furnished and ready to move in. Well maintained and secure.,Bole,Bole,2.0,2.0,85.4,False,41000.0,2-bedroom apartment in Bole available for rent. Floor space of 85 square metres. Furnished and ready to move in. Well maintained and secure.
1-bedroom apartment in Gulele available for rent. Floor space of 80 square metres. Features a private water tank. Well maintained and secure.,Gulele,Gulele,1.0,1.0,79.7,False,23000.0,1-bedroom apartment in Gulele available for rent. Floor space of 80 square metres. Features a private water tank. Well maintained and secure.
Rent a 2-bedroom home located in Nifas Silk. Floor space of 86 square metres. Features a private water tank. Comes with a backup generator. Well maintained and secure.,Nifas Silk,Nifas Silk,2.0,1.0,86.0,False,30500.0,Rent a 2-bedroom home located in Nifas Silk. Floor space of 86 square metres. Features a private water tank. Comes with a backup generator. Well maintained and secure.
3-bedroom unit in Gulele for long-term rental. About 103 square metres of living space. Well maintained apartment. Quiet neighbourhood with good access to transport.,Gulele,Gulele,3.0,2.0,103.3,False,32000.0,3-bedroom unit in Gulele for long-term rental. About 103 square metres of living space. Well maintained apartment. Quiet neighbourhood with good access to transport.
5-bedroom unit in Bole for long-term rental. Floor space of 145 square metres. Well maintained apartment. Ideal for families or professionals.,Bole,Bole,5.0,3.0,145.2,False,64000.0,5-bedroom unit in Bole for long-term rental. Floor space of 145 square metres. Well maintained apartment. Ideal for families or professionals.
"Apartment with 2 bedrooms in Kirkos, now available. 79 square metres, well laid out. Furnished and ready to move in. Quiet neighbourhood with good access to transport.",Kirkos,Kirkos,2.0,1.0,79.4,False,35500.0,"Apartment with 2 bedrooms in Kirkos, now available. 79 square metres, well laid out. Furnished and ready to move in. Quiet neighbourhood with good access to transport."
4-bedroom unit in Yeka for long-term rental. Floor space of 113 square metres. Well maintained apartment. Well maintained and secure.,Yeka,Yeka,4.0,3.0,113.2,False,42500.0,4-bedroom unit in Yeka for long-term rental. Floor space of 113 square metres. Well maintained apartment. Well maintained and secure.
4-bedroom unit in Kolfe for long-term rental. About 121 square metres of living space. Features a private water tank. Close to schools and markets.,Kolfe,Kolfe,4.0,3.0,121.0,False,40000.0,4-bedroom unit in Kolfe for long-term rental. About 121 square metres of living space. Features a private water tank. Close to schools and markets.
"Apartment with 2 bedrooms in Lidetta, now available. 104 square metres, well laid out. Features a private water tank. Furnished and ready to move in. Ideal for families or professionals.",Lidetta,Lidetta,2.0,1.0,104.0,False,33500.0,"Apartment with 2 bedrooms in Lidetta, now available. 104 square metres, well laid out. Features a private water tank. Furnished and ready to move in. Ideal for families or professionals."
"Apartment with 5 bedrooms in Yeka, now available. Floor space of 150 square metres. Features a private water tank. Ideal for families or professionals.",Yeka,Yeka,5.0,3.0,149.5,False,56000.0,"Apartment with 5 bedrooms in Yeka, now available. Floor space of 150 square metres. Features a private water tank. Ideal for families or professionals."
"Rent a 3-bedroom home located in Gulele. 116 square metres, well laid out. Features a private water tank. Comes with a backup generator. Furnished and ready to move in. Close to schools and markets.",Gulele,Gulele,3.0,1.0,116.5,False,44000.0,"Rent a 3-bedroom home located in Gulele. 116 square metres, well laid out. Features a private water tank. Comes with a backup generator. Furnished and ready to move in. Close to schools and markets."
"1-bedroom apartment in Bole available for rent. 34 square metres, well laid out. Well maintained apartment. Well maintained and secure.",Bole,Bole,1.0,1.0,34.3,False,15000.0,"1-bedroom apartment in Bole available for rent. 34 square metres, well laid out. Well maintained apartment. Well maintained and secure."
"5-bedroom apartment in Yeka available for rent. 159 square metres, well laid out. Features a private water tank. Furnished and ready to move in. Quiet neighbourhood with good access to transport.",Yeka,Yeka,5.0,3.0,158.8,False,67500.0,"5-bedroom apartment in Yeka available for rent. 159 square metres, well laid out. Features a private water tank. Furnished and ready to move in. Quiet neighbourhood with good access to transport."
5-bedroom unit in Bole for long-term rental. Floor space of 150 square metres. Features a private water tank. Close to schools and markets.,Bole,Bole,5.0,3.0,150.1,False,67500.0,5-bedroom unit in Bole for long-term rental. Floor space of 150 square metres. Features a private water tank. Close to schools and markets.
Rent a 1-bedroom home located in Yeka. About 58 square metres of living space. Features a private water tank. Comes with a backup generator. Furnished and ready to move in. Close to schools and markets.,Yeka,Yeka,1.0,1.0,58.2,False,26500.0,Rent a 1-bedroom home located in Yeka. About 58 square metres of living space. Features a private water tank. Comes with a backup generator. Furnished and ready to move in. Close to schools and markets.
"Apartment with 5 bedrooms in Gulele, now available. About 154 square metres of living space. Furnished and ready to move in. Quiet neighbourhood with good access to transport.",Gulele,Gulele,5.0,3.0,154.2,False,56500.0,"Apartment with 5 bedrooms in Gulele, now available. About 154 square metres of living space. Furnished and ready to move in. Quiet neighbourhood with good access to transport."
"5-bedroom unit in Akaky Kaliti for long-term rental. 146 square metres, well laid out. Features a private water tank. Ideal for families or professionals.",Akaky Kaliti,Akaky Kaliti,5.0,3.0,146.1,False,44000.0,"5-bedroom unit in Akaky Kaliti for long-term rental. 146 square metres, well laid out. Features a private water tank. Ideal for families or professionals."
"Apartment with 5 bedrooms in Yeka, now available. About 126 square metres of living space. Well maintained apartment. Quiet neighbourhood with good access to transport.",Yeka,Yeka,5.0,3.0,126.5,False,48000.0,"Apartment with 5 bedrooms in Yeka, now available. About 126 square metres of living space. Well maintained apartment. Quiet neighbourhood with good access to transport."
"Apartment with 2 bedrooms in Arada, now available. 97 square metres, well laid out. Features a private water tank. Furnished and ready to move in. Close to schools and markets.",Arada,Arada,2.0,1.0,97.1,False,42000.0,"Apartment with 2 bedrooms in Arada, now available. 97 square metres, well laid out. Features a private water tank. Furnished and ready to move in. Close to schools and markets."
Rent a 4-bedroom home located in Gulele. About 133 square metres of living space. Features a private water tank. Comes with a backup generator. Well maintained and secure.,Gulele,Gulele,4.0,2.0,132.9,False,45500.0,Rent a 4-bedroom home located in Gulele. About 133 square metres of living space. Features a private water tank. Comes with a backup generator. Well maintained and secure.
"Apartment with 3 bedrooms in Addis Ketema, now available. 104 square metres, well laid out. Well maintained apartment. Quiet neighbourhood with good access to transport.",Addis Ketema,Addis Ketema,3.0,2.0,104.2,False,30500.0,"Apartment with 3 bedrooms in Addis Ketema, now available. 104 square metres, well laid out. Well maintained apartment. Quiet neighbourhood with good access to transport."
"Apartment with 4 bedrooms in Nifas Silk, now available. Floor space of 118 square metres. Well maintained apartment. Well maintained and secure.",Nifas Silk,Nifas Silk,4.0,3.0,118.4,False,41000.0,"Apartment with 4 bedrooms in Nifas Silk, now available. Floor space of 118 square metres. Well maintained apartment. Well maintained and secure."
4-bedroom apartment in Yeka available for rent. About 112 square metres of living space. Well maintained apartment. Well maintained and secure.,Yeka,Yeka,4.0,2.0,112.4,False,41000.0,4-bedroom apartment in Yeka available for rent. About 112 square metres of living space. Well maintained apartment. Well maintained and secure.
4-bedroom apartment in Nifas Silk available for rent. Floor space of 133 square metres. Features a private water tank. Comes with a backup generator. Quiet neighbourhood with good access to transport.,Nifas Silk,Nifas Silk,4.0,3.0,132.7,False,48500.0,4-bedroom apartment in Nifas Silk available for rent. Floor space of 133 square metres. Features a private water tank. Comes with a backup generator. Quiet neighbourhood with good access to transport.
3-bedroom unit in Kirkos for long-term rental. About 127 square metres of living space. Features a private water tank. Ideal for families or professionals.,Kirkos,Kirkos,3.0,2.0,127.4,False,51500.0,3-bedroom unit in Kirkos for long-term rental. About 127 square metres of living space. Features a private water tank. Ideal for families or professionals.
Rent a 4-bedroom home located in Addis Ketema. Floor space of 132 square metres. Well maintained apartment. Well maintained and secure.,Addis Ketema,Addis Ketema,4.0,2.0,132.4,False,38500.0,Rent a 4-bedroom home located in Addis Ketema. Floor space of 132 square metres. Well maintained apartment. Well maintained and secure.
"Apartment with 3 bedrooms in Kirkos, now available. 91 square metres, well laid out. Comes with a backup generator. Close to schools and markets.",Kirkos,Kirkos,3.0,1.0,91.4,False,39500.0,"Apartment with 3 bedrooms in Kirkos, now available. 91 square metres, well laid out. Comes with a backup generator. Close to schools and markets."
"1-bedroom apartment in Gulele available for rent. 67 square metres, well laid out. Features a private water tank. Well maintained and secure.",Gulele,Gulele,1.0,1.0,66.7,False,20000.0,"1-bedroom apartment in Gulele available for rent. 67 square metres, well laid out. Features a private water tank. Well maintained and secure."
"Rent a 1-bedroom home located in Bole. 63 square metres, well laid out. Furnished and ready to move in. Well maintained and secure.",Bole,Bole,1.0,1.0,63.4,False,28500.0,"Rent a 1-bedroom home located in Bole. 63 square metres, well laid out. Furnished and ready to move in. Well maintained and secure."
5-bedroom apartment in Kirkos available for rent. About 162 square metres of living space. Well maintained apartment. Well maintained and secure.,Kirkos,Kirkos,5.0,3.0,162.4,False,66500.0,5-bedroom apartment in Kirkos available for rent. About 162 square metres of living space. Well maintained apartment. Well maintained and secure.
"Apartment with 5 bedrooms in Lidetta, now available. About 159 square metres of living space. Features a private water tank. Well maintained and secure.",Lidetta,Lidetta,5.0,3.0,159.3,False,50000.0,"Apartment with 5 bedrooms in Lidetta, now available. About 159 square metres of living space. Features a private water tank. Well maintained and secure."
"Apartment with 3 bedrooms in Nifas Silk, now available. 72 square metres, well laid out. Well maintained apartment. Well maintained and secure.",Nifas Silk,Nifas Silk,3.0,2.0,72.2,False,26500.0,"Apartment with 3 bedrooms in Nifas Silk, now available. 72 square metres, well laid out. Well maintained apartment. Well maintained and secure."
1-bedroom unit in Kirkos for long-term rental. About 70 square metres of living space. Well maintained apartment. Close to schools and markets.,Kirkos,Kirkos,1.0,1.0,70.5,False,26000.0,1-bedroom unit in Kirkos for long-term rental. About 70 square metres of living space. Well maintained apartment. Close to schools and markets.
Rent a 4-bedroom home located in Akaky Kaliti. Floor space of 118 square metres. Features a private water tank. Comes with a backup generator. Close to schools and markets.,Akaky Kaliti,Akaky Kaliti,4.0,2.0,118.0,False,38000.0,Rent a 4-bedroom home located in Akaky Kaliti. Floor space of 118 square metres. Features a private water tank. Comes with a backup generator. Close to schools and markets.
1-bedroom unit in Lidetta for long-term rental. About 47 square metres of living space. Comes with a backup generator. Quiet neighbourhood with good access to transport.,Lidetta,Lidetta,1.0,1.0,46.9,False,16000.0,1-bedroom unit in Lidetta for long-term rental. About 47 square metres of living space. Comes with a backup generator. Quiet neighbourhood with good access to transport.
"Apartment with 2 bedrooms in Kirkos, now available. 84 square metres, well laid out. Comes with a backup generator. Well maintained and secure.",Kirkos,Kirkos,2.0,1.0,83.7,False,35000.0,"Apartment with 2 bedrooms in Kirkos, now available. 84 square metres, well laid out. Comes with a backup generator. Well maintained and secure."
2-bedroom apartment in Arada available for rent. About 91 square metres of living space. Furnished and ready to move in. Well maintained and secure.,Arada,Arada,2.0,2.0,90.9,False,39000.0,2-bedroom apartment in Arada available for rent. About 91 square metres of living space. Furnished and ready to move in. Well maintained and secure.
"Apartment with 1 bedrooms in Arada, now available. 44 square metres, well laid out. Furnished and ready to move in. Well maintained and secure.",Arada,Arada,1.0,1.0,44.3,False,19000.0,"Apartment with 1 bedrooms in Arada, now available. 44 square metres, well laid out. Furnished and ready to move in. Well maintained and secure."
Rent a 5-bedroom home located in Nifas Silk. About 160 square metres of living space. Features a private water tank. Comes with a backup generator. Furnished and ready to move in. Close to schools and markets.,Nifas Silk,Nifas Silk,5.0,3.0,160.5,False,66000.0,Rent a 5-bedroom home located in Nifas Silk. About 160 square metres of living space. Features a private water tank. Comes with a backup generator. Furnished and ready to move in. Close to schools and markets.
3-bedroom unit in Kirkos for long-term rental. About 117 square metres of living space. Furnished and ready to move in. Ideal for families or professionals.,Kirkos,Kirkos,3.0,2.0,117.2,False,53500.0,3-bedroom unit in Kirkos for long-term rental. About 117 square metres of living space. Furnished and ready to move in. Ideal for families or professionals.
"Rent a 2-bedroom home located in Yeka. 87 square metres, well laid out. Well maintained apartment. Close to schools and markets.",Yeka,Yeka,2.0,2.0,86.6,False,29500.0,"Rent a 2-bedroom home located in Yeka. 87 square metres, well laid out. Well maintained apartment. Close to schools and markets."
"3-bedroom apartment in Akaky Kaliti available for rent. 98 square metres, well laid out. Comes with a backup generator. Quiet neighbourhood with good access to transport.",Akaky Kaliti,Akaky Kaliti,3.0,2.0,97.6,False,30000.0,"3-bedroom apartment in Akaky Kaliti available for rent. 98 square metres, well laid out. Comes with a backup generator. Quiet neighbourhood with good access to transport."
"1-bedroom unit in Akaky Kaliti for long-term rental. 52 square metres, well laid out. Features a private water tank. Comes with a backup generator. Furnished and ready to move in. Quiet neighbourhood with good access to transport.",Akaky Kaliti,Akaky Kaliti,1.0,1.0,52.2,False,20500.0,"1-bedroom unit in Akaky Kaliti for long-term rental. 52 square metres, well laid out. Features a private water tank. Comes with a backup generator. Furnished and ready to move in. Quiet neighbourhood with good access to transport."
"Apartment with 3 bedrooms in Lidetta, now available. About 120 square metres of living space. Well maintained apartment. Ideal for families or professionals.",Lidetta,Lidetta,3.0,2.0,120.3,False,34500.0,"Apartment with 3 bedrooms in Lidetta, now available. About 120 square metres of living space. Well maintained apartment. Ideal for families or professionals."
"3-bedroom apartment in Addis Ketema available for rent. 90 square metres, well laid out. Comes with a backup generator. Close to schools and markets.",Addis Ketema,Addis Ketema,3.0,2.0,89.9,False,30000.0,"3-bedroom apartment in Addis Ketema available for rent. 90 square metres, well laid out. Comes with a backup generator. Close to schools and markets."
"Apartment with 2 bedrooms in Gulele, now available. 99 square metres, well laid out. Features a private water tank. Furnished and ready to move in. Ideal for families or professionals.",Gulele,Gulele,2.0,1.0,98.8,False,34000.0,"Apartment with 2 bedrooms in Gulele, now available. 99 square metres, well laid out. Features a private water tank. Furnished and ready to move in. Ideal for families or professionals."
"Apartment with 5 bedrooms in Kolfe, now available. 150 square metres, well laid out. Features a private water tank. Comes with a backup generator. Furnished and ready to move in. Ideal for families or professionals.",Kolfe,Kolfe,5.0,3.0,150.0,False,59000.0,"Apartment with 5 bedrooms in Kolfe, now available. 150 square metres, well laid out. Features a private water tank. Comes with a backup generator. Furnished and ready to move in. Ideal for families or professionals."
"Apartment with 2 bedrooms in Kolfe, now available. About 85 square metres of living space. Features a private water tank. Well maintained and secure.",Kolfe,Kolfe,2.0,1.0,84.8,False,25500.0,"Apartment with 2 bedrooms in Kolfe, now available. About 85 square metres of living space. Features a private water tank. Well maintained and secure."
"1-bedroom unit in Arada for long-term rental. 44 square metres, well laid out. Well maintained apartment. Ideal for families or professionals.",Arada,Arada,1.0,1.0,43.5,False,16500.0,"1-bedroom unit in Arada for long-term rental. 44 square metres, well laid out. Well maintained apartment. Ideal for families or professionals."
"Apartment with 3 bedrooms in Arada, now available. Floor space of 106 square metres. Features a private water tank. Close to schools and markets.",Arada,Arada,3.0,1.0,106.2,False,41500.0,"Apartment with 3 bedrooms in Arada, now available. Floor space of 106 square metres. Features a private water tank. Close to schools and markets."
"5-bedroom unit in Yeka for long-term rental. 159 square metres, well laid out. Features a private water tank. Close to schools and markets.",Yeka,Yeka,5.0,2.0,159.4,False,57500.0,"5-bedroom unit in Yeka for long-term rental. 159 square metres, well laid out. Features a private water tank. Close to schools and markets."
Rent a 2-bedroom home located in Nifas Silk. Floor space of 70 square metres. Well maintained apartment. Ideal for families or professionals.,Nifas Silk,Nifas Silk,2.0,1.0,70.0,False,22500.0,Rent a 2-bedroom home located in Nifas Silk. Floor space of 70 square metres. Well maintained apartment. Ideal for families or professionals.
"Rent a 1-bedroom home located in Yeka. 70 square metres, well laid out. Features a private water tank. Close to schools and markets.",Yeka,Yeka,1.0,1.0,70.0,False,24000.0,"Rent a 1-bedroom home located in Yeka. 70 square metres, well laid out. Features a private water tank. Close to schools and markets."
5-bedroom unit in Yeka for long-term rental. Floor space of 153 square metres. Well maintained apartment. Quiet neighbourhood with good access to transport.,Yeka,Yeka,5.0,3.0,153.1,False,55000.0,5-bedroom unit in Yeka for long-term rental. Floor space of 153 square metres. Well maintained apartment. Quiet neighbourhood with good access to transport.
3-bedroom apartment in Nifas Silk available for rent. About 100 square metres of living space. Features a private water tank. Well maintained and secure.,Nifas Silk,Nifas Silk,3.0,2.0,100.3,False,35000.0,3-bedroom apartment in Nifas Silk available for rent. About 100 square metres of living space. Features a private water tank. Well maintained and secure.
Rent a 1-bedroom home located in Kirkos. Floor space of 74 square metres. Well maintained apartment. Close to schools and markets.,Kirkos,Kirkos,1.0,1.0,74.3,False,27000.0,Rent a 1-bedroom home located in Kirkos. Floor space of 74 square metres. Well maintained apartment. Close to schools and markets.
"Rent a 4-bedroom home located in Yeka. 104 square metres, well laid out. Features a private water tank. Well maintained and secure.",Yeka,Yeka,4.0,2.0,103.6,False,40500.0,"Rent a 4-bedroom home located in Yeka. 104 square metres, well laid out. Features a private water tank. Well maintained and secure."
2-bedroom unit in Kolfe for long-term rental. About 90 square metres of living space. Features a private water tank. Comes with a backup generator. Ideal for families or professionals.,Kolfe,Kolfe,2.0,1.0,90.2,False,29500.0,2-bedroom unit in Kolfe for long-term rental. About 90 square metres of living space. Features a private water tank. Comes with a backup generator. Ideal for families or professionals.
"5-bedroom unit in Lidetta for long-term rental. 171 square metres, well laid out. Well maintained apartment. Well maintained and secure.",Lidetta,Lidetta,5.0,3.0,171.4,False,50500.0,"5-bedroom unit in Lidetta for long-term rental. 171 square metres, well laid out. Well maintained apartment. Well maintained and secure."
2-bedroom apartment in Bole available for rent. About 103 square metres of living space. Furnished and ready to move in. Ideal for families or professionals.,Bole,Bole,2.0,1.0,103.3,False,47000.0,2-bedroom apartment in Bole available for rent. About 103 square metres of living space. Furnished and ready to move in. Ideal for families or professionals.
3-bedroom unit in Bole for long-term rental. Floor space of 113 square metres. Comes with a backup generator. Close to schools and markets.,Bole,Bole,3.0,2.0,112.7,False,50000.0,3-bedroom unit in Bole for long-term rental. Floor space of 113 square metres. Comes with a backup generator. Close to schools and markets.
"Apartment with 3 bedrooms in Kirkos, now available. About 104 square metres of living space. Furnished and ready to move in. Well maintained and secure.",Kirkos,Kirkos,3.0,2.0,104.4,False,49000.0,"Apartment with 3 bedrooms in Kirkos, now available. About 104 square metres of living space. Furnished and ready to move in. Well maintained and secure."
Rent a 2-bedroom home located in Kolfe. About 78 square metres of living space. Features a private water tank. Comes with a backup generator. Well maintained and secure.,Kolfe,Kolfe,2.0,1.0,78.4,False,27000.0,Rent a 2-bedroom home located in Kolfe. About 78 square metres of living space. Features a private water tank. Comes with a backup generator. Well maintained and secure.
"3-bedroom apartment in Lidetta available for rent. 104 square metres, well laid out. Well maintained apartment. Close to schools and markets.",Lidetta,Lidetta,3.0,3.0,104.4,False,32000.0,"3-bedroom apartment in Lidetta available for rent. 104 square metres, well laid out. Well maintained apartment. Close to schools and markets."
1-bedroom unit in Bole for long-term rental. About 70 square metres of living space. Features a private water tank. Close to schools and markets.,Bole,Bole,1.0,1.0,70.5,False,29000.0,1-bedroom unit in Bole for long-term rental. About 70 square metres of living space. Features a private water tank. Close to schools and markets.
"Rent a 4-bedroom home located in Kolfe. 120 square metres, well laid out. Features a private water tank. Furnished and ready to move in. Quiet neighbourhood with good access to transport.",Kolfe,Kolfe,4.0,2.0,120.3,False,44500.0,"Rent a 4-bedroom home located in Kolfe. 120 square metres, well laid out. Features a private water tank. Furnished and ready to move in. Quiet neighbourhood with good access to transport."
4-bedroom unit in Bole for long-term rental. About 139 square metres of living space. Well maintained apartment. Well maintained and secure.,Bole,Bole,4.0,2.0,139.1,False,58500.0,4-bedroom unit in Bole for long-term rental. About 139 square metres of living space. Well maintained apartment. Well maintained and secure.
"Rent a 5-bedroom home located in Kirkos. 178 square metres, well laid out. Comes with a backup generator. Furnished and ready to move in. Well maintained and secure.",Kirkos,Kirkos,5.0,3.0,177.6,False,85000.0,"Rent a 5-bedroom home located in Kirkos. 178 square metres, well laid out. Comes with a backup generator. Furnished and ready to move in. Well maintained and secure."
Rent a 2-bedroom home located in Addis Ketema. Floor space of 85 square metres. Features a private water tank. Comes with a backup generator. Quiet neighbourhood with good access to transport.,Addis Ketema,Addis Ketema,2.0,1.0,85.3,False,27500.0,Rent a 2-bedroom home located in Addis Ketema. Floor space of 85 square metres. Features a private water tank. Comes with a backup generator. Quiet neighbourhood with good access to transport.
"Rent a 2-bedroom home located in Yeka. 70 square metres, well laid out. Well maintained apartment. Close to schools and markets.",Yeka,Yeka,2.0,1.0,69.9,False,24000.0,"Rent a 2-bedroom home located in Yeka. 70 square metres, well laid out. Well maintained apartment. Close to schools and markets."
3-bedroom unit in Bole for long-term rental. About 92 square metres of living space. Well maintained apartment. Ideal for families or professionals.,Bole,Bole,3.0,1.0,91.9,False,39000.0,3-bedroom unit in Bole for long-term rental. About 92 square metres of living space. Well maintained apartment. Ideal for families or professionals.
4-bedroom unit in Kirkos for long-term rental. Floor space of 139 square metres. Well maintained apartment. Quiet neighbourhood with good access to transport.,Kirkos,Kirkos,4.0,2.0,139.3,False,56000.0,4-bedroom unit in Kirkos for long-term rental. Floor space of 139 square metres. Well maintained apartment. Quiet neighbourhood with good access to transport.
"Rent a 5-bedroom home located in Nifas Silk. 151 square metres, well laid out. Features a private water tank. Close to schools and markets.",Nifas Silk,Nifas Silk,5.0,3.0,151.3,False,52500.0,"Rent a 5-bedroom home located in Nifas Silk. 151 square metres, well laid out. Features a private water tank. Close to schools and markets."
"1-bedroom apartment in Akaky Kaliti available for rent. 74 square metres, well laid out. Well maintained apartment. Well maintained and secure.",Akaky Kaliti,Akaky Kaliti,1.0,1.0,74.5,False,17500.0,"1-bedroom apartment in Akaky Kaliti available for rent. 74 square metres, well laid out. Well maintained apartment. Well maintained and secure."
2-bedroom unit in Addis Ketema for long-term rental. Floor space of 80 square metres. Features a private water tank. Furnished and ready to move in. Well maintained and secure.,Addis Ketema,Addis Ketema,2.0,1.0,79.6,False,27500.0,2-bedroom unit in Addis Ketema for long-term rental. Floor space of 80 square metres. Features a private water tank. Furnished and ready to move in. Well maintained and secure.
"Apartment with 2 bedrooms in Bole, now available. 96 square metres, well laid out. Features a private water tank. Furnished and ready to move in. Close to schools and markets.",Bole,Bole,2.0,1.0,96.0,False,46000.0,"Apartment with 2 bedrooms in Bole, now available. 96 square metres, well laid out. Features a private water tank. Furnished and ready to move in. Close to schools and markets."
"Apartment with 2 bedrooms in Bole, now available. About 84 square metres of living space. Furnished and ready to move in. Quiet neighbourhood with good access to transport.",Bole,Bole,2.0,1.0,84.1,False,39500.0,"Apartment with 2 bedrooms in Bole, now available. About 84 square metres of living space. Furnished and ready to move in. Quiet neighbourhood with good access to transport."
Rent a 3-bedroom home located in Kolfe. Floor space of 99 square metres. Features a private water tank. Comes with a backup generator. Close to schools and markets.,Kolfe,Kolfe,3.0,2.0,99.2,False,34500.0,Rent a 3-bedroom home located in Kolfe. Floor space of 99 square metres. Features a private water tank. Comes with a backup generator. Close to schools and markets.
"5-bedroom apartment in Yeka available for rent. 147 square metres, well laid out. Comes with a backup generator. Quiet neighbourhood with good access to transport.",Yeka,Yeka,5.0,3.0,147.2,False,56000.0,"5-bedroom apartment in Yeka available for rent. 147 square metres, well laid out. Comes with a backup generator. Quiet neighbourhood with good access to transport."
Rent a 1-bedroom home located in Lidetta. Floor space of 50 square metres. Well maintained apartment. Well maintained and secure.,Lidetta,Lidetta,1.0,1.0,49.6,False,14000.0,Rent a 1-bedroom home located in Lidetta. Floor space of 50 square metres. Well maintained apartment. Well maintained and secure.
"5-bedroom apartment in Gulele available for rent. 176 square metres, well laid out. Features a private water tank. Quiet neighbourhood with good access to transport.",Gulele,Gulele,5.0,3.0,175.9,False,56000.0,"5-bedroom apartment in Gulele available for rent. 176 square metres, well laid out. Features a private water tank. Quiet neighbourhood with good access to transport."
4-bedroom unit in Bole for long-term rental. Floor space of 129 square metres. Features a private water tank. Close to schools and markets.,Bole,Bole,4.0,3.0,128.8,False,58000.0,4-bedroom unit in Bole for long-term rental. Floor space of 129 square metres. Features a private water tank. Close to schools and markets.
"4-bedroom unit in Lidetta for long-term rental. 138 square metres, well laid out. Furnished and ready to move in. Ideal for families or professionals.",Lidetta,Lidetta,4.0,3.0,137.7,False,47500.0,"4-bedroom unit in Lidetta for long-term rental. 138 square metres, well laid out. Furnished and ready to move in. Ideal for families or professionals."
Rent a 4-bedroom home located in Bole. Floor space of 124 square metres. Furnished and ready to move in. Well maintained and secure.,Bole,Bole,4.0,3.0,123.6,False,62500.0,Rent a 4-bedroom home located in Bole. Floor space of 124 square metres. Furnished and ready to move in. Well maintained and secure.
1-bedroom unit in Kirkos for long-term rental. Floor space of 51 square metres. Well maintained apartment. Ideal for families or professionals.,Kirkos,Kirkos,1.0,1.0,51.4,False,20000.0,1-bedroom unit in Kirkos for long-term rental. Floor space of 51 square metres. Well maintained apartment. Ideal for families or professionals.
4-bedroom apartment in Arada available for rent. About 127 square metres of living space. Features a private water tank. Close to schools and markets.,Arada,Arada,4.0,3.0,127.2,False,52500.0,4-bedroom apartment in Arada available for rent. About 127 square metres of living space. Features a private water tank. Close to schools and markets.
2-bedroom unit in Arada for long-term rental. Floor space of 99 square metres. Well maintained apartment. Ideal for families or professionals.,Arada,Arada,2.0,1.0,99.2,False,35500.0,2-bedroom unit in Arada for long-term rental. Floor space of 99 square metres. Well maintained apartment. Ideal for families or professionals.
3-bedroom apartment in Gulele available for rent. About 102 square metres of living space. Features a private water tank. Comes with a backup generator. Well maintained and secure.,Gulele,Gulele,3.0,2.0,101.8,False,36500.0,3-bedroom apartment in Gulele available for rent. About 102 square metres of living space. Features a private water tank. Comes with a backup generator. Well maintained and secure.
"Apartment with 4 bedrooms in Nifas Silk, now available. About 120 square metres of living space. Well maintained apartment. Quiet neighbourhood with good access to transport.",Nifas Silk,Nifas Silk,4.0,3.0,119.6,False,41000.0,"Apartment with 4 bedrooms in Nifas Silk, now available. About 120 square metres of living space. Well maintained apartment. Quiet neighbourhood with good access to transport."
"4-bedroom apartment in Addis Ketema available for rent. 132 square metres, well laid out. Features a private water tank. Well maintained and secure.",Addis Ketema,Addis Ketema,4.0,2.0,131.9,False,40000.0,"4-bedroom apartment in Addis Ketema available for rent. 132 square metres, well laid out. Features a private water tank. Well maintained and secure."
"Rent a 2-bedroom home located in Addis Ketema. 92 square metres, well laid out. Features a private water tank. Comes with a backup generator. Close to schools and markets.",Addis Ketema,Addis Ketema,2.0,1.0,92.0,False,29000.0,"Rent a 2-bedroom home located in Addis Ketema. 92 square metres, well laid out. Features a private water tank. Comes with a backup generator. Close to schools and markets."
"Apartment with 2 bedrooms in Arada, now available. About 106 square metres of living space. Comes with a backup generator. Furnished and ready to move in. Quiet neighbourhood with good access to transport.",Arada,Arada,2.0,1.0,105.7,False,46000.0,"Apartment with 2 bedrooms in Arada, now available. About 106 square metres of living space. Comes with a backup generator. Furnished and ready to move in. Quiet neighbourhood with good access to transport."
3-bedroom unit in Bole for long-term rental. Floor space of 112 square metres. Well maintained apartment. Ideal for families or professionals.,Bole,Bole,3.0,2.0,112.2,False,47000.0,3-bedroom unit in Bole for long-term rental. Floor space of 112 square metres. Well maintained apartment. Ideal for families or professionals.
"1-bedroom apartment in Gulele available for rent. 72 square metres, well laid out. Features a private water tank. Close to schools and markets.",Gulele,Gulele,1.0,1.0,71.7,False,21500.0,"1-bedroom apartment in Gulele available for rent. 72 square metres, well laid out. Features a private water tank. Close to schools and markets."
Rent a 4-bedroom home located in Addis Ketema. About 139 square metres of living space. Well maintained apartment. Well maintained and secure.,Addis Ketema,Addis Ketema,4.0,2.0,138.6,False,39500.0,Rent a 4-bedroom home located in Addis Ketema. About 139 square metres of living space. Well maintained apartment. Well maintained and secure.
1-bedroom unit in Yeka for long-term rental. Floor space of 50 square metres. Features a private water tank. Quiet neighbourhood with good access to transport.,Yeka,Yeka,1.0,1.0,50.2,False,18500.0,1-bedroom unit in Yeka for long-term rental. Floor space of 50 square metres. Features a private water tank. Quiet neighbourhood with good access to transport.
3-bedroom apartment in Arada available for rent. About 96 square metres of living space. Features a private water tank. Comes with a backup generator. Ideal for families or professionals.,Arada,Arada,3.0,1.0,96.4,False,41000.0,3-bedroom apartment in Arada available for rent. About 96 square metres of living space. Features a private water tank. Comes with a backup generator. Ideal for families or professionals.
Rent a 4-bedroom home located in Kirkos. Floor space of 117 square metres. Features a private water tank. Close to schools and markets.,Kirkos,Kirkos,4.0,2.0,117.0,False,50500.0,Rent a 4-bedroom home located in Kirkos. Floor space of 117 square metres. Features a private water tank. Close to schools and markets.
"1-bedroom apartment in Bole available for rent. 48 square metres, well laid out. Comes with a backup generator. Ideal for families or professionals.",Bole,Bole,1.0,1.0,48.0,False,22500.0,"1-bedroom apartment in Bole available for rent. 48 square metres, well laid out. Comes with a backup generator. Ideal for families or professionals."
"Apartment with 5 bedrooms in Gulele, now available. About 162 square metres of living space. Features a private water tank. Ideal for families or professionals.",Gulele,Gulele,5.0,3.0,161.5,False,52500.0,"Apartment with 5 bedrooms in Gulele, now available. About 162 square metres of living space. Features a private water tank. Ideal for families or professionals."
2-bedroom unit in Kirkos for long-term rental. About 90 square metres of living space. Furnished and ready to move in. Ideal for families or professionals.,Kirkos,Kirkos,2.0,2.0,89.5,False,41000.0,2-bedroom unit in Kirkos for long-term rental. About 90 square metres of living space. Furnished and ready to move in. Ideal for families or professionals.
"Apartment with 1 bedrooms in Kolfe, now available. Floor space of 65 square metres. Features a private water tank. Furnished and ready to move in. Ideal for families or professionals.",Kolfe,Kolfe,1.0,1.0,65.0,False,22000.0,"Apartment with 1 bedrooms in Kolfe, now available. Floor space of 65 square metres. Features a private water tank. Furnished and ready to move in. Ideal for families or professionals."
"Rent a 4-bedroom home located in Lidetta. 99 square metres, well laid out. Well maintained apartment. Quiet neighbourhood with good access to transport.",Lidetta,Lidetta,4.0,2.0,98.9,False,32000.0,"Rent a 4-bedroom home located in Lidetta. 99 square metres, well laid out. Well maintained apartment. Quiet neighbourhood with good access to transport."
Rent a 3-bedroom home located in Kolfe. Floor space of 133 square metres. Comes with a backup generator. Furnished and ready to move in. Close to schools and markets.,Kolfe,Kolfe,3.0,1.0,132.7,False,45000.0,Rent a 3-bedroom home located in Kolfe. Floor space of 133 square metres. Comes with a backup generator. Furnished and ready to move in. Close to schools and markets.
"4-bedroom unit in Kirkos for long-term rental. 119 square metres, well laid out. Furnished and ready to move in. Quiet neighbourhood with good access to transport.",Kirkos,Kirkos,4.0,2.0,119.3,False,57000.0,"4-bedroom unit in Kirkos for long-term rental. 119 square metres, well laid out. Furnished and ready to move in. Quiet neighbourhood with good access to transport."
4-bedroom apartment in Kirkos available for rent. Floor space of 155 square metres. Features a private water tank. Ideal for families or professionals.,Kirkos,Kirkos,4.0,2.0,154.6,False,62500.0,4-bedroom apartment in Kirkos available for rent. Floor space of 155 square metres. Features a private water tank. Ideal for families or professionals.
"3-bedroom apartment in Gulele available for rent. 91 square metres, well laid out. Well maintained apartment. Close to schools and markets.",Gulele,Gulele,3.0,2.0,90.6,False,29500.0,"3-bedroom apartment in Gulele available for rent. 91 square metres, well laid out. Well maintained apartment. Close to schools and markets."
"Rent a 5-bedroom home located in Kolfe. 142 square metres, well laid out. Features a private water tank. Furnished and ready to move in. Well maintained and secure.",Kolfe,Kolfe,5.0,3.0,142.3,False,54000.0,"Rent a 5-bedroom home located in Kolfe. 142 square metres, well laid out. Features a private water tank. Furnished and ready to move in. Well maintained and secure."
"Apartment with 2 bedrooms in Arada, now available. 60 square metres, well laid out. Well maintained apartment. Quiet neighbourhood with good access to transport.",Arada,Arada,2.0,2.0,59.6,False,24500.0,"Apartment with 2 bedrooms in Arada, now available. 60 square metres, well laid out. Well maintained apartment. Quiet neighbourhood with good access to transport."
3-bedroom apartment in Akaky Kaliti available for rent. Floor space of 112 square metres. Features a private water tank. Close to schools and markets.,Akaky Kaliti,Akaky Kaliti,3.0,2.0,112.3,False,32000.0,3-bedroom apartment in Akaky Kaliti available for rent. Floor space of 112 square metres. Features a private water tank. Close to schools and markets.
"Apartment with 1 bedrooms in Bole, now available. Floor space of 51 square metres. Well maintained apartment. Quiet neighbourhood with good access to transport.",Bole,Bole,1.0,1.0,50.8,False,20500.0,"Apartment with 1 bedrooms in Bole, now available. Floor space of 51 square metres. Well maintained apartment. Quiet neighbourhood with good access to transport."
"Apartment with 4 bedrooms in Lidetta, now available. About 117 square metres of living space. Features a private water tank. Ideal for families or professionals.",Lidetta,Lidetta,4.0,3.0,117.1,False,39000.0,"Apartment with 4 bedrooms in Lidetta, now available. About 117 square metres of living space. Features a private water tank. Ideal for families or professionals."
2-bedroom unit in Bole for long-term rental. Floor space of 70 square metres. Comes with a backup generator. Quiet neighbourhood with good access to transport.,Bole,Bole,2.0,1.0,69.5,False,32000.0,2-bedroom unit in Bole for long-term rental. Floor space of 70 square metres. Comes with a backup generator. Quiet neighbourhood with good access to transport.
4-bedroom apartment in Bole available for rent. Floor space of 139 square metres. Furnished and ready to move in. Quiet neighbourhood with good access to transport.,Bole,Bole,4.0,2.0,139.3,False,67500.0,4-bedroom apartment in Bole available for rent. Floor space of 139 square metres. Furnished and ready to move in. Quiet neighbourhood with good access to transport.
Rent a 5-bedroom home located in Arada. Floor space of 160 square metres. Well maintained apartment. Close to schools and markets.,Arada,Arada,5.0,2.0,160.5,False,61500.0,Rent a 5-bedroom home located in Arada. Floor space of 160 square metres. Well maintained apartment. Close to schools and markets.
Rent a 5-bedroom home located in Bole. About 174 square metres of living space. Furnished and ready to move in. Well maintained and secure.,Bole,Bole,5.0,3.0,173.7,False,84500.0,Rent a 5-bedroom home located in Bole. About 174 square metres of living space. Furnished and ready to move in. Well maintained and secure.
"Apartment with 5 bedrooms in Bole, now available. About 144 square metres of living space. Well maintained apartment. Quiet neighbourhood with good access to transport.",Bole,Bole,5.0,3.0,143.8,False,63500.0,"Apartment with 5 bedrooms in Bole, now available. About 144 square metres of living space. Well maintained apartment. Quiet neighbourhood with good access to transport."
"1-bedroom apartment in Bole available for rent. 67 square metres, well laid out. Features a private water tank. Furnished and ready to move in. Quiet neighbourhood with good access to transport.",Bole,Bole,1.0,2.0,66.6,False,33500.0,"1-bedroom apartment in Bole available for rent. 67 square metres, well laid out. Features a private water tank. Furnished and ready to move in. Quiet neighbourhood with good access to transport."
1-bedroom unit in Kirkos for long-term rental. Floor space of 48 square metres. Furnished and ready to move in. Close to schools and markets.,Kirkos,Kirkos,1.0,1.0,48.5,False,22000.0,1-bedroom unit in Kirkos for long-term rental. Floor space of 48 square metres. Furnished and ready to move in. Close to schools and markets.
5-bedroom apartment in Kolfe available for rent. Floor space of 148 square metres. Features a private water tank. Comes with a backup generator. Furnished and ready to move in. Quiet neighbourhood with good access to transport.,Kolfe,Kolfe,5.0,3.0,148.0,False,58500.0,5-bedroom apartment in Kolfe available for rent. Floor space of 148 square metres. Features a private water tank. Comes with a backup generator. Furnished and ready to move in. Quiet neighbourhood with good access to transport.
2-bedroom unit in Bole for long-term rental. Floor space of 80 square metres. Well maintained apartment. Quiet neighbourhood with good access to transport.,Bole,Bole,2.0,1.0,79.8,False,32500.0,2-bedroom unit in Bole for long-term rental. Floor space of 80 square metres. Well maintained apartment. Quiet neighbourhood with good access to transport.
"Apartment with 1 bedrooms in Nifas Silk, now available. 70 square metres, well laid out. Features a private water tank. Furnished and ready to move in. Well maintained and secure.",Nifas Silk,Nifas Silk,1.0,1.0,69.6,False,25000.0,"Apartment with 1 bedrooms in Nifas Silk, now available. 70 square metres, well laid out. Features a private water tank. Furnished and ready to move in. Well maintained and secure."
2-bedroom unit in Kolfe for long-term rental. About 98 square metres of living space. Well maintained apartment. Ideal for families or professionals.,Kolfe,Kolfe,2.0,1.0,98.2,False,26500.0,2-bedroom unit in Kolfe for long-term rental. About 98 square metres of living space. Well maintained apartment. Ideal for families or professionals.
5-bedroom unit in Bole for long-term rental. Floor space of 164 square metres. Furnished and ready to move in. Well maintained and secure.,Bole,Bole,5.0,3.0,163.9,False,81000.0,5-bedroom unit in Bole for long-term rental. Floor space of 164 square metres. Furnished and ready to move in. Well maintained and secure.
2-bedroom unit in Bole for long-term rental. Floor space of 76 square metres. Well maintained apartment. Quiet neighbourhood with good access to transport.,Bole,Bole,2.0,2.0,75.9,False,32500.0,2-bedroom unit in Bole for long-term rental. Floor space of 76 square metres. Well maintained apartment. Quiet neighbourhood with good access to transport.
"1-bedroom apartment in Lidetta available for rent. 76 square metres, well laid out. Comes with a backup generator. Quiet neighbourhood with good access to transport.",Lidetta,Lidetta,1.0,1.0,76.0,False,22000.0,"1-bedroom apartment in Lidetta available for rent. 76 square metres, well laid out. Comes with a backup generator. Quiet neighbourhood with good access to transport."
"Apartment with 4 bedrooms in Kolfe, now available. Floor space of 130 square metres. Features a private water tank. Well maintained and secure.",Kolfe,Kolfe,4.0,2.0,129.5,False,41000.0,"Apartment with 4 bedrooms in Kolfe, now available. Floor space of 130 square metres. Features a private water tank. Well maintained and secure."
1-bedroom apartment in Arada available for rent. About 60 square metres of living space. Well maintained apartment. Well maintained and secure.,Arada,Arada,1.0,1.0,60.1,False,21500.0,1-bedroom apartment in Arada available for rent. About 60 square metres of living space. Well maintained apartment. Well maintained and secure.
2-bedroom apartment in Kolfe available for rent. About 78 square metres of living space. Comes with a backup generator. Close to schools and markets.,Kolfe,Kolfe,2.0,1.0,77.5,False,25000.0,2-bedroom apartment in Kolfe available for rent. About 78 square metres of living space. Comes with a backup generator. Close to schools and markets.
1-bedroom apartment in Bole available for rent. Floor space of 57 square metres. Well maintained apartment. Quiet neighbourhood with good access to transport.,Bole,Bole,1.0,1.0,57.3,False,23000.0,1-bedroom apartment in Bole available for rent. Floor space of 57 square metres. Well maintained apartment. Quiet neighbourhood with good access to transport.
"Apartment with 4 bedrooms in Kirkos, now available. About 151 square metres of living space. Furnished and ready to move in. Well maintained and secure.",Kirkos,Kirkos,4.0,3.0,150.9,False,70000.0,"Apartment with 4 bedrooms in Kirkos, now available. About 151 square metres of living space. Furnished and ready to move in. Well maintained and secure."
"Rent a 3-bedroom home located in Gulele. 112 square metres, well laid out. Features a private water tank. Quiet neighbourhood with good access to transport.",Gulele,Gulele,3.0,2.0,111.7,False,36000.0,"Rent a 3-bedroom home located in Gulele. 112 square metres, well laid out. Features a private water tank. Quiet neighbourhood with good access to transport."
"Apartment with 5 bedrooms in Yeka, now available. Floor space of 154 square metres. Features a private water tank. Quiet neighbourhood with good access to transport.",Yeka,Yeka,5.0,3.0,154.1,False,57000.0,"Apartment with 5 bedrooms in Yeka, now available. Floor space of 154 square metres. Features a private water tank. Quiet neighbourhood with good access to transport."
"Rent a 2-bedroom home located in Kolfe. 83 square metres, well laid out. Features a private water tank. Well maintained and secure.",Kolfe,Kolfe,2.0,1.0,82.9,False,25000.0,"Rent a 2-bedroom home located in Kolfe. 83 square metres, well laid out. Features a private water tank. Well maintained and secure."
"Apartment with 2 bedrooms in Arada, now available. 115 square metres, well laid out. Features a private water tank. Ideal for families or professionals.",Arada,Arada,2.0,2.0,115.4,False,43000.0,"Apartment with 2 bedrooms in Arada, now available. 115 square metres, well laid out. Features a private water tank. Ideal for families or professionals."
"1-bedroom unit in Kolfe for long-term rental. 80 square metres, well laid out. Features a private water tank. Comes with a backup generator. Well maintained and secure.",Kolfe,Kolfe,1.0,1.0,79.7,False,25000.0,"1-bedroom unit in Kolfe for long-term rental. 80 square metres, well laid out. Features a private water tank. Comes with a backup generator. Well maintained and secure."
2-bedroom apartment in Arada available for rent. Floor space of 77 square metres. Well maintained apartment. Quiet neighbourhood with good access to transport.,Arada,Arada,2.0,1.0,77.3,False,29000.0,2-bedroom apartment in Arada available for rent. Floor space of 77 square metres. Well maintained apartment. Quiet neighbourhood with good access to transport.
"Apartment with 3 bedrooms in Kirkos, now available. About 105 square metres of living space. Well maintained apartment. Close to schools and markets.",Kirkos,Kirkos,3.0,2.0,104.7,False,42500.0,"Apartment with 3 bedrooms in Kirkos, now available. About 105 square metres of living space. Well maintained apartment. Close to schools and markets."
"Apartment with 1 bedrooms in Yeka, now available. Floor space of 61 square metres. Features a private water tank. Quiet neighbourhood with good access to transport.",Yeka,Yeka,1.0,1.0,61.4,False,21500.0,"Apartment with 1 bedrooms in Yeka, now available. Floor space of 61 square metres. Features a private water tank. Quiet neighbourhood with good access to transport."
"3-bedroom apartment in Yeka available for rent. 110 square metres, well laid out. Features a private water tank. Comes with a backup generator. Close to schools and markets.",Yeka,Yeka,3.0,2.0,109.8,False,42500.0,"3-bedroom apartment in Yeka available for rent. 110 square metres, well laid out. Features a private water tank. Comes with a backup generator. Close to schools and markets."
Rent a 5-bedroom home located in Kolfe. About 144 square metres of living space. Comes with a backup generator. Ideal for families or professionals.,Kolfe,Kolfe,5.0,3.0,143.6,False,48000.0,Rent a 5-bedroom home located in Kolfe. About 144 square metres of living space. Comes with a backup generator. Ideal for families or professionals.
4-bedroom unit in Bole for long-term rental. Floor space of 135 square metres. Well maintained apartment. Quiet neighbourhood with good access to transport.,Bole,Bole,4.0,2.0,135.3,False,57000.0,4-bedroom unit in Bole for long-term rental. Floor space of 135 square metres. Well maintained apartment. Quiet neighbourhood with good access to transport.
4-bedroom apartment in Bole available for rent. About 147 square metres of living space. Furnished and ready to move in. Close to schools and markets.,Bole,Bole,4.0,2.0,147.4,False,70500.0,4-bedroom apartment in Bole available for rent. About 147 square metres of living space. Furnished and ready to move in. Close to schools and markets.
5-bedroom unit in Bole for long-term rental. Floor space of 136 square metres. Features a private water tank. Well maintained and secure.,Bole,Bole,5.0,3.0,136.2,False,62500.0,5-bedroom unit in Bole for long-term rental. Floor space of 136 square metres. Features a private water tank. Well maintained and secure.
4-bedroom apartment in Bole available for rent. Floor space of 116 square metres. Comes with a backup generator. Ideal for families or professionals.,Bole,Bole,4.0,3.0,116.5,False,54500.0,4-bedroom apartment in Bole available for rent. Floor space of 116 square metres. Comes with a backup generator. Ideal for families or professionals.
4-bedroom unit in Kolfe for long-term rental. Floor space of 124 square metres. Features a private water tank. Close to schools and markets.,Kolfe,Kolfe,4.0,2.0,124.2,False,39500.0,4-bedroom unit in Kolfe for long-term rental. Floor space of 124 square metres. Features a private water tank. Close to schools and markets.
"Apartment with 5 bedrooms in Kirkos, now available. Floor space of 147 square metres. Well maintained apartment. Close to schools and markets.",Kirkos,Kirkos,5.0,3.0,146.8,False,61500.0,"Apartment with 5 bedrooms in Kirkos, now available. Floor space of 147 square metres. Well maintained apartment. Close to schools and markets."
1-bedroom unit in Addis Ketema for long-term rental. Floor space of 88 square metres. Features a private water tank. Furnished and ready to move in. Ideal for families or professionals.,Addis Ketema,Addis Ketema,1.0,1.0,88.0,False,26500.0,1-bedroom unit in Addis Ketema for long-term rental. Floor space of 88 square metres. Features a private water tank. Furnished and ready to move in. Ideal for families or professionals.
"Apartment with 5 bedrooms in Bole, now available. About 164 square metres of living space. Features a private water tank. Furnished and ready to move in. Ideal for families or professionals.",Bole,Bole,5.0,3.0,164.0,False,83000.0,"Apartment with 5 bedrooms in Bole, now available. About 164 square metres of living space. Features a private water tank. Furnished and ready to move in. Ideal for families or professionals."
"2-bedroom unit in Nifas Silk for long-term rental. 97 square metres, well laid out. Features a private water tank. Furnished and ready to move in. Ideal for families or professionals.",Nifas Silk,Nifas Silk,2.0,1.0,97.3,False,35500.0,"2-bedroom unit in Nifas Silk for long-term rental. 97 square metres, well laid out. Features a private water tank. Furnished and ready to move in. Ideal for families or professionals."
"Rent a 4-bedroom home located in Kirkos. 127 square metres, well laid out. Furnished and ready to move in. Quiet neighbourhood with good access to transport.",Kirkos,Kirkos,4.0,3.0,126.8,False,61000.0,"Rent a 4-bedroom home located in Kirkos. 127 square metres, well laid out. Furnished and ready to move in. Quiet neighbourhood with good access to transport."
5-bedroom apartment in Kirkos available for rent. About 149 square metres of living space. Well maintained apartment. Quiet neighbourhood with good access to transport.,Kirkos,Kirkos,5.0,3.0,148.6,False,62000.0,5-bedroom apartment in Kirkos available for rent. About 149 square metres of living space. Well maintained apartment. Quiet neighbourhood with good access to transport.
3-bedroom unit in Lidetta for long-term rental. About 91 square metres of living space. Features a private water tank. Ideal for families or professionals.,Lidetta,Lidetta,3.0,2.0,90.6,False,30000.0,3-bedroom unit in Lidetta for long-term rental. About 91 square metres of living space. Features a private water tank. Ideal for families or professionals.
"Apartment with 1 bedrooms in Addis Ketema, now available. Floor space of 73 square metres. Features a private water tank. Close to schools and markets.",Addis Ketema,Addis Ketema,1.0,1.0,73.4,False,20000.0,"Apartment with 1 bedrooms in Addis Ketema, now available. Floor space of 73 square metres. Features a private water tank. Close to schools and markets."
2-bedroom unit in Lidetta for long-term rental. Floor space of 92 square metres. Well maintained apartment. Quiet neighbourhood with good access to transport.,Lidetta,Lidetta,2.0,1.0,91.9,False,25000.0,2-bedroom unit in Lidetta for long-term rental. Floor space of 92 square metres. Well maintained apartment. Quiet neighbourhood with good access to transport.
"3-bedroom apartment in Yeka available for rent. 123 square metres, well laid out. Features a private water tank. Ideal for families or professionals.",Yeka,Yeka,3.0,2.0,123.4,False,43500.0,"3-bedroom apartment in Yeka available for rent. 123 square metres, well laid out. Features a private water tank. Ideal for families or professionals."
5-bedroom unit in Yeka for long-term rental. Floor space of 150 square metres. Well maintained apartment. Close to schools and markets.,Yeka,Yeka,5.0,3.0,149.5,False,54000.0,5-bedroom unit in Yeka for long-term rental. Floor space of 150 square metres. Well maintained apartment. Close to schools and markets.
"Apartment with 5 bedrooms in Nifas Silk, now available. 150 square metres, well laid out. Comes with a backup generator. Well maintained and secure.",Nifas Silk,Nifas Silk,5.0,3.0,150.3,False,53500.0,"Apartment with 5 bedrooms in Nifas Silk, now available. 150 square metres, well laid out. Comes with a backup generator. Well maintained and secure."
Rent a 3-bedroom home located in Yeka. About 110 square metres of living space. Features a private water tank. Quiet neighbourhood with good access to transport.,Yeka,Yeka,3.0,1.0,110.0,False,39000.0,Rent a 3-bedroom home located in Yeka. About 110 square metres of living space. Features a private water tank. Quiet neighbourhood with good access to transport.
"Rent a 5-bedroom home located in Gulele. 163 square metres, well laid out. Comes with a backup generator. Well maintained and secure.",Gulele,Gulele,5.0,3.0,162.7,False,54000.0,"Rent a 5-bedroom home located in Gulele. 163 square metres, well laid out. Comes with a backup generator. Well maintained and secure."
"Apartment with 3 bedrooms in Nifas Silk, now available. About 90 square metres of living space. Comes with a backup generator. Ideal for families or professionals.",Nifas Silk,Nifas Silk,3.0,2.0,90.4,False,33500.0,"Apartment with 3 bedrooms in Nifas Silk, now available. About 90 square metres of living space. Comes with a backup generator. Ideal for families or professionals."
Rent a 3-bedroom home located in Arada. About 117 square metres of living space. Well maintained apartment. Well maintained and secure.,Arada,Arada,3.0,1.0,116.8,False,43000.0,Rent a 3-bedroom home located in Arada. About 117 square metres of living space. Well maintained apartment. Well maintained and secure.
Rent a 5-bedroom home located in Kolfe. Floor space of 152 square metres. Features a private water tank. Well maintained and secure.,Kolfe,Kolfe,5.0,3.0,151.8,False,49000.0,Rent a 5-bedroom home located in Kolfe. Floor space of 152 square metres. Features a private water tank. Well maintained and secure.
"4-bedroom apartment in Gulele available for rent. 117 square metres, well laid out. Features a private water tank. Quiet neighbourhood with good access to transport.",Gulele,Gulele,4.0,3.0,117.3,False,40500.0,"4-bedroom apartment in Gulele available for rent. 117 square metres, well laid out. Features a private water tank. Quiet neighbourhood with good access to transport."
"Apartment with 3 bedrooms in Bole, now available. 83 square metres, well laid out. Features a private water tank. Quiet neighbourhood with good access to transport.",Bole,Bole,3.0,2.0,83.0,False,39000.0,"Apartment with 3 bedrooms in Bole, now available. 83 square metres, well laid out. Features a private water tank. Quiet neighbourhood with good access to transport."
3-bedroom apartment in Bole available for rent. Floor space of 106 square metres. Furnished and ready to move in. Close to schools and markets.,Bole,Bole,3.0,1.0,106.4,False,50500.0,3-bedroom apartment in Bole available for rent. Floor space of 106 square metres. Furnished and ready to move in. Close to schools and markets.
"Apartment with 4 bedrooms in Nifas Silk, now available. Floor space of 147 square metres. Well maintained apartment. Close to schools and markets.",Nifas Silk,Nifas Silk,4.0,3.0,147.4,False,48000.0,"Apartment with 4 bedrooms in Nifas Silk, now available. Floor space of 147 square metres. Well maintained apartment. Close to schools and markets."
"Rent a 4-bedroom home located in Arada. 150 square metres, well laid out. Well maintained apartment. Close to schools and markets.",Arada,Arada,4.0,2.0,150.1,False,56000.0,"Rent a 4-bedroom home located in Arada. 150 square metres, well laid out. Well maintained apartment. Close to schools and markets."
3-bedroom apartment in Yeka available for rent. Floor space of 112 square metres. Features a private water tank. Quiet neighbourhood with good access to transport.,Yeka,Yeka,3.0,3.0,112.3,False,42000.0,3-bedroom apartment in Yeka available for rent. Floor space of 112 square metres. Features a private water tank. Quiet neighbourhood with good access to transport.
1-bedroom apartment in Kirkos available for rent. About 88 square metres of living space. Well maintained apartment. Quiet neighbourhood with good access to transport.,Kirkos,Kirkos,1.0,1.0,87.5,False,31500.0,1-bedroom apartment in Kirkos available for rent. About 88 square metres of living space. Well maintained apartment. Quiet neighbourhood with good access to transport.
"1-bedroom apartment in Kolfe available for rent. 64 square metres, well laid out. Features a private water tank. Ideal for families or professionals.",Kolfe,Kolfe,1.0,1.0,63.5,False,19000.0,"1-bedroom apartment in Kolfe available for rent. 64 square metres, well laid out. Features a private water tank. Ideal for families or professionals."
"Rent a 1-bedroom home located in Kolfe. 75 square metres, well laid out. Features a private water tank. Close to schools and markets.",Kolfe,Kolfe,1.0,1.0,75.4,False,21500.0,"Rent a 1-bedroom home located in Kolfe. 75 square metres, well laid out. Features a private water tank. Close to schools and markets."
"Apartment with 3 bedrooms in Nifas Silk, now available. Floor space of 103 square metres. Features a private water tank. Comes with a backup generator. Furnished and ready to move in. Well maintained and secure.",Nifas Silk,Nifas Silk,3.0,1.0,102.6,False,42500.0,"Apartment with 3 bedrooms in Nifas Silk, now available. Floor space of 103 square metres. Features a private water tank. Comes with a backup generator. Furnished and ready to move in. Well maintained and secure."
Rent a 4-bedroom home located in Kirkos. Floor space of 124 square metres. Well maintained apartment. Ideal for families or professionals.,Kirkos,Kirkos,4.0,2.0,123.8,False,51000.0,Rent a 4-bedroom home located in Kirkos. Floor space of 124 square metres. Well maintained apartment. Ideal for families or professionals.
5-bedroom apartment in Yeka available for rent. About 144 square metres of living space. Comes with a backup generator. Well maintained and secure.,Yeka,Yeka,5.0,3.0,143.9,False,55500.0,5-bedroom apartment in Yeka available for rent. About 144 square metres of living space. Comes with a backup generator. Well maintained and secure.
2-bedroom unit in Arada for long-term rental. Floor space of 61 square metres. Features a private water tank. Comes with a backup generator. Furnished and ready to move in. Quiet neighbourhood with good access to transport.,Arada,Arada,2.0,1.0,61.3,False,32500.0,2-bedroom unit in Arada for long-term rental. Floor space of 61 square metres. Features a private water tank. Comes with a backup generator. Furnished and ready to move in. Quiet neighbourhood with good access to transport.
"Apartment with 4 bedrooms in Yeka, now available. 145 square metres, well laid out. Comes with a backup generator. Well maintained and secure.",Yeka,Yeka,4.0,2.0,145.4,False,52500.0,"Apartment with 4 bedrooms in Yeka, now available. 145 square metres, well laid out. Comes with a backup generator. Well maintained and secure."
4-bedroom apartment in Nifas Silk available for rent. About 122 square metres of living space. Features a private water tank. Comes with a backup generator. Furnished and ready to move in. Well maintained and secure.,Nifas Silk,Nifas Silk,4.0,2.0,122.3,False,51500.0,4-bedroom apartment in Nifas Silk available for rent. About 122 square metres of living space. Features a private water tank. Comes with a backup generator. Furnished and ready to move in. Well maintained and secure.
1-bedroom unit in Gulele for long-term rental. About 54 square metres of living space. Well maintained apartment. Close to schools and markets.,Gulele,Gulele,1.0,1.0,54.4,False,15500.0,1-bedroom unit in Gulele for long-term rental. About 54 square metres of living space. Well maintained apartment. Close to schools and markets.
2-bedroom unit in Bole for long-term rental. About 72 square metres of living space. Well maintained apartment. Quiet neighbourhood with good access to transport.,Bole,Bole,2.0,1.0,71.8,False,30000.0,2-bedroom unit in Bole for long-term rental. About 72 square metres of living space. Well maintained apartment. Quiet neighbourhood with good access to transport.
2-bedroom apartment in Bole available for rent. Floor space of 84 square metres. Features a private water tank. Furnished and ready to move in. Quiet neighbourhood with good access to transport.,Bole,Bole,2.0,1.0,83.5,False,41000.0,2-bedroom apartment in Bole available for rent. Floor space of 84 square metres. Features a private water tank. Furnished and ready to move in. Quiet neighbourhood with good access to transport.
5-bedroom unit in Yeka for long-term rental. About 173 square metres of living space. Well maintained apartment. Well maintained and secure.,Yeka,Yeka,5.0,3.0,173.2,False,60500.0,5-bedroom unit in Yeka for long-term rental. About 173 square metres of living space. Well maintained apartment. Well maintained and secure.
5-bedroom unit in Akaky Kaliti for long-term rental. About 177 square metres of living space. Features a private water tank. Ideal for families or professionals.,Akaky Kaliti,Akaky Kaliti,5.0,3.0,177.1,False,50000.0,5-bedroom unit in Akaky Kaliti for long-term rental. About 177 square metres of living space. Features a private water tank. Ideal for families or professionals.
5-bedroom unit in Nifas Silk for long-term rental. About 132 square metres of living space. Features a private water tank. Comes with a backup generator. Ideal for families or professionals.,Nifas Silk,Nifas Silk,5.0,3.0,132.1,False,50500.0,5-bedroom unit in Nifas Silk for long-term rental. About 132 square metres of living space. Features a private water tank. Comes with a backup generator. Ideal for families or professionals.
Rent a 3-bedroom home located in Bole. About 104 square metres of living space. Features a private water tank. Furnished and ready to move in. Ideal for families or professionals.,Bole,Bole,3.0,2.0,103.7,False,53000.0,Rent a 3-bedroom home located in Bole. About 104 square metres of living space. Features a private water tank. Furnished and ready to move in. Ideal for families or professionals.
Rent a 3-bedroom home located in Akaky Kaliti. Floor space of 96 square metres. Features a private water tank. Close to schools and markets.,Akaky Kaliti,Akaky Kaliti,3.0,2.0,95.6,False,29000.0,Rent a 3-bedroom home located in Akaky Kaliti. Floor space of 96 square metres. Features a private water tank. Close to schools and markets.
2-bedroom apartment in Arada available for rent. Floor space of 98 square metres. Furnished and ready to move in. Quiet neighbourhood with good access to transport.,Arada,Arada,2.0,1.0,97.9,False,40000.0,2-bedroom apartment in Arada available for rent. Floor space of 98 square metres. Furnished and ready to move in. Quiet neighbourhood with good access to transport.
4-bedroom unit in Arada for long-term rental. Floor space of 133 square metres. Features a private water tank. Well maintained and secure.,Arada,Arada,4.0,2.0,133.4,False,53000.0,4-bedroom unit in Arada for long-term rental. Floor space of 133 square metres. Features a private water tank. Well maintained and secure.
1-bedroom apartment in Akaky Kaliti available for rent. Floor space of 56 square metres. Features a private water tank. Comes with a backup generator. Quiet neighbourhood with good access to transport.,Akaky Kaliti,Akaky Kaliti,1.0,1.0,56.4,False,18500.0,1-bedroom apartment in Akaky Kaliti available for rent. Floor space of 56 square metres. Features a private water tank. Comes with a backup generator. Quiet neighbourhood with good access to transport.
"Rent a 2-bedroom home located in Bole. 87 square metres, well laid out. Well maintained apartment. Well maintained and secure.",Bole,Bole,2.0,1.0,86.9,False,35000.0,"Rent a 2-bedroom home located in Bole. 87 square metres, well laid out. Well maintained apartment. Well maintained and secure."
1-bedroom apartment in Yeka available for rent. Floor space of 58 square metres. Features a private water tank. Close to schools and markets.,Yeka,Yeka,1.0,1.0,58.3,False,20500.0,1-bedroom apartment in Yeka available for rent. Floor space of 58 square metres. Features a private water tank. Close to schools and markets.
"3-bedroom apartment in Nifas Silk available for rent. 127 square metres, well laid out. Features a private water tank. Ideal for families or professionals.",Nifas Silk,Nifas Silk,3.0,2.0,127.4,False,41500.0,"3-bedroom apartment in Nifas Silk available for rent. 127 square metres, well laid out. Features a private water tank. Ideal for families or professionals."
"Rent a 2-bedroom home located in Yeka. 93 square metres, well laid out. Comes with a backup generator. Furnished and ready to move in. Well maintained and secure.",Yeka,Yeka,2.0,1.0,92.6,False,37500.0,"Rent a 2-bedroom home located in Yeka. 93 square metres, well laid out. Comes with a backup generator. Furnished and ready to move in. Well maintained and secure."
Rent a 1-bedroom home located in Gulele. About 72 square metres of living space. Features a private water tank. Quiet neighbourhood with good access to transport.,Gulele,Gulele,1.0,1.0,72.0,False,21500.0,Rent a 1-bedroom home located in Gulele. About 72 square metres of living space. Features a private water tank. Quiet neighbourhood with good access to transport.
Rent a 2-bedroom home located in Yeka. About 54 square metres of living space. Well maintained apartment. Close to schools and markets.,Yeka,Yeka,2.0,1.0,54.0,False,20000.0,Rent a 2-bedroom home located in Yeka. About 54 square metres of living space. Well maintained apartment. Close to schools and markets.
5-bedroom apartment in Bole available for rent. Floor space of 151 square metres. Well maintained apartment. Close to schools and markets.,Bole,Bole,5.0,3.0,151.2,False,66000.0,5-bedroom apartment in Bole available for rent. Floor space of 151 square metres. Well maintained apartment. Close to schools and markets.
Rent a 3-bedroom home located in Yeka. Floor space of 133 square metres. Furnished and ready to move in. Quiet neighbourhood with good access to transport.,Yeka,Yeka,3.0,2.0,133.0,False,51000.0,Rent a 3-bedroom home located in Yeka. Floor space of 133 square metres. Furnished and ready to move in. Quiet neighbourhood with good access to transport.
"Apartment with 5 bedrooms in Kirkos, now available. 168 square metres, well laid out. Features a private water tank. Furnished and ready to move in. Close to schools and markets.",Kirkos,Kirkos,5.0,3.0,167.9,False,80500.0,"Apartment with 5 bedrooms in Kirkos, now available. 168 square metres, well laid out. Features a private water tank. Furnished and ready to move in. Close to schools and markets."
5-bedroom apartment in Bole available for rent. Floor space of 130 square metres. Features a private water tank. Well maintained and secure.,Bole,Bole,5.0,3.0,129.8,False,60500.0,5-bedroom apartment in Bole available for rent. Floor space of 130 square metres. Features a private water tank. Well maintained and secure.
5-bedroom unit in Bole for long-term rental. Floor space of 148 square metres. Features a private water tank. Furnished and ready to move in. Close to schools and markets.,Bole,Bole,5.0,3.0,148.2,False,77000.0,5-bedroom unit in Bole for long-term rental. Floor space of 148 square metres. Features a private water tank. Furnished and ready to move in. Close to schools and markets.
"2-bedroom apartment in Lidetta available for rent. 72 square metres, well laid out. Well maintained apartment. Ideal for families or professionals.",Lidetta,Lidetta,2.0,1.0,71.6,False,20500.0,"2-bedroom apartment in Lidetta available for rent. 72 square metres, well laid out. Well maintained apartment. Ideal for families or professionals."
"Apartment with 5 bedrooms in Kirkos, now available. Floor space of 172 square metres. Well maintained apartment. Ideal for families or professionals.",Kirkos,Kirkos,5.0,3.0,172.5,False,70000.0,"Apartment with 5 bedrooms in Kirkos, now available. Floor space of 172 square metres. Well maintained apartment. Ideal for families or professionals."
"5-bedroom unit in Kirkos for long-term rental. 155 square metres, well laid out. Well maintained apartment. Close to schools and markets.",Kirkos,Kirkos,5.0,3.0,154.9,False,64000.0,"5-bedroom unit in Kirkos for long-term rental. 155 square metres, well laid out. Well maintained apartment. Close to schools and markets."
5-bedroom apartment in Bole available for rent. Floor space of 143 square metres. Features a private water tank. Well maintained and secure.,Bole,Bole,5.0,3.0,142.8,False,65000.0,5-bedroom apartment in Bole available for rent. Floor space of 143 square metres. Features a private water tank. Well maintained and secure.
2-bedroom unit in Kirkos for long-term rental. Floor space of 86 square metres. Furnished and ready to move in. Well maintained and secure.,Kirkos,Kirkos,2.0,1.0,86.4,False,38000.0,2-bedroom unit in Kirkos for long-term rental. Floor space of 86 square metres. Furnished and ready to move in. Well maintained and secure.
"Apartment with 2 bedrooms in Yeka, now available. About 55 square metres of living space. Well maintained apartment. Close to schools and markets.",Yeka,Yeka,2.0,1.0,54.7,False,20000.0,"Apartment with 2 bedrooms in Yeka, now available. About 55 square metres of living space. Well maintained apartment. Close to schools and markets."
Rent a 3-bedroom home located in Nifas Silk. Floor space of 95 square metres. Well maintained apartment. Ideal for families or professionals.,Nifas Silk,Nifas Silk,3.0,1.0,95.0,False,30500.0,Rent a 3-bedroom home located in Nifas Silk. Floor space of 95 square metres. Well maintained apartment. Ideal for families or professionals.
5-bedroom apartment in Yeka available for rent. Floor space of 152 square metres. Features a private water tank. Furnished and ready to move in. Well maintained and secure.,Yeka,Yeka,5.0,3.0,152.4,False,65500.0,5-bedroom apartment in Yeka available for rent. Floor space of 152 square metres. Features a private water tank. Furnished and ready to move in. Well maintained and secure.
"Rent a 5-bedroom home located in Lidetta. 162 square metres, well laid out. Well maintained apartment. Close to schools and markets.",Lidetta,Lidetta,5.0,3.0,162.1,False,48500.0,"Rent a 5-bedroom home located in Lidetta. 162 square metres, well laid out. Well maintained apartment. Close to schools and markets."
"Apartment with 3 bedrooms in Akaky Kaliti, now available. 85 square metres, well laid out. Features a private water tank. Close to schools and markets.",Akaky Kaliti,Akaky Kaliti,3.0,1.0,84.7,False,25500.0,"Apartment with 3 bedrooms in Akaky Kaliti, now available. 85 square metres, well laid out. Features a private water tank. Close to schools and markets."
"Apartment with 1 bedrooms in Bole, now available. 59 square metres, well laid out. Features a private water tank. Furnished and ready to move in. Well maintained and secure.",Bole,Bole,1.0,2.0,59.4,False,30500.0,"Apartment with 1 bedrooms in Bole, now available. 59 square metres, well laid out. Features a private water tank. Furnished and ready to move in. Well maintained and secure."
3-bedroom unit in Bole for long-term rental. About 120 square metres of living space. Well maintained apartment. Ideal for families or professionals.,Bole,Bole,3.0,2.0,120.1,False,50000.0,3-bedroom unit in Bole for long-term rental. About 120 square metres of living space. Well maintained apartment. Ideal for families or professionals.
4-bedroom unit in Bole for long-term rental. Floor space of 113 square metres. Furnished and ready to move in. Quiet neighbourhood with good access to transport.,Bole,Bole,4.0,3.0,112.6,False,58500.0,4-bedroom unit in Bole for long-term rental. Floor space of 113 square metres. Furnished and ready to move in. Quiet neighbourhood with good access to transport.
3-bedroom unit in Nifas Silk for long-term rental. Floor space of 111 square metres. Features a private water tank. Close to schools and markets.,Nifas Silk,Nifas Silk,3.0,2.0,110.8,False,37500.0,3-bedroom unit in Nifas Silk for long-term rental. Floor space of 111 square metres. Features a private water tank. Close to schools and markets.
2-bedroom apartment in Bole available for rent. About 87 square metres of living space. Comes with a backup generator. Well maintained and secure.,Bole,Bole,2.0,1.0,86.8,False,37500.0,2-bedroom apartment in Bole available for rent. About 87 square metres of living space. Comes with a backup generator. Well maintained and secure.
2-bedroom apartment in Lidetta available for rent. Floor space of 107 square metres. Well maintained apartment. Ideal for families or professionals.,Lidetta,Lidetta,2.0,1.0,106.6,False,28000.0,2-bedroom apartment in Lidetta available for rent. Floor space of 107 square metres. Well maintained apartment. Ideal for families or professionals.
"1-bedroom apartment in Kolfe available for rent. 61 square metres, well laid out. Features a private water tank. Quiet neighbourhood with good access to transport.",Kolfe,Kolfe,1.0,1.0,61.2,False,18500.0,"1-bedroom apartment in Kolfe available for rent. 61 square metres, well laid out. Features a private water tank. Quiet neighbourhood with good access to transport."
2-bedroom unit in Kolfe for long-term rental. About 84 square metres of living space. Well maintained apartment. Well maintained and secure.,Kolfe,Kolfe,2.0,2.0,83.9,False,25000.0,2-bedroom unit in Kolfe for long-term rental. About 84 square metres of living space. Well maintained apartment. Well maintained and secure.
4-bedroom unit in Arada for long-term rental. About 140 square metres of living space. Well maintained apartment. Close to schools and markets.,Arada,Arada,4.0,3.0,140.3,False,54500.0,4-bedroom unit in Arada for long-term rental. About 140 square metres of living space. Well maintained apartment. Close to schools and markets.
"Rent a 2-bedroom home located in Addis Ketema. 70 square metres, well laid out. Features a private water tank. Close to schools and markets.",Addis Ketema,Addis Ketema,2.0,1.0,70.1,False,22000.0,"Rent a 2-bedroom home located in Addis Ketema. 70 square metres, well laid out. Features a private water tank. Close to schools and markets."
5-bedroom apartment in Bole available for rent. Floor space of 149 square metres. Well maintained apartment. Close to schools and markets.,Bole,Bole,5.0,3.0,149.3,False,65500.0,5-bedroom apartment in Bole available for rent. Floor space of 149 square metres. Well maintained apartment. Close to schools and markets.
1-bedroom apartment in Kirkos available for rent. About 58 square metres of living space. Comes with a backup generator. Furnished and ready to move in. Ideal for families or professionals.,Kirkos,Kirkos,1.0,1.0,58.5,False,28500.0,1-bedroom apartment in Kirkos available for rent. About 58 square metres of living space. Comes with a backup generator. Furnished and ready to move in. Ideal for families or professionals.
"Apartment with 3 bedrooms in Kirkos, now available. 106 square metres, well laid out. Features a private water tank. Comes with a backup generator. Furnished and ready to move in. Well maintained and secure.",Kirkos,Kirkos,3.0,1.0,106.3,False,53000.0,"Apartment with 3 bedrooms in Kirkos, now available. 106 square metres, well laid out. Features a private water tank. Comes with a backup generator. Furnished and ready to move in. Well maintained and secure."
"Rent a 3-bedroom home located in Akaky Kaliti. 118 square metres, well laid out. Features a private water tank. Comes with a backup generator. Furnished and ready to move in. Quiet neighbourhood with good access to transport.",Akaky Kaliti,Akaky Kaliti,3.0,2.0,118.2,False,41000.0,"Rent a 3-bedroom home located in Akaky Kaliti. 118 square metres, well laid out. Features a private water tank. Comes with a backup generator. Furnished and ready to move in. Quiet neighbourhood with good access to transport."
5-bedroom unit in Nifas Silk for long-term rental. About 159 square metres of living space. Features a private water tank. Furnished and ready to move in. Ideal for families or professionals.,Nifas Silk,Nifas Silk,5.0,2.0,158.6,False,61500.0,5-bedroom unit in Nifas Silk for long-term rental. About 159 square metres of living space. Features a private water tank. Furnished and ready to move in. Ideal for families or professionals.
5-bedroom unit in Kolfe for long-term rental. Floor space of 143 square metres. Features a private water tank. Ideal for families or professionals.,Kolfe,Kolfe,5.0,2.0,143.0,False,46000.0,5-bedroom unit in Kolfe for long-term rental. Floor space of 143 square metres. Features a private water tank. Ideal for families or professionals.
Rent a 3-bedroom home located in Bole. Floor space of 110 square metres. Furnished and ready to move in. Close to schools and markets.,Bole,Bole,3.0,2.0,109.6,False,53000.0,Rent a 3-bedroom home located in Bole. Floor space of 110 square metres. Furnished and ready to move in. Close to schools and markets.
4-bedroom apartment in Addis Ketema available for rent. About 148 square metres of living space. Comes with a backup generator. Ideal for families or professionals.,Addis Ketema,Addis Ketema,4.0,2.0,147.9,False,44000.0,4-bedroom apartment in Addis Ketema available for rent. About 148 square metres of living space. Comes with a backup generator. Ideal for families or professionals.
"Rent a 4-bedroom home located in Arada. 120 square metres, well laid out. Well maintained apartment. Quiet neighbourhood with good access to transport.",Arada,Arada,4.0,2.0,120.0,False,47000.0,"Rent a 4-bedroom home located in Arada. 120 square metres, well laid out. Well maintained apartment. Quiet neighbourhood with good access to transport."
"3-bedroom unit in Arada for long-term rental. 110 square metres, well laid out. Comes with a backup generator. Furnished and ready to move in. Ideal for families or professionals.",Arada,Arada,3.0,2.0,109.7,False,51000.0,"3-bedroom unit in Arada for long-term rental. 110 square metres, well laid out. Comes with a backup generator. Furnished and ready to move in. Ideal for families or professionals."
"1-bedroom unit in Addis Ketema for long-term rental. 62 square metres, well laid out. Features a private water tank. Close to schools and markets.",Addis Ketema,Addis Ketema,1.0,1.0,61.7,False,18000.0,"1-bedroom unit in Addis Ketema for long-term rental. 62 square metres, well laid out. Features a private water tank. Close to schools and markets."
Rent a 3-bedroom home located in Kirkos. About 107 square metres of living space. Well maintained apartment. Close to schools and markets.,Kirkos,Kirkos,3.0,2.0,107.2,False,43500.0,Rent a 3-bedroom home located in Kirkos. About 107 square metres of living space. Well maintained apartment. Close to schools and markets.
Rent a 2-bedroom home located in Kirkos. About 66 square metres of living space. Features a private water tank. Comes with a backup generator. Well maintained and secure.,Kirkos,Kirkos,2.0,1.0,66.4,False,31000.0,Rent a 2-bedroom home located in Kirkos. About 66 square metres of living space. Features a private water tank. Comes with a backup generator. Well maintained and secure.
"Rent a 3-bedroom home located in Nifas Silk. 125 square metres, well laid out. Features a private water tank. Close to schools and markets.",Nifas Silk,Nifas Silk,3.0,2.0,124.9,False,41000.0,"Rent a 3-bedroom home located in Nifas Silk. 125 square metres, well laid out. Features a private water tank. Close to schools and markets."
"4-bedroom apartment in Bole available for rent. 121 square metres, well laid out. Features a private water tank. Close to schools and markets.",Bole,Bole,4.0,3.0,120.7,False,55000.0,"4-bedroom apartment in Bole available for rent. 121 square metres, well laid out. Features a private water tank. Close to schools and markets."
2-bedroom unit in Kirkos for long-term rental. About 98 square metres of living space. Well maintained apartment. Well maintained and secure.,Kirkos,Kirkos,2.0,2.0,98.3,False,38500.0,2-bedroom unit in Kirkos for long-term rental. About 98 square metres of living space. Well maintained apartment. Well maintained and secure.
"2-bedroom unit in Yeka for long-term rental. 78 square metres, well laid out. Furnished and ready to move in. Ideal for families or professionals.",Yeka,Yeka,2.0,1.0,78.5,False,30500.0,"2-bedroom unit in Yeka for long-term rental. 78 square metres, well laid out. Furnished and ready to move in. Ideal for families or professionals."
"Apartment with 5 bedrooms in Bole, now available. Floor space of 144 square metres. Well maintained apartment. Ideal for families or professionals.",Bole,Bole,5.0,3.0,144.5,False,63500.0,"Apartment with 5 bedrooms in Bole, now available. Floor space of 144 square metres. Well maintained apartment. Ideal for families or professionals."
"Apartment with 2 bedrooms in Lidetta, now available. Floor space of 101 square metres. Comes with a backup generator. Quiet neighbourhood with good access to transport.",Lidetta,Lidetta,2.0,1.0,100.6,False,29500.0,"Apartment with 2 bedrooms in Lidetta, now available. Floor space of 101 square metres. Comes with a backup generator. Quiet neighbourhood with good access to transport."
"Apartment with 1 bedrooms in Nifas Silk, now available. About 76 square metres of living space. Features a private water tank. Comes with a backup generator. Well maintained and secure.",Nifas Silk,Nifas Silk,1.0,1.0,75.9,False,26000.0,"Apartment with 1 bedrooms in Nifas Silk, now available. About 76 square metres of living space. Features a private water tank. Comes with a backup generator. Well maintained and secure."
"Rent a 4-bedroom home located in Kirkos. 132 square metres, well laid out. Well maintained apartment. Close to schools and markets.",Kirkos,Kirkos,4.0,2.0,132.5,False,53500.0,"Rent a 4-bedroom home located in Kirkos. 132 square metres, well laid out. Well maintained apartment. Close to schools and markets."
"Rent a 4-bedroom home located in Kirkos. 139 square metres, well laid out. Well maintained apartment. Quiet neighbourhood with good access to transport.",Kirkos,Kirkos,4.0,2.0,139.1,False,55500.0,"Rent a 4-bedroom home located in Kirkos. 139 square metres, well laid out. Well maintained apartment. Quiet neighbourhood with good access to transport."
5-bedroom unit in Kirkos for long-term rental. About 148 square metres of living space. Well maintained apartment. Close to schools and markets.,Kirkos,Kirkos,5.0,3.0,148.5,False,62000.0,5-bedroom unit in Kirkos for long-term rental. About 148 square metres of living space. Well maintained apartment. Close to schools and markets.
4-bedroom unit in Nifas Silk for long-term rental. About 130 square metres of living space. Furnished and ready to move in. Quiet neighbourhood with good access to transport.,Nifas Silk,Nifas Silk,4.0,3.0,129.9,False,50000.0,4-bedroom unit in Nifas Silk for long-term rental. About 130 square metres of living space. Furnished and ready to move in. Quiet neighbourhood with good access to transport.
"Apartment with 5 bedrooms in Akaky Kaliti, now available. 144 square metres, well laid out. Features a private water tank. Furnished and ready to move in. Well maintained and secure.",Akaky Kaliti,Akaky Kaliti,5.0,3.0,144.1,False,50500.0,"Apartment with 5 bedrooms in Akaky Kaliti, now available. 144 square metres, well laid out. Features a private water tank. Furnished and ready to move in. Well maintained and secure."
3-bedroom apartment in Akaky Kaliti available for rent. Floor space of 119 square metres. Features a private water tank. Ideal for families or professionals.,Akaky Kaliti,Akaky Kaliti,3.0,2.0,118.8,False,33500.0,3-bedroom apartment in Akaky Kaliti available for rent. Floor space of 119 square metres. Features a private water tank. Ideal for families or professionals.
"2-bedroom unit in Kirkos for long-term rental. 78 square metres, well laid out. Comes with a backup generator. Furnished and ready to move in. Close to schools and markets.",Kirkos,Kirkos,2.0,1.0,77.7,False,38000.0,"2-bedroom unit in Kirkos for long-term rental. 78 square metres, well laid out. Comes with a backup generator. Furnished and ready to move in. Close to schools and markets."
Rent a 5-bedroom home located in Kirkos. About 170 square metres of living space. Well maintained apartment. Close to schools and markets.,Kirkos,Kirkos,5.0,3.0,169.8,False,69000.0,Rent a 5-bedroom home located in Kirkos. About 170 square metres of living space. Well maintained apartment. Close to schools and markets.
2-bedroom apartment in Arada available for rent. About 82 square metres of living space. Furnished and ready to move in. Quiet neighbourhood with good access to transport.,Arada,Arada,2.0,1.0,82.2,False,35000.0,2-bedroom apartment in Arada available for rent. About 82 square metres of living space. Furnished and ready to move in. Quiet neighbourhood with good access to transport.
"Apartment with 2 bedrooms in Nifas Silk, now available. About 86 square metres of living space. Well maintained apartment. Well maintained and secure.",Nifas Silk,Nifas Silk,2.0,3.0,86.2,False,28500.0,"Apartment with 2 bedrooms in Nifas Silk, now available. About 86 square metres of living space. Well maintained apartment. Well maintained and secure."
"5-bedroom apartment in Arada available for rent. 161 square metres, well laid out. Well maintained apartment. Ideal for families or professionals.",Arada,Arada,5.0,3.0,161.1,False,63000.0,"5-bedroom apartment in Arada available for rent. 161 square metres, well laid out. Well maintained apartment. Ideal for families or professionals."
"5-bedroom apartment in Nifas Silk available for rent. 152 square metres, well laid out. Features a private water tank. Comes with a backup generator. Ideal for families or professionals.",Nifas Silk,Nifas Silk,5.0,3.0,152.3,False,55500.0,"5-bedroom apartment in Nifas Silk available for rent. 152 square metres, well laid out. Features a private water tank. Comes with a backup generator. Ideal for families or professionals."
Rent a 2-bedroom home located in Arada. Floor space of 82 square metres. Well maintained apartment. Close to schools and markets.,Arada,Arada,2.0,1.0,82.4,False,30500.0,Rent a 2-bedroom home located in Arada. Floor space of 82 square metres. Well maintained apartment. Close to schools and markets.
4-bedroom unit in Kirkos for long-term rental. Floor space of 130 square metres. Well maintained apartment. Close to schools and markets.,Kirkos,Kirkos,4.0,3.0,129.6,False,54000.0,4-bedroom unit in Kirkos for long-term rental. Floor space of 130 square metres. Well maintained apartment. Close to schools and markets.
"5-bedroom apartment in Kirkos available for rent. 163 square metres, well laid out. Well maintained apartment. Close to schools and markets.",Kirkos,Kirkos,5.0,3.0,162.7,False,66500.0,"5-bedroom apartment in Kirkos available for rent. 163 square metres, well laid out. Well maintained apartment. Close to schools and markets."
"Apartment with 4 bedrooms in Kirkos, now available. Floor space of 122 square metres. Well maintained apartment. Well maintained and secure.",Kirkos,Kirkos,4.0,2.0,122.0,False,50000.0,"Apartment with 4 bedrooms in Kirkos, now available. Floor space of 122 square metres. Well maintained apartment. Well maintained and secure."
"1-bedroom apartment in Bole available for rent. 62 square metres, well laid out. Features a private water tank. Well maintained and secure.",Bole,Bole,1.0,1.0,62.5,False,26500.0,"1-bedroom apartment in Bole available for rent. 62 square metres, well laid out. Features a private water tank. Well maintained and secure."
4-bedroom unit in Bole for long-term rental. About 130 square metres of living space. Furnished and ready to move in. Close to schools and markets.,Bole,Bole,4.0,3.0,130.1,False,65000.0,4-bedroom unit in Bole for long-term rental. About 130 square metres of living space. Furnished and ready to move in. Close to schools and markets.
"Rent a 1-bedroom home located in Gulele. 74 square metres, well laid out. Well maintained apartment. Close to schools and markets.",Gulele,Gulele,1.0,1.0,74.4,False,20000.0,"Rent a 1-bedroom home located in Gulele. 74 square metres, well laid out. Well maintained apartment. Close to schools and markets."
"5-bedroom unit in Kirkos for long-term rental. 151 square metres, well laid out. Well maintained apartment. Quiet neighbourhood with good access to transport.",Kirkos,Kirkos,5.0,3.0,150.8,False,63000.0,"5-bedroom unit in Kirkos for long-term rental. 151 square metres, well laid out. Well maintained apartment. Quiet neighbourhood with good access to transport."
Rent a 1-bedroom home located in Yeka. About 86 square metres of living space. Well maintained apartment. Well maintained and secure.,Yeka,Yeka,1.0,1.0,85.7,False,26000.0,Rent a 1-bedroom home located in Yeka. About 86 square metres of living space. Well maintained apartment. Well maintained and secure.
"5-bedroom unit in Nifas Silk for long-term rental. 150 square metres, well laid out. Features a private water tank. Comes with a backup generator. Well maintained and secure.",Nifas Silk,Nifas Silk,5.0,3.0,150.1,False,55000.0,"5-bedroom unit in Nifas Silk for long-term rental. 150 square metres, well laid out. Features a private water tank. Comes with a backup generator. Well maintained and secure."
1-bedroom unit in Kolfe for long-term rental. About 61 square metres of living space. Features a private water tank. Comes with a backup generator. Well maintained and secure.,Kolfe,Kolfe,1.0,1.0,61.1,False,21000.0,1-bedroom unit in Kolfe for long-term rental. About 61 square metres of living space. Features a private water tank. Comes with a backup generator. Well maintained and secure.
"Apartment with 3 bedrooms in Yeka, now available. About 106 square metres of living space. Features a private water tank. Well maintained and secure.",Yeka,Yeka,3.0,2.0,105.9,False,39000.0,"Apartment with 3 bedrooms in Yeka, now available. About 106 square metres of living space. Features a private water tank. Well maintained and secure."
"2-bedroom unit in Kolfe for long-term rental. 70 square metres, well laid out. Features a private water tank. Comes with a backup generator. Close to schools and markets.",Kolfe,Kolfe,2.0,1.0,70.2,False,25000.0,"2-bedroom unit in Kolfe for long-term rental. 70 square metres, well laid out. Features a private water tank. Comes with a backup generator. Close to schools and markets."
5-bedroom unit in Akaky Kaliti for long-term rental. Floor space of 140 square metres. Well maintained apartment. Quiet neighbourhood with good access to transport.,Akaky Kaliti,Akaky Kaliti,5.0,3.0,139.6,False,41000.0,5-bedroom unit in Akaky Kaliti for long-term rental. Floor space of 140 square metres. Well maintained apartment. Quiet neighbourhood with good access to transport.
2-bedroom unit in Nifas Silk for long-term rental. Floor space of 80 square metres. Well maintained apartment. Well maintained and secure.,Nifas Silk,Nifas Silk,2.0,1.0,79.6,False,24500.0,2-bedroom unit in Nifas Silk for long-term rental. Floor space of 80 square metres. Well maintained apartment. Well maintained and secure.
"4-bedroom apartment in Gulele available for rent. 144 square metres, well laid out. Comes with a backup generator. Furnished and ready to move in. Close to schools and markets.",Gulele,Gulele,4.0,2.0,143.6,False,53000.0,"4-bedroom apartment in Gulele available for rent. 144 square metres, well laid out. Comes with a backup generator. Furnished and ready to move in. Close to schools and markets."
1-bedroom unit in Bole for long-term rental. About 64 square metres of living space. Comes with a backup generator. Close to schools and markets.,Bole,Bole,1.0,1.0,63.6,False,27500.0,1-bedroom unit in Bole for long-term rental. About 64 square metres of living space. Comes with a backup generator. Close to schools and markets.
"Apartment with 3 bedrooms in Akaky Kaliti, now available. About 102 square metres of living space. Features a private water tank. Well maintained and secure.",Akaky Kaliti,Akaky Kaliti,3.0,1.0,102.2,False,29000.0,"Apartment with 3 bedrooms in Akaky Kaliti, now available. About 102 square metres of living space. Features a private water tank. Well maintained and secure."
Rent a 5-bedroom home located in Kirkos. Floor space of 167 square metres. Features a private water tank. Furnished and ready to move in. Quiet neighbourhood with good access to transport.,Kirkos,Kirkos,5.0,3.0,166.7,False,80000.0,Rent a 5-bedroom home located in Kirkos. Floor space of 167 square metres. Features a private water tank. Furnished and ready to move in. Quiet neighbourhood with good access to transport.
"Apartment with 5 bedrooms in Akaky Kaliti, now available. 171 square metres, well laid out. Comes with a backup generator. Well maintained and secure.",Akaky Kaliti,Akaky Kaliti,5.0,3.0,170.6,False,49500.0,"Apartment with 5 bedrooms in Akaky Kaliti, now available. 171 square metres, well laid out. Comes with a backup generator. Well maintained and secure."
2-bedroom unit in Nifas Silk for long-term rental. Floor space of 101 square metres. Well maintained apartment. Well maintained and secure.,Nifas Silk,Nifas Silk,2.0,1.0,101.1,False,30000.0,2-bedroom unit in Nifas Silk for long-term rental. Floor space of 101 square metres. Well maintained apartment. Well maintained and secure.
"2-bedroom apartment in Bole available for rent. 76 square metres, well laid out. Furnished and ready to move in. Ideal for families or professionals.",Bole,Bole,2.0,1.0,75.8,False,36000.0,"2-bedroom apartment in Bole available for rent. 76 square metres, well laid out. Furnished and ready to move in. Ideal for families or professionals."
"Apartment with 3 bedrooms in Bole, now available. Floor space of 102 square metres. Furnished and ready to move in. Close to schools and markets.",Bole,Bole,3.0,2.0,102.1,False,50500.0,"Apartment with 3 bedrooms in Bole, now available. Floor space of 102 square metres. Furnished and ready to move in. Close to schools and markets."
Rent a 3-bedroom home located in Gulele. Floor space of 130 square metres. Features a private water tank. Furnished and ready to move in. Close to schools and markets.,Gulele,Gulele,3.0,2.0,129.8,False,46000.0,Rent a 3-bedroom home located in Gulele. Floor space of 130 square metres. Features a private water tank. Furnished and ready to move in. Close to schools and markets.
"Apartment with 3 bedrooms in Nifas Silk, now available. About 111 square metres of living space. Comes with a backup generator. Ideal for families or professionals.",Nifas Silk,Nifas Silk,3.0,2.0,110.9,False,38000.0,"Apartment with 3 bedrooms in Nifas Silk, now available. About 111 square metres of living space. Comes with a backup generator. Ideal for families or professionals."
"1-bedroom unit in Bole for long-term rental. 61 square metres, well laid out. Features a private water tank. Quiet neighbourhood with good access to transport.",Bole,Bole,1.0,1.0,60.8,False,26000.0,"1-bedroom unit in Bole for long-term rental. 61 square metres, well laid out. Features a private water tank. Quiet neighbourhood with good access to transport."
"Rent a 4-bedroom home located in Gulele. 139 square metres, well laid out. Well maintained apartment. Quiet neighbourhood with good access to transport.",Gulele,Gulele,4.0,2.0,138.6,False,42500.0,"Rent a 4-bedroom home located in Gulele. 139 square metres, well laid out. Well maintained apartment. Quiet neighbourhood with good access to transport."
2-bedroom apartment in Lidetta available for rent. About 98 square metres of living space. Well maintained apartment. Well maintained and secure.,Lidetta,Lidetta,2.0,1.0,98.1,False,26000.0,2-bedroom apartment in Lidetta available for rent. About 98 square metres of living space. Well maintained apartment. Well maintained and secure.
Rent a 2-bedroom home located in Arada. About 79 square metres of living space. Features a private water tank. Comes with a backup generator. Furnished and ready to move in. Quiet neighbourhood with good access to transport.,Arada,Arada,2.0,1.0,79.1,False,39000.0,Rent a 2-bedroom home located in Arada. About 79 square metres of living space. Features a private water tank. Comes with a backup generator. Furnished and ready to move in. Quiet neighbourhood with good access to transport.
"Apartment with 5 bedrooms in Arada, now available. 155 square metres, well laid out. Features a private water tank. Quiet neighbourhood with good access to transport.",Arada,Arada,5.0,3.0,154.6,False,63000.0,"Apartment with 5 bedrooms in Arada, now available. 155 square metres, well laid out. Features a private water tank. Quiet neighbourhood with good access to transport."
"Apartment with 4 bedrooms in Bole, now available. 141 square metres, well laid out. Furnished and ready to move in. Well maintained and secure.",Bole,Bole,4.0,3.0,141.1,False,69500.0,"Apartment with 4 bedrooms in Bole, now available. 141 square metres, well laid out. Furnished and ready to move in. Well maintained and secure."
"Apartment with 2 bedrooms in Kolfe, now available. About 72 square metres of living space. Features a private water tank. Close to schools and markets.",Kolfe,Kolfe,2.0,1.0,72.1,False,23000.0,"Apartment with 2 bedrooms in Kolfe, now available. About 72 square metres of living space. Features a private water tank. Close to schools and markets."
"5-bedroom unit in Kirkos for long-term rental. 152 square metres, well laid out. Well maintained apartment. Close to schools and markets.",Kirkos,Kirkos,5.0,3.0,152.1,False,63500.0,"5-bedroom unit in Kirkos for long-term rental. 152 square metres, well laid out. Well maintained apartment. Close to schools and markets."
"Apartment with 2 bedrooms in Lidetta, now available. Floor space of 73 square metres. Well maintained apartment. Close to schools and markets.",Lidetta,Lidetta,2.0,2.0,72.6,False,22000.0,"Apartment with 2 bedrooms in Lidetta, now available. Floor space of 73 square metres. Well maintained apartment. Close to schools and markets."
3-bedroom apartment in Kirkos available for rent. About 96 square metres of living space. Furnished and ready to move in. Quiet neighbourhood with good access to transport.,Kirkos,Kirkos,3.0,2.0,96.2,False,46000.0,3-bedroom apartment in Kirkos available for rent. About 96 square metres of living space. Furnished and ready to move in. Quiet neighbourhood with good access to transport.
"Apartment with 2 bedrooms in Nifas Silk, now available. About 79 square metres of living space. Furnished and ready to move in. Ideal for families or professionals.",Nifas Silk,Nifas Silk,2.0,1.0,79.2,False,28500.0,"Apartment with 2 bedrooms in Nifas Silk, now available. About 79 square metres of living space. Furnished and ready to move in. Ideal for families or professionals."
"Rent a 1-bedroom home located in Yeka. 70 square metres, well laid out. Well maintained apartment. Well maintained and secure.",Yeka,Yeka,1.0,1.0,69.7,False,22000.0,"Rent a 1-bedroom home located in Yeka. 70 square metres, well laid out. Well maintained apartment. Well maintained and secure."
"3-bedroom apartment in Bole available for rent. 104 square metres, well laid out. Features a private water tank. Ideal for families or professionals.",Bole,Bole,3.0,2.0,104.1,False,46000.0,"3-bedroom apartment in Bole available for rent. 104 square metres, well laid out. Features a private water tank. Ideal for families or professionals."
3-bedroom apartment in Kolfe available for rent. Floor space of 100 square metres. Comes with a backup generator. Ideal for families or professionals.,Kolfe,Kolfe,3.0,2.0,100.2,False,33000.0,3-bedroom apartment in Kolfe available for rent. Floor space of 100 square metres. Comes with a backup generator. Ideal for families or professionals.
"Rent a 5-bedroom home located in Arada. 153 square metres, well laid out. Well maintained apartment. Quiet neighbourhood with good access to transport.",Arada,Arada,5.0,3.0,152.6,False,60500.0,"Rent a 5-bedroom home located in Arada. 153 square metres, well laid out. Well maintained apartment. Quiet neighbourhood with good access to transport."
2-bedroom unit in Arada for long-term rental. Floor space of 72 square metres. Well maintained apartment. Close to schools and markets.,Arada,Arada,2.0,1.0,72.2,False,27500.0,2-bedroom unit in Arada for long-term rental. Floor space of 72 square metres. Well maintained apartment. Close to schools and markets.
"5-bedroom unit in Addis Ketema for long-term rental. 157 square metres, well laid out. Features a private water tank. Quiet neighbourhood with good access to transport.",Addis Ketema,Addis Ketema,5.0,3.0,157.1,False,48500.0,"5-bedroom unit in Addis Ketema for long-term rental. 157 square metres, well laid out. Features a private water tank. Quiet neighbourhood with good access to transport."
4-bedroom unit in Addis Ketema for long-term rental. Floor space of 144 square metres. Well maintained apartment. Close to schools and markets.,Addis Ketema,Addis Ketema,4.0,3.0,143.6,False,42000.0,4-bedroom unit in Addis Ketema for long-term rental. Floor space of 144 square metres. Well maintained apartment. Close to schools and markets.
1-bedroom unit in Lidetta for long-term rental. Floor space of 63 square metres. Features a private water tank. Comes with a backup generator. Furnished and ready to move in. Close to schools and markets.,Lidetta,Lidetta,1.0,1.0,63.0,False,24000.0,1-bedroom unit in Lidetta for long-term rental. Floor space of 63 square metres. Features a private water tank. Comes with a backup generator. Furnished and ready to move in. Close to schools and markets.
"Apartment with 4 bedrooms in Yeka, now available. About 128 square metres of living space. Features a private water tank. Close to schools and markets.",Yeka,Yeka,4.0,2.0,127.6,False,47000.0,"Apartment with 4 bedrooms in Yeka, now available. About 128 square metres of living space. Features a private water tank. Close to schools and markets."
"Apartment with 3 bedrooms in Nifas Silk, now available. About 112 square metres of living space. Comes with a backup generator. Quiet neighbourhood with good access to transport.",Nifas Silk,Nifas Silk,3.0,1.0,112.5,False,37500.0,"Apartment with 3 bedrooms in Nifas Silk, now available. About 112 square metres of living space. Comes with a backup generator. Quiet neighbourhood with good access to transport."
"Apartment with 2 bedrooms in Lidetta, now available. 62 square metres, well laid out. Features a private water tank. Comes with a backup generator. Well maintained and secure.",Lidetta,Lidetta,2.0,1.0,61.7,False,23000.0,"Apartment with 2 bedrooms in Lidetta, now available. 62 square metres, well laid out. Features a private water tank. Comes with a backup generator. Well maintained and secure."
Rent a 3-bedroom home located in Kirkos. About 114 square metres of living space. Well maintained apartment. Ideal for families or professionals.,Kirkos,Kirkos,3.0,2.0,114.4,False,45500.0,Rent a 3-bedroom home located in Kirkos. About 114 square metres of living space. Well maintained apartment. Ideal for families or professionals.
Rent a 2-bedroom home located in Bole. About 123 square metres of living space. Furnished and ready to move in. Quiet neighbourhood with good access to transport.,Bole,Bole,2.0,2.0,123.2,False,56000.0,Rent a 2-bedroom home located in Bole. About 123 square metres of living space. Furnished and ready to move in. Quiet neighbourhood with good access to transport.
"Apartment with 4 bedrooms in Kolfe, now available. About 128 square metres of living space. Features a private water tank. Quiet neighbourhood with good access to transport.",Kolfe,Kolfe,4.0,3.0,128.5,False,42000.0,"Apartment with 4 bedrooms in Kolfe, now available. About 128 square metres of living space. Features a private water tank. Quiet neighbourhood with good access to transport."
"Rent a 3-bedroom home located in Arada. 107 square metres, well laid out. Features a private water tank. Well maintained and secure.",Arada,Arada,3.0,2.0,106.6,False,43000.0,"Rent a 3-bedroom home located in Arada. 107 square metres, well laid out. Features a private water tank. Well maintained and secure."
Rent a 3-bedroom home located in Nifas Silk. Floor space of 117 square metres. Comes with a backup generator. Well maintained and secure.,Nifas Silk,Nifas Silk,3.0,2.0,116.9,False,39500.0,Rent a 3-bedroom home located in Nifas Silk. Floor space of 117 square metres. Comes with a backup generator. Well maintained and secure.
"Rent a 2-bedroom home located in Addis Ketema. 106 square metres, well laid out. Features a private water tank. Well maintained and secure.",Addis Ketema,Addis Ketema,2.0,1.0,105.7,False,29000.0,"Rent a 2-bedroom home located in Addis Ketema. 106 square metres, well laid out. Features a private water tank. Well maintained and secure."
"2-bedroom apartment in Nifas Silk available for rent. 98 square metres, well laid out. Features a private water tank. Quiet neighbourhood with good access to transport.",Nifas Silk,Nifas Silk,2.0,1.0,97.7,False,31000.0,"2-bedroom apartment in Nifas Silk available for rent. 98 square metres, well laid out. Features a private water tank. Quiet neighbourhood with good access to transport."
3-bedroom apartment in Kirkos available for rent. Floor space of 82 square metres. Furnished and ready to move in. Ideal for families or professionals.,Kirkos,Kirkos,3.0,1.0,82.1,False,39000.0,3-bedroom apartment in Kirkos available for rent. Floor space of 82 square metres. Furnished and ready to move in. Ideal for families or professionals.
"3-bedroom unit in Kirkos for long-term rental. 115 square metres, well laid out. Well maintained apartment. Quiet neighbourhood with good access to transport.",Kirkos,Kirkos,3.0,2.0,114.8,False,45500.0,"3-bedroom unit in Kirkos for long-term rental. 115 square metres, well laid out. Well maintained apartment. Quiet neighbourhood with good access to transport."
"Rent a 2-bedroom home located in Kirkos. 117 square metres, well laid out. Well maintained apartment. Well maintained and secure.",Kirkos,Kirkos,2.0,1.0,116.9,False,43000.0,"Rent a 2-bedroom home located in Kirkos. 117 square metres, well laid out. Well maintained apartment. Well maintained and secure."
"Apartment with 3 bedrooms in Bole, now available. Floor space of 116 square metres. Furnished and ready to move in. Well maintained and secure.",Bole,Bole,3.0,2.0,115.5,False,55500.0,"Apartment with 3 bedrooms in Bole, now available. Floor space of 116 square metres. Furnished and ready to move in. Well maintained and secure."
2-bedroom apartment in Kolfe available for rent. Floor space of 72 square metres. Well maintained apartment. Well maintained and secure.,Kolfe,Kolfe,2.0,1.0,72.1,False,21000.0,2-bedroom apartment in Kolfe available for rent. Floor space of 72 square metres. Well maintained apartment. Well maintained and secure.
"3-bedroom apartment in Lidetta available for rent. 111 square metres, well laid out. Well maintained apartment. Quiet neighbourhood with good access to transport.",Lidetta,Lidetta,3.0,2.0,111.4,False,32500.0,"3-bedroom apartment in Lidetta available for rent. 111 square metres, well laid out. Well maintained apartment. Quiet neighbourhood with good access to transport."
"1-bedroom apartment in Yeka available for rent. 49 square metres, well laid out. Comes with a backup generator. Furnished and ready to move in. Ideal for families or professionals.",Yeka,Yeka,1.0,1.0,48.6,False,21500.0,"1-bedroom apartment in Yeka available for rent. 49 square metres, well laid out. Comes with a backup generator. Furnished and ready to move in. Ideal for families or professionals."
Rent a 3-bedroom home located in Yeka. Floor space of 123 square metres. Furnished and ready to move in. Well maintained and secure.,Yeka,Yeka,3.0,2.0,122.8,False,48000.0,Rent a 3-bedroom home located in Yeka. Floor space of 123 square metres. Furnished and ready to move in. Well maintained and secure.
"Apartment with 4 bedrooms in Lidetta, now available. 118 square metres, well laid out. Well maintained apartment. Well maintained and secure.",Lidetta,Lidetta,4.0,2.0,118.5,False,36000.0,"Apartment with 4 bedrooms in Lidetta, now available. 118 square metres, well laid out. Well maintained apartment. Well maintained and secure."
5-bedroom apartment in Bole available for rent. About 153 square metres of living space. Well maintained apartment. Ideal for families or professionals.,Bole,Bole,5.0,3.0,152.9,False,66500.0,5-bedroom apartment in Bole available for rent. About 153 square metres of living space. Well maintained apartment. Ideal for families or professionals.
Rent a 4-bedroom home located in Arada. Floor space of 120 square metres. Furnished and ready to move in. Quiet neighbourhood with good access to transport.,Arada,Arada,4.0,3.0,119.7,False,55500.0,Rent a 4-bedroom home located in Arada. Floor space of 120 square metres. Furnished and ready to move in. Quiet neighbourhood with good access to transport.
4-bedroom apartment in Arada available for rent. About 123 square metres of living space. Furnished and ready to move in. Close to schools and markets.,Arada,Arada,4.0,2.0,123.4,False,55500.0,4-bedroom apartment in Arada available for rent. About 123 square metres of living space. Furnished and ready to move in. Close to schools and markets.
"Rent a 1-bedroom home located in Gulele. 82 square metres, well laid out. Features a private water tank. Ideal for families or professionals.",Gulele,Gulele,1.0,1.0,81.8,False,23500.0,"Rent a 1-bedroom home located in Gulele. 82 square metres, well laid out. Features a private water tank. Ideal for families or professionals."
Rent a 2-bedroom home located in Bole. Floor space of 87 square metres. Furnished and ready to move in. Close to schools and markets.,Bole,Bole,2.0,1.0,87.2,False,40500.0,Rent a 2-bedroom home located in Bole. Floor space of 87 square metres. Furnished and ready to move in. Close to schools and markets.
"Apartment with 4 bedrooms in Gulele, now available. About 123 square metres of living space. Features a private water tank. Comes with a backup generator. Ideal for families or professionals.",Gulele,Gulele,4.0,3.0,123.3,False,44500.0,"Apartment with 4 bedrooms in Gulele, now available. About 123 square metres of living space. Features a private water tank. Comes with a backup generator. Ideal for families or professionals."
5-bedroom unit in Kirkos for long-term rental. About 138 square metres of living space. Furnished and ready to move in. Close to schools and markets.,Kirkos,Kirkos,5.0,3.0,138.3,False,67500.0,5-bedroom unit in Kirkos for long-term rental. About 138 square metres of living space. Furnished and ready to move in. Close to schools and markets.
3-bedroom unit in Nifas Silk for long-term rental. About 86 square metres of living space. Features a private water tank. Well maintained and secure.,Nifas Silk,Nifas Silk,3.0,2.0,85.5,False,31500.0,3-bedroom unit in Nifas Silk for long-term rental. About 86 square metres of living space. Features a private water tank. Well maintained and secure.
"Apartment with 5 bedrooms in Bole, now available. 137 square metres, well laid out. Features a private water tank. Furnished and ready to move in. Close to schools and markets.",Bole,Bole,5.0,3.0,137.0,False,72500.0,"Apartment with 5 bedrooms in Bole, now available. 137 square metres, well laid out. Features a private water tank. Furnished and ready to move in. Close to schools and markets."
2-bedroom apartment in Arada available for rent. About 87 square metres of living space. Features a private water tank. Close to schools and markets.,Arada,Arada,2.0,1.0,87.3,False,33500.0,2-bedroom apartment in Arada available for rent. About 87 square metres of living space. Features a private water tank. Close to schools and markets.
Rent a 1-bedroom home located in Arada. About 76 square metres of living space. Features a private water tank. Comes with a backup generator. Well maintained and secure.,Arada,Arada,1.0,1.0,75.8,False,30500.0,Rent a 1-bedroom home located in Arada. About 76 square metres of living space. Features a private water tank. Comes with a backup generator. Well maintained and secure.
1-bedroom apartment in Yeka available for rent. About 57 square metres of living space. Well maintained apartment. Close to schools and markets.,Yeka,Yeka,1.0,1.0,57.3,False,18500.0,1-bedroom apartment in Yeka available for rent. About 57 square metres of living space. Well maintained apartment. Close to schools and markets.
"3-bedroom apartment in Bole available for rent. 127 square metres, well laid out. Well maintained apartment. Quiet neighbourhood with good access to transport.",Bole,Bole,3.0,2.0,126.8,False,52000.0,"3-bedroom apartment in Bole available for rent. 127 square metres, well laid out. Well maintained apartment. Quiet neighbourhood with good access to transport."
"4-bedroom apartment in Yeka available for rent. 121 square metres, well laid out. Features a private water tank. Comes with a backup generator. Quiet neighbourhood with good access to transport.",Yeka,Yeka,4.0,3.0,121.4,False,49000.0,"4-bedroom apartment in Yeka available for rent. 121 square metres, well laid out. Features a private water tank. Comes with a backup generator. Quiet neighbourhood with good access to transport."
Rent a 2-bedroom home located in Kirkos. Floor space of 83 square metres. Well maintained apartment. Well maintained and secure.,Kirkos,Kirkos,2.0,1.0,83.1,False,32000.0,Rent a 2-bedroom home located in Kirkos. Floor space of 83 square metres. Well maintained apartment. Well maintained and secure.
Rent a 4-bedroom home located in Bole. About 117 square metres of living space. Features a private water tank. Quiet neighbourhood with good access to transport.,Bole,Bole,4.0,2.0,117.0,False,53000.0,Rent a 4-bedroom home located in Bole. About 117 square metres of living space. Features a private water tank. Quiet neighbourhood with good access to transport.
4-bedroom apartment in Akaky Kaliti available for rent. About 142 square metres of living space. Features a private water tank. Comes with a backup generator. Well maintained and secure.,Akaky Kaliti,Akaky Kaliti,4.0,2.0,141.9,False,42500.0,4-bedroom apartment in Akaky Kaliti available for rent. About 142 square metres of living space. Features a private water tank. Comes with a backup generator. Well maintained and secure.
Rent a 2-bedroom home located in Kirkos. About 111 square metres of living space. Furnished and ready to move in. Ideal for families or professionals.,Kirkos,Kirkos,2.0,1.0,111.2,False,47500.0,Rent a 2-bedroom home located in Kirkos. About 111 square metres of living space. Furnished and ready to move in. Ideal for families or professionals.
"Apartment with 2 bedrooms in Kolfe, now available. About 65 square metres of living space. Features a private water tank. Ideal for families or professionals.",Kolfe,Kolfe,2.0,1.0,64.9,False,21500.0,"Apartment with 2 bedrooms in Kolfe, now available. About 65 square metres of living space. Features a private water tank. Ideal for families or professionals."
"Apartment with 4 bedrooms in Addis Ketema, now available. 126 square metres, well laid out. Comes with a backup generator. Well maintained and secure.",Addis Ketema,Addis Ketema,4.0,3.0,125.8,False,41000.0,"Apartment with 4 bedrooms in Addis Ketema, now available. 126 square metres, well laid out. Comes with a backup generator. Well maintained and secure."
Rent a 4-bedroom home located in Bole. Floor space of 145 square metres. Well maintained apartment. Close to schools and markets.,Bole,Bole,4.0,3.0,145.2,False,62000.0,Rent a 4-bedroom home located in Bole. Floor space of 145 square metres. Well maintained apartment. Close to schools and markets.
1-bedroom unit in Nifas Silk for long-term rental. About 47 square metres of living space. Comes with a backup generator. Furnished and ready to move in. Close to schools and markets.,Nifas Silk,Nifas Silk,1.0,1.0,46.6,False,20000.0,1-bedroom unit in Nifas Silk for long-term rental. About 47 square metres of living space. Comes with a backup generator. Furnished and ready to move in. Close to schools and markets.
"2-bedroom unit in Lidetta for long-term rental. 93 square metres, well laid out. Features a private water tank. Comes with a backup generator. Ideal for families or professionals.",Lidetta,Lidetta,2.0,1.0,92.8,False,29500.0,"2-bedroom unit in Lidetta for long-term rental. 93 square metres, well laid out. Features a private water tank. Comes with a backup generator. Ideal for families or professionals."
"Apartment with 3 bedrooms in Nifas Silk, now available. About 123 square metres of living space. Well maintained apartment. Quiet neighbourhood with good access to transport.",Nifas Silk,Nifas Silk,3.0,2.0,122.7,False,38500.0,"Apartment with 3 bedrooms in Nifas Silk, now available. About 123 square metres of living space. Well maintained apartment. Quiet neighbourhood with good access to transport."
"Apartment with 3 bedrooms in Kirkos, now available. About 109 square metres of living space. Furnished and ready to move in. Quiet neighbourhood with good access to transport.",Kirkos,Kirkos,3.0,2.0,108.9,False,50500.0,"Apartment with 3 bedrooms in Kirkos, now available. About 109 square metres of living space. Furnished and ready to move in. Quiet neighbourhood with good access to transport."
Rent a 1-bedroom home located in Kirkos. Floor space of 71 square metres. Features a private water tank. Furnished and ready to move in. Quiet neighbourhood with good access to transport.,Kirkos,Kirkos,1.0,1.0,70.6,False,32000.0,Rent a 1-bedroom home located in Kirkos. Floor space of 71 square metres. Features a private water tank. Furnished and ready to move in. Quiet neighbourhood with good access to transport.
"5-bedroom unit in Bole for long-term rental. 173 square metres, well laid out. Furnished and ready to move in. Close to schools and markets.",Bole,Bole,5.0,3.0,173.1,False,84500.0,"5-bedroom unit in Bole for long-term rental. 173 square metres, well laid out. Furnished and ready to move in. Close to schools and markets."
2-bedroom unit in Arada for long-term rental. Floor space of 109 square metres. Well maintained apartment. Ideal for families or professionals.,Arada,Arada,2.0,1.0,109.4,False,38500.0,2-bedroom unit in Arada for long-term rental. Floor space of 109 square metres. Well maintained apartment. Ideal for families or professionals.
2-bedroom unit in Addis Ketema for long-term rental. Floor space of 85 square metres. Well maintained apartment. Ideal for families or professionals.,Addis Ketema,Addis Ketema,2.0,1.0,85.3,False,23000.0,2-bedroom unit in Addis Ketema for long-term rental. Floor space of 85 square metres. Well maintained apartment. Ideal for families or professionals.
Rent a 1-bedroom home located in Addis Ketema. About 58 square metres of living space. Well maintained apartment. Close to schools and markets.,Addis Ketema,Addis Ketema,1.0,1.0,57.6,False,15000.0,Rent a 1-bedroom home located in Addis Ketema. About 58 square metres of living space. Well maintained apartment. Close to schools and markets.
"5-bedroom unit in Bole for long-term rental. 141 square metres, well laid out. Well maintained apartment. Quiet neighbourhood with good access to transport.",Bole,Bole,5.0,3.0,141.0,False,62500.0,"5-bedroom unit in Bole for long-term rental. 141 square metres, well laid out. Well maintained apartment. Quiet neighbourhood with good access to transport."
2-bedroom unit in Gulele for long-term rental. About 98 square metres of living space. Features a private water tank. Quiet neighbourhood with good access to transport.,Gulele,Gulele,2.0,2.0,97.7,False,30500.0,2-bedroom unit in Gulele for long-term rental. About 98 square metres of living space. Features a private water tank. Quiet neighbourhood with good access to transport.
5-bedroom apartment in Yeka available for rent. About 136 square metres of living space. Well maintained apartment. Ideal for families or professionals.,Yeka,Yeka,5.0,3.0,135.5,False,50500.0,5-bedroom apartment in Yeka available for rent. About 136 square metres of living space. Well maintained apartment. Ideal for families or professionals.
3-bedroom unit in Akaky Kaliti for long-term rental. About 105 square metres of living space. Features a private water tank. Close to schools and markets.,Akaky Kaliti,Akaky Kaliti,3.0,2.0,105.0,False,31000.0,3-bedroom unit in Akaky Kaliti for long-term rental. About 105 square metres of living space. Features a private water tank. Close to schools and markets.
Rent a 5-bedroom home located in Bole. Floor space of 153 square metres. Features a private water tank. Furnished and ready to move in. Well maintained and secure.,Bole,Bole,5.0,2.0,153.2,False,77500.0,Rent a 5-bedroom home located in Bole. Floor space of 153 square metres. Features a private water tank. Furnished and ready to move in. Well maintained and secure.
"1-bedroom unit in Akaky Kaliti for long-term rental. 58 square metres, well laid out. Features a private water tank. Comes with a backup generator. Close to schools and markets.",Akaky Kaliti,Akaky Kaliti,1.0,1.0,58.0,False,19000.0,"1-bedroom unit in Akaky Kaliti for long-term rental. 58 square metres, well laid out. Features a private water tank. Comes with a backup generator. Close to schools and markets."
1-bedroom unit in Lidetta for long-term rental. About 67 square metres of living space. Comes with a backup generator. Furnished and ready to move in. Quiet neighbourhood with good access to transport.,Lidetta,Lidetta,1.0,1.0,67.4,False,23000.0,1-bedroom unit in Lidetta for long-term rental. About 67 square metres of living space. Comes with a backup generator. Furnished and ready to move in. Quiet neighbourhood with good access to transport.
Rent a 5-bedroom home located in Bole. About 183 square metres of living space. Features a private water tank. Furnished and ready to move in. Ideal for families or professionals.,Bole,Bole,5.0,3.0,182.8,False,90500.0,Rent a 5-bedroom home located in Bole. About 183 square metres of living space. Features a private water tank. Furnished and ready to move in. Ideal for families or professionals.
"Apartment with 5 bedrooms in Bole, now available. About 150 square metres of living space. Well maintained apartment. Quiet neighbourhood with good access to transport.",Bole,Bole,5.0,3.0,150.5,False,66000.0,"Apartment with 5 bedrooms in Bole, now available. About 150 square metres of living space. Well maintained apartment. Quiet neighbourhood with good access to transport."
3-bedroom unit in Lidetta for long-term rental. Floor space of 103 square metres. Well maintained apartment. Close to schools and markets.,Lidetta,Lidetta,3.0,2.0,102.8,False,30500.0,3-bedroom unit in Lidetta for long-term rental. Floor space of 103 square metres. Well maintained apartment. Close to schools and markets.
"Apartment with 1 bedrooms in Bole, now available. Floor space of 76 square metres. Furnished and ready to move in. Close to schools and markets.",Bole,Bole,1.0,1.0,76.2,False,33500.0,"Apartment with 1 bedrooms in Bole, now available. Floor space of 76 square metres. Furnished and ready to move in. Close to schools and markets."
Rent a 5-bedroom home located in Arada. About 155 square metres of living space. Well maintained apartment. Close to schools and markets.,Arada,Arada,5.0,2.0,154.9,False,60000.0,Rent a 5-bedroom home located in Arada. About 155 square metres of living space. Well maintained apartment. Close to schools and markets.
"Apartment with 2 bedrooms in Akaky Kaliti, now available. About 103 square metres of living space. Features a private water tank. Comes with a backup generator. Well maintained and secure.",Akaky Kaliti,Akaky Kaliti,2.0,2.0,103.3,False,31000.0,"Apartment with 2 bedrooms in Akaky Kaliti, now available. About 103 square metres of living space. Features a private water tank. Comes with a backup generator. Well maintained and secure."
"Rent a 5-bedroom home located in Nifas Silk. 154 square metres, well laid out. Comes with a backup generator. Well maintained and secure.",Nifas Silk,Nifas Silk,5.0,3.0,154.0,False,54000.0,"Rent a 5-bedroom home located in Nifas Silk. 154 square metres, well laid out. Comes with a backup generator. Well maintained and secure."
"Rent a 5-bedroom home located in Kirkos. 149 square metres, well laid out. Well maintained apartment. Close to schools and markets.",Kirkos,Kirkos,5.0,3.0,149.0,False,62500.0,"Rent a 5-bedroom home located in Kirkos. 149 square metres, well laid out. Well maintained apartment. Close to schools and markets."
"Rent a 5-bedroom home located in Kirkos. 131 square metres, well laid out. Features a private water tank. Furnished and ready to move in. Quiet neighbourhood with good access to transport.",Kirkos,Kirkos,5.0,3.0,130.6,False,67000.0,"Rent a 5-bedroom home located in Kirkos. 131 square metres, well laid out. Features a private water tank. Furnished and ready to move in. Quiet neighbourhood with good access to transport."
"4-bedroom apartment in Bole available for rent. 111 square metres, well laid out. Furnished and ready to move in. Well maintained and secure.",Bole,Bole,4.0,3.0,110.6,False,57500.0,"4-bedroom apartment in Bole available for rent. 111 square metres, well laid out. Furnished and ready to move in. Well maintained and secure."
"4-bedroom apartment in Addis Ketema available for rent. 108 square metres, well laid out. Features a private water tank. Comes with a backup generator. Ideal for families or professionals.",Addis Ketema,Addis Ketema,4.0,2.0,108.0,False,37500.0,"4-bedroom apartment in Addis Ketema available for rent. 108 square metres, well laid out. Features a private water tank. Comes with a backup generator. Ideal for families or professionals."
Rent a 3-bedroom home located in Yeka. Floor space of 113 square metres. Well maintained apartment. Ideal for families or professionals.,Yeka,Yeka,3.0,2.0,112.6,False,39000.0,Rent a 3-bedroom home located in Yeka. Floor space of 113 square metres. Well maintained apartment. Ideal for families or professionals.
1-bedroom unit in Yeka for long-term rental. Floor space of 48 square metres. Features a private water tank. Ideal for families or professionals.,Yeka,Yeka,1.0,1.0,47.7,False,18000.0,1-bedroom unit in Yeka for long-term rental. Floor space of 48 square metres. Features a private water tank. Ideal for families or professionals.
2-bedroom unit in Yeka for long-term rental. Floor space of 101 square metres. Comes with a backup generator. Quiet neighbourhood with good access to transport.,Yeka,Yeka,2.0,1.0,101.1,False,35000.0,2-bedroom unit in Yeka for long-term rental. Floor space of 101 square metres. Comes with a backup generator. Quiet neighbourhood with good access to transport.
"Apartment with 4 bedrooms in Addis Ketema, now available. Floor space of 130 square metres. Comes with a backup generator. Well maintained and secure.",Addis Ketema,Addis Ketema,4.0,2.0,130.4,False,40500.0,"Apartment with 4 bedrooms in Addis Ketema, now available. Floor space of 130 square metres. Comes with a backup generator. Well maintained and secure."
5-bedroom apartment in Bole available for rent. Floor space of 149 square metres. Features a private water tank. Furnished and ready to move in. Well maintained and secure.,Bole,Bole,5.0,2.0,149.1,False,76000.0,5-bedroom apartment in Bole available for rent. Floor space of 149 square metres. Features a private water tank. Furnished and ready to move in. Well maintained and secure.
"Apartment with 3 bedrooms in Lidetta, now available. 98 square metres, well laid out. Furnished and ready to move in. Close to schools and markets.",Lidetta,Lidetta,3.0,2.0,97.9,False,34000.0,"Apartment with 3 bedrooms in Lidetta, now available. 98 square metres, well laid out. Furnished and ready to move in. Close to schools and markets."
"Apartment with 4 bedrooms in Gulele, now available. Floor space of 138 square metres. Features a private water tank. Well maintained and secure.",Gulele,Gulele,4.0,2.0,137.5,False,44000.0,"Apartment with 4 bedrooms in Gulele, now available. Floor space of 138 square metres. Features a private water tank. Well maintained and secure."
Rent a 1-bedroom home located in Lidetta. About 54 square metres of living space. Well maintained apartment. Well maintained and secure.,Lidetta,Lidetta,1.0,1.0,54.3,False,15000.0,Rent a 1-bedroom home located in Lidetta. About 54 square metres of living space. Well maintained apartment. Well maintained and secure.
"Rent a 3-bedroom home located in Addis Ketema. 96 square metres, well laid out. Features a private water tank. Well maintained and secure.",Addis Ketema,Addis Ketema,3.0,2.0,96.2,False,30500.0,"Rent a 3-bedroom home located in Addis Ketema. 96 square metres, well laid out. Features a private water tank. Well maintained and secure."
3-bedroom unit in Lidetta for long-term rental. About 122 square metres of living space. Comes with a backup generator. Ideal for families or professionals.,Lidetta,Lidetta,3.0,2.0,122.3,False,37500.0,3-bedroom unit in Lidetta for long-term rental. About 122 square metres of living space. Comes with a backup generator. Ideal for families or professionals.
5-bedroom unit in Akaky Kaliti for long-term rental. Floor space of 156 square metres. Features a private water tank. Well maintained and secure.,Akaky Kaliti,Akaky Kaliti,5.0,3.0,156.3,False,46000.0,5-bedroom unit in Akaky Kaliti for long-term rental. Floor space of 156 square metres. Features a private water tank. Well maintained and secure.
"Apartment with 2 bedrooms in Bole, now available. 83 square metres, well laid out. Features a private water tank. Quiet neighbourhood with good access to transport.",Bole,Bole,2.0,1.0,83.2,False,35500.0,"Apartment with 2 bedrooms in Bole, now available. 83 square metres, well laid out. Features a private water tank. Quiet neighbourhood with good access to transport."
Rent a 2-bedroom home located in Kolfe. Floor space of 94 square metres. Well maintained apartment. Well maintained and secure.,Kolfe,Kolfe,2.0,1.0,93.7,False,25500.0,Rent a 2-bedroom home located in Kolfe. Floor space of 94 square metres. Well maintained apartment. Well maintained and secure.
2-bedroom unit in Arada for long-term rental. About 86 square metres of living space. Well maintained apartment. Quiet neighbourhood with good access to transport.,Arada,Arada,2.0,1.0,86.1,False,31500.0,2-bedroom unit in Arada for long-term rental. About 86 square metres of living space. Well maintained apartment. Quiet neighbourhood with good access to transport.
1-bedroom unit in Arada for long-term rental. Floor space of 69 square metres. Furnished and ready to move in. Well maintained and secure.,Arada,Arada,1.0,1.0,68.6,False,27500.0,1-bedroom unit in Arada for long-term rental. Floor space of 69 square metres. Furnished and ready to move in. Well maintained and secure.
3-bedroom apartment in Akaky Kaliti available for rent. Floor space of 98 square metres. Features a private water tank. Comes with a backup generator. Ideal for families or professionals.,Akaky Kaliti,Akaky Kaliti,3.0,1.0,98.2,False,31000.0,3-bedroom apartment in Akaky Kaliti available for rent. Floor space of 98 square metres. Features a private water tank. Comes with a backup generator. Ideal for families or professionals.
"Apartment with 4 bedrooms in Addis Ketema, now available. About 155 square metres of living space. Features a private water tank. Ideal for families or professionals.",Addis Ketema,Addis Ketema,4.0,2.0,154.8,False,44500.0,"Apartment with 4 bedrooms in Addis Ketema, now available. About 155 square metres of living space. Features a private water tank. Ideal for families or professionals."
"Apartment with 5 bedrooms in Gulele, now available. Floor space of 145 square metres. Furnished and ready to move in. Close to schools and markets.",Gulele,Gulele,5.0,2.0,145.0,False,53000.0,"Apartment with 5 bedrooms in Gulele, now available. Floor space of 145 square metres. Furnished and ready to move in. Close to schools and markets."
5-bedroom unit in Arada for long-term rental. About 171 square metres of living space. Features a private water tank. Comes with a backup generator. Quiet neighbourhood with good access to transport.,Arada,Arada,5.0,3.0,170.7,False,70000.0,5-bedroom unit in Arada for long-term rental. About 171 square metres of living space. Features a private water tank. Comes with a backup generator. Quiet neighbourhood with good access to transport.
"Rent a 1-bedroom home located in Arada. 62 square metres, well laid out. Features a private water tank. Ideal for families or professionals.",Arada,Arada,1.0,1.0,61.7,False,23500.0,"Rent a 1-bedroom home located in Arada. 62 square metres, well laid out. Features a private water tank. Ideal for families or professionals."
2-bedroom unit in Kirkos for long-term rental. About 96 square metres of living space. Well maintained apartment. Close to schools and markets.,Kirkos,Kirkos,2.0,2.0,95.7,False,37500.0,2-bedroom unit in Kirkos for long-term rental. About 96 square metres of living space. Well maintained apartment. Close to schools and markets.
"2-bedroom apartment in Kirkos available for rent. 95 square metres, well laid out. Furnished and ready to move in. Close to schools and markets.",Kirkos,Kirkos,2.0,1.0,94.8,False,41500.0,"2-bedroom apartment in Kirkos available for rent. 95 square metres, well laid out. Furnished and ready to move in. Close to schools and markets."
Rent a 2-bedroom home located in Kirkos. About 100 square metres of living space. Features a private water tank. Well maintained and secure.,Kirkos,Kirkos,2.0,1.0,99.8,False,39500.0,Rent a 2-bedroom home located in Kirkos. About 100 square metres of living space. Features a private water tank. Well maintained and secure.
"Apartment with 5 bedrooms in Bole, now available. About 142 square metres of living space. Features a private water tank. Furnished and ready to move in. Quiet neighbourhood with good access to transport.",Bole,Bole,5.0,3.0,141.9,False,74500.0,"Apartment with 5 bedrooms in Bole, now available. About 142 square metres of living space. Features a private water tank. Furnished and ready to move in. Quiet neighbourhood with good access to transport."
"1-bedroom unit in Bole for long-term rental. 77 square metres, well laid out. Well maintained apartment. Quiet neighbourhood with good access to transport.",Bole,Bole,1.0,1.0,76.9,False,29500.0,"1-bedroom unit in Bole for long-term rental. 77 square metres, well laid out. Well maintained apartment. Quiet neighbourhood with good access to transport."
"1-bedroom unit in Kolfe for long-term rental. 86 square metres, well laid out. Features a private water tank. Close to schools and markets.",Kolfe,Kolfe,1.0,1.0,86.2,False,23500.0,"1-bedroom unit in Kolfe for long-term rental. 86 square metres, well laid out. Features a private water tank. Close to schools and markets."
"5-bedroom apartment in Kirkos available for rent. 149 square metres, well laid out. Features a private water tank. Quiet neighbourhood with good access to transport.",Kirkos,Kirkos,5.0,3.0,148.9,False,64000.0,"5-bedroom apartment in Kirkos available for rent. 149 square metres, well laid out. Features a private water tank. Quiet neighbourhood with good access to transport."
5-bedroom apartment in Akaky Kaliti available for rent. About 152 square metres of living space. Features a private water tank. Ideal for families or professionals.,Akaky Kaliti,Akaky Kaliti,5.0,3.0,152.4,False,45500.0,5-bedroom apartment in Akaky Kaliti available for rent. About 152 square metres of living space. Features a private water tank. Ideal for families or professionals.
"Apartment with 2 bedrooms in Nifas Silk, now available. About 80 square metres of living space. Features a private water tank. Quiet neighbourhood with good access to transport.",Nifas Silk,Nifas Silk,2.0,1.0,79.7,False,26500.0,"Apartment with 2 bedrooms in Nifas Silk, now available. About 80 square metres of living space. Features a private water tank. Quiet neighbourhood with good access to transport."
Rent a 2-bedroom home located in Bole. About 82 square metres of living space. Furnished and ready to move in. Close to schools and markets.,Bole,Bole,2.0,2.0,81.8,False,40000.0,Rent a 2-bedroom home located in Bole. About 82 square metres of living space. Furnished and ready to move in. Close to schools and markets.
3-bedroom apartment in Bole available for rent. About 128 square metres of living space. Well maintained apartment. Ideal for families or professionals.,Bole,Bole,3.0,2.0,128.5,False,52500.0,3-bedroom apartment in Bole available for rent. About 128 square metres of living space. Well maintained apartment. Ideal for families or professionals.
"3-bedroom apartment in Yeka available for rent. 96 square metres, well laid out. Features a private water tank. Comes with a backup generator. Quiet neighbourhood with good access to transport.",Yeka,Yeka,3.0,2.0,95.9,False,39000.0,"3-bedroom apartment in Yeka available for rent. 96 square metres, well laid out. Features a private water tank. Comes with a backup generator. Quiet neighbourhood with good access to transport."
Rent a 5-bedroom home located in Addis Ketema. Floor space of 141 square metres. Features a private water tank. Ideal for families or professionals.,Addis Ketema,Addis Ketema,5.0,3.0,140.7,False,45000.0,Rent a 5-bedroom home located in Addis Ketema. Floor space of 141 square metres. Features a private water tank. Ideal for families or professionals.
Rent a 3-bedroom home located in Yeka. About 127 square metres of living space. Well maintained apartment. Ideal for families or professionals.,Yeka,Yeka,3.0,2.0,127.3,False,42500.0,Rent a 3-bedroom home located in Yeka. About 127 square metres of living space. Well maintained apartment. Ideal for families or professionals.
1-bedroom apartment in Arada available for rent. Floor space of 72 square metres. Furnished and ready to move in. Ideal for families or professionals.,Arada,Arada,1.0,1.0,71.5,False,28500.0,1-bedroom apartment in Arada available for rent. Floor space of 72 square metres. Furnished and ready to move in. Ideal for families or professionals.
Rent a 3-bedroom home located in Akaky Kaliti. About 133 square metres of living space. Features a private water tank. Furnished and ready to move in. Close to schools and markets.,Akaky Kaliti,Akaky Kaliti,3.0,2.0,133.4,False,41500.0,Rent a 3-bedroom home located in Akaky Kaliti. About 133 square metres of living space. Features a private water tank. Furnished and ready to move in. Close to schools and markets.
3-bedroom apartment in Addis Ketema available for rent. About 103 square metres of living space. Well maintained apartment. Quiet neighbourhood with good access to transport.,Addis Ketema,Addis Ketema,3.0,1.0,102.6,False,29000.0,3-bedroom apartment in Addis Ketema available for rent. About 103 square metres of living space. Well maintained apartment. Quiet neighbourhood with good access to transport.
3-bedroom unit in Yeka for long-term rental. About 110 square metres of living space. Well maintained apartment. Ideal for families or professionals.,Yeka,Yeka,3.0,3.0,109.5,False,39000.0,3-bedroom unit in Yeka for long-term rental. About 110 square metres of living space. Well maintained apartment. Ideal for families or professionals.
3-bedroom unit in Bole for long-term rental. About 100 square metres of living space. Furnished and ready to move in. Quiet neighbourhood with good access to transport.,Bole,Bole,3.0,2.0,100.1,False,49500.0,3-bedroom unit in Bole for long-term rental. About 100 square metres of living space. Furnished and ready to move in. Quiet neighbourhood with good access to transport.
"5-bedroom apartment in Bole available for rent. 154 square metres, well laid out. Well maintained apartment. Close to schools and markets.",Bole,Bole,5.0,2.0,153.7,False,65500.0,"5-bedroom apartment in Bole available for rent. 154 square metres, well laid out. Well maintained apartment. Close to schools and markets."
"Apartment with 5 bedrooms in Bole, now available. 131 square metres, well laid out. Comes with a backup generator. Close to schools and markets.",Bole,Bole,5.0,2.0,130.7,False,60500.0,"Apartment with 5 bedrooms in Bole, now available. 131 square metres, well laid out. Comes with a backup generator. Close to schools and markets."
Rent a 2-bedroom home located in Yeka. About 94 square metres of living space. Well maintained apartment. Quiet neighbourhood with good access to transport.,Yeka,Yeka,2.0,1.0,94.2,False,30500.0,Rent a 2-bedroom home located in Yeka. About 94 square metres of living space. Well maintained apartment. Quiet neighbourhood with good access to transport.
"2-bedroom unit in Nifas Silk for long-term rental. 90 square metres, well laid out. Features a private water tank. Close to schools and markets.",Nifas Silk,Nifas Silk,2.0,1.0,89.9,False,29000.0,"2-bedroom unit in Nifas Silk for long-term rental. 90 square metres, well laid out. Features a private water tank. Close to schools and markets."
"Apartment with 4 bedrooms in Akaky Kaliti, now available. 129 square metres, well laid out. Features a private water tank. Comes with a backup generator. Furnished and ready to move in. Close to schools and markets.",Akaky Kaliti,Akaky Kaliti,4.0,2.0,129.3,False,46000.0,"Apartment with 4 bedrooms in Akaky Kaliti, now available. 129 square metres, well laid out. Features a private water tank. Comes with a backup generator. Furnished and ready to move in. Close to schools and markets."
"3-bedroom unit in Arada for long-term rental. 103 square metres, well laid out. Comes with a backup generator. Quiet neighbourhood with good access to transport.",Arada,Arada,3.0,3.0,103.3,False,44000.0,"3-bedroom unit in Arada for long-term rental. 103 square metres, well laid out. Comes with a backup generator. Quiet neighbourhood with good access to transport."
"Apartment with 3 bedrooms in Nifas Silk, now available. 97 square metres, well laid out. Features a private water tank. Ideal for families or professionals.",Nifas Silk,Nifas Silk,3.0,2.0,97.3,False,34000.0,"Apartment with 3 bedrooms in Nifas Silk, now available. 97 square metres, well laid out. Features a private water tank. Ideal for families or professionals."
1-bedroom unit in Yeka for long-term rental. Floor space of 73 square metres. Well maintained apartment. Quiet neighbourhood with good access to transport.,Yeka,Yeka,1.0,1.0,72.7,False,22500.0,1-bedroom unit in Yeka for long-term rental. Floor space of 73 square metres. Well maintained apartment. Quiet neighbourhood with good access to transport.
"Apartment with 2 bedrooms in Kolfe, now available. About 72 square metres of living space. Features a private water tank. Comes with a backup generator. Ideal for families or professionals.",Kolfe,Kolfe,2.0,1.0,71.9,False,25500.0,"Apartment with 2 bedrooms in Kolfe, now available. About 72 square metres of living space. Features a private water tank. Comes with a backup generator. Ideal for families or professionals."
4-bedroom unit in Nifas Silk for long-term rental. About 136 square metres of living space. Features a private water tank. Quiet neighbourhood with good access to transport.,Nifas Silk,Nifas Silk,4.0,3.0,136.1,False,47000.0,4-bedroom unit in Nifas Silk for long-term rental. About 136 square metres of living space. Features a private water tank. Quiet neighbourhood with good access to transport.
"5-bedroom unit in Lidetta for long-term rental. 177 square metres, well laid out. Well maintained apartment. Ideal for families or professionals.",Lidetta,Lidetta,5.0,3.0,176.9,False,51500.0,"5-bedroom unit in Lidetta for long-term rental. 177 square metres, well laid out. Well maintained apartment. Ideal for families or professionals."
"Rent a 4-bedroom home located in Akaky Kaliti. 148 square metres, well laid out. Features a private water tank. Comes with a backup generator. Well maintained and secure.",Akaky Kaliti,Akaky Kaliti,4.0,2.0,147.8,False,43500.0,"Rent a 4-bedroom home located in Akaky Kaliti. 148 square metres, well laid out. Features a private water tank. Comes with a backup generator. Well maintained and secure."
2-bedroom unit in Kirkos for long-term rental. About 68 square metres of living space. Well maintained apartment. Well maintained and secure.,Kirkos,Kirkos,2.0,1.0,67.9,False,27500.0,2-bedroom unit in Kirkos for long-term rental. About 68 square metres of living space. Well maintained apartment. Well maintained and secure.
"Apartment with 1 bedrooms in Bole, now available. About 58 square metres of living space. Furnished and ready to move in. Well maintained and secure.",Bole,Bole,1.0,1.0,57.6,False,26500.0,"Apartment with 1 bedrooms in Bole, now available. About 58 square metres of living space. Furnished and ready to move in. Well maintained and secure."
"1-bedroom apartment in Yeka available for rent. 69 square metres, well laid out. Comes with a backup generator. Well maintained and secure.",Yeka,Yeka,1.0,1.0,69.1,False,24500.0,"1-bedroom apartment in Yeka available for rent. 69 square metres, well laid out. Comes with a backup generator. Well maintained and secure."
2-bedroom apartment in Kirkos available for rent. Floor space of 85 square metres. Well maintained apartment. Quiet neighbourhood with good access to transport.,Kirkos,Kirkos,2.0,1.0,85.2,False,33000.0,2-bedroom apartment in Kirkos available for rent. Floor space of 85 square metres. Well maintained apartment. Quiet neighbourhood with good access to transport.
3-bedroom unit in Akaky Kaliti for long-term rental. About 91 square metres of living space. Features a private water tank. Comes with a backup generator. Well maintained and secure.,Akaky Kaliti,Akaky Kaliti,3.0,2.0,91.2,False,30500.0,3-bedroom unit in Akaky Kaliti for long-term rental. About 91 square metres of living space. Features a private water tank. Comes with a backup generator. Well maintained and secure.
5-bedroom apartment in Kirkos available for rent. About 157 square metres of living space. Well maintained apartment. Close to schools and markets.,Kirkos,Kirkos,5.0,3.0,156.6,False,64500.0,5-bedroom apartment in Kirkos available for rent. About 157 square metres of living space. Well maintained apartment. Close to schools and markets.
Rent a 5-bedroom home located in Kolfe. About 152 square metres of living space. Features a private water tank. Well maintained and secure.,Kolfe,Kolfe,5.0,3.0,151.9,False,49000.0,Rent a 5-bedroom home located in Kolfe. About 152 square metres of living space. Features a private water tank. Well maintained and secure.
1-bedroom apartment in Arada available for rent. Floor space of 87 square metres. Well maintained apartment. Close to schools and markets.,Arada,Arada,1.0,1.0,87.0,False,29500.0,1-bedroom apartment in Arada available for rent. Floor space of 87 square metres. Well maintained apartment. Close to schools and markets.
"Apartment with 4 bedrooms in Yeka, now available. About 127 square metres of living space. Well maintained apartment. Quiet neighbourhood with good access to transport.",Yeka,Yeka,4.0,3.0,127.0,False,46000.0,"Apartment with 4 bedrooms in Yeka, now available. About 127 square metres of living space. Well maintained apartment. Quiet neighbourhood with good access to transport."
2-bedroom apartment in Kirkos available for rent. Floor space of 100 square metres. Furnished and ready to move in. Well maintained and secure.,Kirkos,Kirkos,2.0,1.0,100.0,False,43000.0,2-bedroom apartment in Kirkos available for rent. Floor space of 100 square metres. Furnished and ready to move in. Well maintained and secure.
"Apartment with 1 bedrooms in Nifas Silk, now available. Floor space of 49 square metres. Well maintained apartment. Quiet neighbourhood with good access to transport.",Nifas Silk,Nifas Silk,1.0,1.0,48.8,False,15000.0,"Apartment with 1 bedrooms in Nifas Silk, now available. Floor space of 49 square metres. Well maintained apartment. Quiet neighbourhood with good access to transport."
3-bedroom unit in Gulele for long-term rental. Floor space of 96 square metres. Features a private water tank. Well maintained and secure.,Gulele,Gulele,3.0,1.0,95.7,False,31000.0,3-bedroom unit in Gulele for long-term rental. Floor space of 96 square metres. Features a private water tank. Well maintained and secure.
1-bedroom apartment in Kirkos available for rent. About 73 square metres of living space. Features a private water tank. Ideal for families or professionals.,Kirkos,Kirkos,1.0,1.0,72.7,False,28500.0,1-bedroom apartment in Kirkos available for rent. About 73 square metres of living space. Features a private water tank. Ideal for families or professionals.
"Apartment with 2 bedrooms in Yeka, now available. 99 square metres, well laid out. Features a private water tank. Close to schools and markets.",Yeka,Yeka,2.0,1.0,99.0,False,33500.0,"Apartment with 2 bedrooms in Yeka, now available. 99 square metres, well laid out. Features a private water tank. Close to schools and markets."
"Apartment with 3 bedrooms in Gulele, now available. Floor space of 96 square metres. Comes with a backup generator. Ideal for families or professionals.",Gulele,Gulele,3.0,2.0,96.5,False,33500.0,"Apartment with 3 bedrooms in Gulele, now available. Floor space of 96 square metres. Comes with a backup generator. Ideal for families or professionals."
"Apartment with 2 bedrooms in Bole, now available. About 86 square metres of living space. Features a private water tank. Comes with a backup generator. Ideal for families or professionals.",Bole,Bole,2.0,1.0,86.3,False,39500.0,"Apartment with 2 bedrooms in Bole, now available. About 86 square metres of living space. Features a private water tank. Comes with a backup generator. Ideal for families or professionals."
3-bedroom unit in Akaky Kaliti for long-term rental. Floor space of 91 square metres. Features a private water tank. Ideal for families or professionals.,Akaky Kaliti,Akaky Kaliti,3.0,2.0,91.4,False,28000.0,3-bedroom unit in Akaky Kaliti for long-term rental. Floor space of 91 square metres. Features a private water tank. Ideal for families or professionals.
"Apartment with 3 bedrooms in Yeka, now available. About 106 square metres of living space. Features a private water tank. Furnished and ready to move in. Quiet neighbourhood with good access to transport.",Yeka,Yeka,3.0,2.0,105.8,False,44500.0,"Apartment with 3 bedrooms in Yeka, now available. About 106 square metres of living space. Features a private water tank. Furnished and ready to move in. Quiet neighbourhood with good access to transport."
4-bedroom unit in Bole for long-term rental. Floor space of 140 square metres. Well maintained apartment. Ideal for families or professionals.,Bole,Bole,4.0,3.0,140.0,False,60000.0,4-bedroom unit in Bole for long-term rental. Floor space of 140 square metres. Well maintained apartment. Ideal for families or professionals.
"1-bedroom apartment in Arada available for rent. 59 square metres, well laid out. Features a private water tank. Well maintained and secure.",Arada,Arada,1.0,1.0,58.8,False,23000.0,"1-bedroom apartment in Arada available for rent. 59 square metres, well laid out. Features a private water tank. Well maintained and secure."
Rent a 1-bedroom home located in Arada. Floor space of 61 square metres. Well maintained apartment. Ideal for families or professionals.,Arada,Arada,1.0,1.0,61.0,False,21500.0,Rent a 1-bedroom home located in Arada. Floor space of 61 square metres. Well maintained apartment. Ideal for families or professionals.
Rent a 3-bedroom home located in Arada. About 94 square metres of living space. Well maintained apartment. Quiet neighbourhood with good access to transport.,Arada,Arada,3.0,2.0,94.4,False,37500.0,Rent a 3-bedroom home located in Arada. About 94 square metres of living space. Well maintained apartment. Quiet neighbourhood with good access to transport.
"2-bedroom unit in Kirkos for long-term rental. 78 square metres, well laid out. Features a private water tank. Furnished and ready to move in. Close to schools and markets.",Kirkos,Kirkos,2.0,1.0,78.2,False,37500.0,"2-bedroom unit in Kirkos for long-term rental. 78 square metres, well laid out. Features a private water tank. Furnished and ready to move in. Close to schools and markets."
"Rent a 4-bedroom home located in Addis Ketema. 151 square metres, well laid out. Features a private water tank. Ideal for families or professionals.",Addis Ketema,Addis Ketema,4.0,3.0,151.1,False,45000.0,"Rent a 4-bedroom home located in Addis Ketema. 151 square metres, well laid out. Features a private water tank. Ideal for families or professionals."
1-bedroom unit in Arada for long-term rental. About 65 square metres of living space. Comes with a backup generator. Ideal for families or professionals.,Arada,Arada,1.0,1.0,64.9,False,25500.0,1-bedroom unit in Arada for long-term rental. About 65 square metres of living space. Comes with a backup generator. Ideal for families or professionals.
"Apartment with 3 bedrooms in Arada, now available. 96 square metres, well laid out. Well maintained apartment. Ideal for families or professionals.",Arada,Arada,3.0,2.0,96.0,False,38000.0,"Apartment with 3 bedrooms in Arada, now available. 96 square metres, well laid out. Well maintained apartment. Ideal for families or professionals."
"Rent a 5-bedroom home located in Kirkos. 148 square metres, well laid out. Comes with a backup generator. Ideal for families or professionals.",Kirkos,Kirkos,5.0,3.0,148.2,False,64500.0,"Rent a 5-bedroom home located in Kirkos. 148 square metres, well laid out. Comes with a backup generator. Ideal for families or professionals."
"Apartment with 1 bedrooms in Bole, now available. Floor space of 45 square metres. Features a private water tank. Quiet neighbourhood with good access to transport.",Bole,Bole,1.0,1.0,44.8,False,20500.0,"Apartment with 1 bedrooms in Bole, now available. Floor space of 45 square metres. Features a private water tank. Quiet neighbourhood with good access to transport."
Rent a 2-bedroom home located in Nifas Silk. Floor space of 74 square metres. Well maintained apartment. Quiet neighbourhood with good access to transport.,Nifas Silk,Nifas Silk,2.0,1.0,73.8,False,23500.0,Rent a 2-bedroom home located in Nifas Silk. Floor space of 74 square metres. Well maintained apartment. Quiet neighbourhood with good access to transport.
"5-bedroom apartment in Yeka available for rent. 168 square metres, well laid out. Features a private water tank. Quiet neighbourhood with good access to transport.",Yeka,Yeka,5.0,3.0,168.3,False,61000.0,"5-bedroom apartment in Yeka available for rent. 168 square metres, well laid out. Features a private water tank. Quiet neighbourhood with good access to transport."
3-bedroom apartment in Nifas Silk available for rent. Floor space of 106 square metres. Features a private water tank. Well maintained and secure.,Nifas Silk,Nifas Silk,3.0,2.0,106.3,False,36500.0,3-bedroom apartment in Nifas Silk available for rent. Floor space of 106 square metres. Features a private water tank. Well maintained and secure.
1-bedroom apartment in Bole available for rent. About 87 square metres of living space. Well maintained apartment. Close to schools and markets.,Bole,Bole,1.0,1.0,86.7,False,33000.0,1-bedroom apartment in Bole available for rent. About 87 square metres of living space. Well maintained apartment. Close to schools and markets.
"Apartment with 2 bedrooms in Addis Ketema, now available. Floor space of 85 square metres. Comes with a backup generator. Quiet neighbourhood with good access to transport.",Addis Ketema,Addis Ketema,2.0,2.0,84.9,False,27000.0,"Apartment with 2 bedrooms in Addis Ketema, now available. Floor space of 85 square metres. Comes with a backup generator. Quiet neighbourhood with good access to transport."
4-bedroom apartment in Arada available for rent. About 130 square metres of living space. Well maintained apartment. Close to schools and markets.,Arada,Arada,4.0,3.0,129.6,False,51500.0,4-bedroom apartment in Arada available for rent. About 130 square metres of living space. Well maintained apartment. Close to schools and markets.
5-bedroom unit in Akaky Kaliti for long-term rental. Floor space of 160 square metres. Features a private water tank. Comes with a backup generator. Well maintained and secure.,Akaky Kaliti,Akaky Kaliti,5.0,3.0,159.7,False,49500.0,5-bedroom unit in Akaky Kaliti for long-term rental. Floor space of 160 square metres. Features a private water tank. Comes with a backup generator. Well maintained and secure.
"2-bedroom apartment in Arada available for rent. 54 square metres, well laid out. Well maintained apartment. Well maintained and secure.",Arada,Arada,2.0,1.0,53.9,False,22000.0,"2-bedroom apartment in Arada available for rent. 54 square metres, well laid out. Well maintained apartment. Well maintained and secure."
"Apartment with 3 bedrooms in Bole, now available. 110 square metres, well laid out. Well maintained apartment. Quiet neighbourhood with good access to transport.",Bole,Bole,3.0,2.0,110.5,False,46500.0,"Apartment with 3 bedrooms in Bole, now available. 110 square metres, well laid out. Well maintained apartment. Quiet neighbourhood with good access to transport."
Rent a 4-bedroom home located in Kolfe. About 129 square metres of living space. Features a private water tank. Ideal for families or professionals.,Kolfe,Kolfe,4.0,2.0,129.4,False,41000.0,Rent a 4-bedroom home located in Kolfe. About 129 square metres of living space. Features a private water tank. Ideal for families or professionals.
Rent a 1-bedroom home located in Nifas Silk. Floor space of 82 square metres. Features a private water tank. Well maintained and secure.,Nifas Silk,Nifas Silk,1.0,1.0,81.8,False,25000.0,Rent a 1-bedroom home located in Nifas Silk. Floor space of 82 square metres. Features a private water tank. Well maintained and secure.
Rent a 2-bedroom home located in Kolfe. About 98 square metres of living space. Well maintained apartment. Quiet neighbourhood with good access to transport.,Kolfe,Kolfe,2.0,1.0,97.6,False,26500.0,Rent a 2-bedroom home located in Kolfe. About 98 square metres of living space. Well maintained apartment. Quiet neighbourhood with good access to transport.
"Apartment with 4 bedrooms in Kirkos, now available. Floor space of 116 square metres. Furnished and ready to move in. Close to schools and markets.",Kirkos,Kirkos,4.0,2.0,116.4,False,55500.0,"Apartment with 4 bedrooms in Kirkos, now available. Floor space of 116 square metres. Furnished and ready to move in. Close to schools and markets."
1-bedroom unit in Nifas Silk for long-term rental. About 79 square metres of living space. Features a private water tank. Comes with a backup generator. Well maintained and secure.,Nifas Silk,Nifas Silk,1.0,1.0,78.9,False,26500.0,1-bedroom unit in Nifas Silk for long-term rental. About 79 square metres of living space. Features a private water tank. Comes with a backup generator. Well maintained and secure.
4-bedroom apartment in Lidetta available for rent. About 127 square metres of living space. Features a private water tank. Close to schools and markets.,Lidetta,Lidetta,4.0,2.0,126.9,False,39500.0,4-bedroom apartment in Lidetta available for rent. About 127 square metres of living space. Features a private water tank. Close to schools and markets.
"Rent a 3-bedroom home located in Nifas Silk. 97 square metres, well laid out. Well maintained apartment. Quiet neighbourhood with good access to transport.",Nifas Silk,Nifas Silk,3.0,2.0,97.1,False,32500.0,"Rent a 3-bedroom home located in Nifas Silk. 97 square metres, well laid out. Well maintained apartment. Quiet neighbourhood with good access to transport."
"Apartment with 5 bedrooms in Kirkos, now available. About 154 square metres of living space. Features a private water tank. Furnished and ready to move in. Close to schools and markets.",Kirkos,Kirkos,5.0,2.0,154.4,False,74500.0,"Apartment with 5 bedrooms in Kirkos, now available. About 154 square metres of living space. Features a private water tank. Furnished and ready to move in. Close to schools and markets."
"Apartment with 1 bedrooms in Gulele, now available. 62 square metres, well laid out. Features a private water tank. Ideal for families or professionals.",Gulele,Gulele,1.0,1.0,61.6,False,19000.0,"Apartment with 1 bedrooms in Gulele, now available. 62 square metres, well laid out. Features a private water tank. Ideal for families or professionals."
"5-bedroom unit in Gulele for long-term rental. 170 square metres, well laid out. Features a private water tank. Comes with a backup generator. Close to schools and markets.",Gulele,Gulele,5.0,3.0,170.5,False,57500.0,"5-bedroom unit in Gulele for long-term rental. 170 square metres, well laid out. Features a private water tank. Comes with a backup generator. Close to schools and markets."
"Rent a 2-bedroom home located in Addis Ketema. 90 square metres, well laid out. Comes with a backup generator. Well maintained and secure.",Addis Ketema,Addis Ketema,2.0,2.0,90.1,False,28000.0,"Rent a 2-bedroom home located in Addis Ketema. 90 square metres, well laid out. Comes with a backup generator. Well maintained and secure."
"1-bedroom apartment in Kirkos available for rent. 66 square metres, well laid out. Furnished and ready to move in. Quiet neighbourhood with good access to transport.",Kirkos,Kirkos,1.0,1.0,66.5,False,28500.0,"1-bedroom apartment in Kirkos available for rent. 66 square metres, well laid out. Furnished and ready to move in. Quiet neighbourhood with good access to transport."
"Apartment with 4 bedrooms in Kirkos, now available. About 141 square metres of living space. Features a private water tank. Comes with a backup generator. Close to schools and markets.",Kirkos,Kirkos,4.0,2.0,140.8,False,60500.0,"Apartment with 4 bedrooms in Kirkos, now available. About 141 square metres of living space. Features a private water tank. Comes with a backup generator. Close to schools and markets."
"Apartment with 3 bedrooms in Kolfe, now available. 121 square metres, well laid out. Features a private water tank. Well maintained and secure.",Kolfe,Kolfe,3.0,2.0,121.1,False,37000.0,"Apartment with 3 bedrooms in Kolfe, now available. 121 square metres, well laid out. Features a private water tank. Well maintained and secure."
"Apartment with 5 bedrooms in Arada, now available. 161 square metres, well laid out. Well maintained apartment. Ideal for families or professionals.",Arada,Arada,5.0,2.0,161.4,False,62000.0,"Apartment with 5 bedrooms in Arada, now available. 161 square metres, well laid out. Well maintained apartment. Ideal for families or professionals."
"Apartment with 1 bedrooms in Gulele, now available. About 81 square metres of living space. Features a private water tank. Quiet neighbourhood with good access to transport.",Gulele,Gulele,1.0,1.0,81.0,False,23500.0,"Apartment with 1 bedrooms in Gulele, now available. About 81 square metres of living space. Features a private water tank. Quiet neighbourhood with good access to transport."
1-bedroom unit in Arada for long-term rental. Floor space of 71 square metres. Well maintained apartment. Quiet neighbourhood with good access to transport.,Arada,Arada,1.0,1.0,71.3,False,25000.0,1-bedroom unit in Arada for long-term rental. Floor space of 71 square metres. Well maintained apartment. Quiet neighbourhood with good access to transport.
"3-bedroom unit in Yeka for long-term rental. 110 square metres, well laid out. Features a private water tank. Well maintained and secure.",Yeka,Yeka,3.0,1.0,110.0,False,39000.0,"3-bedroom unit in Yeka for long-term rental. 110 square metres, well laid out. Features a private water tank. Well maintained and secure."
"Rent a 5-bedroom home located in Gulele. 167 square metres, well laid out. Well maintained apartment. Well maintained and secure.",Gulele,Gulele,5.0,3.0,166.9,False,52000.0,"Rent a 5-bedroom home located in Gulele. 167 square metres, well laid out. Well maintained apartment. Well maintained and secure."
Rent a 3-bedroom home located in Bole. About 107 square metres of living space. Well maintained apartment. Close to schools and markets.,Bole,Bole,3.0,1.0,106.9,False,44000.0,Rent a 3-bedroom home located in Bole. About 107 square metres of living space. Well maintained apartment. Close to schools and markets.
"4-bedroom unit in Yeka for long-term rental. 130 square metres, well laid out. Well maintained apartment. Quiet neighbourhood with good access to transport.",Yeka,Yeka,4.0,2.0,130.4,False,46000.0,"4-bedroom unit in Yeka for long-term rental. 130 square metres, well laid out. Well maintained apartment. Quiet neighbourhood with good access to transport."
5-bedroom apartment in Nifas Silk available for rent. Floor space of 173 square metres. Features a private water tank. Well maintained and secure.,Nifas Silk,Nifas Silk,5.0,3.0,172.7,False,58000.0,5-bedroom apartment in Nifas Silk available for rent. Floor space of 173 square metres. Features a private water tank. Well maintained and secure.
"5-bedroom unit in Gulele for long-term rental. 172 square metres, well laid out. Well maintained apartment. Ideal for families or professionals.",Gulele,Gulele,5.0,3.0,171.5,False,53000.0,"5-bedroom unit in Gulele for long-term rental. 172 square metres, well laid out. Well maintained apartment. Ideal for families or professionals."
3-bedroom apartment in Akaky Kaliti available for rent. About 108 square metres of living space. Features a private water tank. Quiet neighbourhood with good access to transport.,Akaky Kaliti,Akaky Kaliti,3.0,2.0,107.9,False,31500.0,3-bedroom apartment in Akaky Kaliti available for rent. About 108 square metres of living space. Features a private water tank. Quiet neighbourhood with good access to transport.
4-bedroom unit in Yeka for long-term rental. About 125 square metres of living space. Features a private water tank. Close to schools and markets.,Yeka,Yeka,4.0,3.0,124.6,False,47000.0,4-bedroom unit in Yeka for long-term rental. About 125 square metres of living space. Features a private water tank. Close to schools and markets.
"Apartment with 3 bedrooms in Bole, now available. About 126 square metres of living space. Well maintained apartment. Well maintained and secure.",Bole,Bole,3.0,2.0,125.6,False,51500.0,"Apartment with 3 bedrooms in Bole, now available. About 126 square metres of living space. Well maintained apartment. Well maintained and secure."
"Apartment with 4 bedrooms in Addis Ketema, now available. About 140 square metres of living space. Comes with a backup generator. Quiet neighbourhood with good access to transport.",Addis Ketema,Addis Ketema,4.0,2.0,139.6,False,42500.0,"Apartment with 4 bedrooms in Addis Ketema, now available. About 140 square metres of living space. Comes with a backup generator. Quiet neighbourhood with good access to transport."
Rent a 3-bedroom home located in Bole. About 112 square metres of living space. Furnished and ready to move in. Well maintained and secure.,Bole,Bole,3.0,2.0,111.8,False,54000.0,Rent a 3-bedroom home located in Bole. About 112 square metres of living space. Furnished and ready to move in. Well maintained and secure.
"Apartment with 3 bedrooms in Yeka, now available. About 104 square metres of living space. Well maintained apartment. Quiet neighbourhood with good access to transport.",Yeka,Yeka,3.0,1.0,104.1,False,35500.0,"Apartment with 3 bedrooms in Yeka, now available. About 104 square metres of living space. Well maintained apartment. Quiet neighbourhood with good access to transport."
"Apartment with 3 bedrooms in Yeka, now available. Floor space of 112 square metres. Features a private water tank. Comes with a backup generator. Ideal for families or professionals.",Yeka,Yeka,3.0,2.0,112.0,False,43000.0,"Apartment with 3 bedrooms in Yeka, now available. Floor space of 112 square metres. Features a private water tank. Comes with a backup generator. Ideal for families or professionals."
Rent a 4-bedroom home located in Arada. About 130 square metres of living space. Well maintained apartment. Close to schools and markets.,Arada,Arada,4.0,3.0,129.7,False,51500.0,Rent a 4-bedroom home located in Arada. About 130 square metres of living space. Well maintained apartment. Close to schools and markets.
4-bedroom unit in Lidetta for long-term rental. Floor space of 122 square metres. Features a private water tank. Ideal for families or professionals.,Lidetta,Lidetta,4.0,3.0,122.0,False,40000.0,4-bedroom unit in Lidetta for long-term rental. Floor space of 122 square metres. Features a private water tank. Ideal for families or professionals.
5-bedroom apartment in Kolfe available for rent. About 154 square metres of living space. Features a private water tank. Close to schools and markets.,Kolfe,Kolfe,5.0,3.0,153.5,False,49500.0,5-bedroom apartment in Kolfe available for rent. About 154 square metres of living space. Features a private water tank. Close to schools and markets.
"4-bedroom apartment in Gulele available for rent. 133 square metres, well laid out. Features a private water tank. Furnished and ready to move in. Ideal for families or professionals.",Gulele,Gulele,4.0,2.0,133.2,False,49500.0,"4-bedroom apartment in Gulele available for rent. 133 square metres, well laid out. Features a private water tank. Furnished and ready to move in. Ideal for families or professionals."
"Rent a 1-bedroom home located in Bole. 60 square metres, well laid out. Comes with a backup generator. Close to schools and markets.",Bole,Bole,1.0,1.0,59.5,False,26000.0,"Rent a 1-bedroom home located in Bole. 60 square metres, well laid out. Comes with a backup generator. Close to schools and markets."
3-bedroom unit in Kirkos for long-term rental. About 119 square metres of living space. Features a private water tank. Furnished and ready to move in. Well maintained and secure.,Kirkos,Kirkos,3.0,2.0,118.8,False,56000.0,3-bedroom unit in Kirkos for long-term rental. About 119 square metres of living space. Features a private water tank. Furnished and ready to move in. Well maintained and secure.
Rent a 2-bedroom home located in Arada. About 102 square metres of living space. Well maintained apartment. Ideal for families or professionals.,Arada,Arada,2.0,1.0,101.5,False,36000.0,Rent a 2-bedroom home located in Arada. About 102 square metres of living space. Well maintained apartment. Ideal for families or professionals.
1-bedroom apartment in Bole available for rent. About 76 square metres of living space. Well maintained apartment. Well maintained and secure.,Bole,Bole,1.0,1.0,75.6,False,29000.0,1-bedroom apartment in Bole available for rent. About 76 square metres of living space. Well maintained apartment. Well maintained and secure.
"Apartment with 1 bedrooms in Yeka, now available. About 61 square metres of living space. Features a private water tank. Well maintained and secure.",Yeka,Yeka,1.0,1.0,60.7,False,21500.0,"Apartment with 1 bedrooms in Yeka, now available. About 61 square metres of living space. Features a private water tank. Well maintained and secure."
"3-bedroom unit in Yeka for long-term rental. 117 square metres, well laid out. Features a private water tank. Well maintained and secure.",Yeka,Yeka,3.0,2.0,117.1,False,42000.0,"3-bedroom unit in Yeka for long-term rental. 117 square metres, well laid out. Features a private water tank. Well maintained and secure."
"5-bedroom apartment in Bole available for rent. 153 square metres, well laid out. Well maintained apartment. Quiet neighbourhood with good access to transport.",Bole,Bole,5.0,3.0,152.9,False,66500.0,"5-bedroom apartment in Bole available for rent. 153 square metres, well laid out. Well maintained apartment. Quiet neighbourhood with good access to transport."
3-bedroom apartment in Arada available for rent. Floor space of 93 square metres. Features a private water tank. Ideal for families or professionals.,Arada,Arada,3.0,2.0,93.2,False,39000.0,3-bedroom apartment in Arada available for rent. Floor space of 93 square metres. Features a private water tank. Ideal for families or professionals.
3-bedroom apartment in Gulele available for rent. About 116 square metres of living space. Features a private water tank. Close to schools and markets.,Gulele,Gulele,3.0,2.0,116.1,False,37000.0,3-bedroom apartment in Gulele available for rent. About 116 square metres of living space. Features a private water tank. Close to schools and markets.
"Apartment with 1 bedrooms in Bole, now available. 66 square metres, well laid out. Well maintained apartment. Quiet neighbourhood with good access to transport.",Bole,Bole,1.0,1.0,65.8,False,26000.0,"Apartment with 1 bedrooms in Bole, now available. 66 square metres, well laid out. Well maintained apartment. Quiet neighbourhood with good access to transport."
4-bedroom unit in Arada for long-term rental. Floor space of 161 square metres. Well maintained apartment. Well maintained and secure.,Arada,Arada,4.0,3.0,161.1,False,60500.0,4-bedroom unit in Arada for long-term rental. Floor space of 161 square metres. Well maintained apartment. Well maintained and secure.
Rent a 1-bedroom home located in Kolfe. About 82 square metres of living space. Features a private water tank. Furnished and ready to move in. Ideal for families or professionals.,Kolfe,Kolfe,1.0,1.0,81.5,False,26000.0,Rent a 1-bedroom home located in Kolfe. About 82 square metres of living space. Features a private water tank. Furnished and ready to move in. Ideal for families or professionals.
"5-bedroom apartment in Gulele available for rent. 160 square metres, well laid out. Features a private water tank. Ideal for families or professionals.",Gulele,Gulele,5.0,3.0,160.5,False,52500.0,"5-bedroom apartment in Gulele available for rent. 160 square metres, well laid out. Features a private water tank. Ideal for families or professionals."
"5-bedroom unit in Kolfe for long-term rental. 155 square metres, well laid out. Features a private water tank. Comes with a backup generator. Quiet neighbourhood with good access to transport.",Kolfe,Kolfe,5.0,3.0,155.0,False,52500.0,"5-bedroom unit in Kolfe for long-term rental. 155 square metres, well laid out. Features a private water tank. Comes with a backup generator. Quiet neighbourhood with good access to transport."
Rent a 5-bedroom home located in Kirkos. About 154 square metres of living space. Well maintained apartment. Quiet neighbourhood with good access to transport.,Kirkos,Kirkos,5.0,3.0,154.0,False,64000.0,Rent a 5-bedroom home located in Kirkos. About 154 square metres of living space. Well maintained apartment. Quiet neighbourhood with good access to transport.
2-bedroom unit in Kolfe for long-term rental. Floor space of 74 square metres. Features a private water tank. Furnished and ready to move in. Ideal for families or professionals.,Kolfe,Kolfe,2.0,2.0,74.0,False,28000.0,2-bedroom unit in Kolfe for long-term rental. Floor space of 74 square metres. Features a private water tank. Furnished and ready to move in. Ideal for families or professionals.
1-bedroom apartment in Yeka available for rent. Floor space of 43 square metres. Well maintained apartment. Well maintained and secure.,Yeka,Yeka,1.0,1.0,43.1,False,15000.0,1-bedroom apartment in Yeka available for rent. Floor space of 43 square metres. Well maintained apartment. Well maintained and secure.
2-bedroom apartment in Kirkos available for rent. About 76 square metres of living space. Furnished and ready to move in. Ideal for families or professionals.,Kirkos,Kirkos,2.0,1.0,75.5,False,34000.0,2-bedroom apartment in Kirkos available for rent. About 76 square metres of living space. Furnished and ready to move in. Ideal for families or professionals.
"Apartment with 4 bedrooms in Bole, now available. 129 square metres, well laid out. Features a private water tank. Ideal for families or professionals.",Bole,Bole,4.0,3.0,129.4,False,58000.0,"Apartment with 4 bedrooms in Bole, now available. 129 square metres, well laid out. Features a private water tank. Ideal for families or professionals."
"2-bedroom apartment in Arada available for rent. 61 square metres, well laid out. Furnished and ready to move in. Ideal for families or professionals.",Arada,Arada,2.0,1.0,60.7,False,27500.0,"2-bedroom apartment in Arada available for rent. 61 square metres, well laid out. Furnished and ready to move in. Ideal for families or professionals."
"Apartment with 5 bedrooms in Kirkos, now available. About 146 square metres of living space. Features a private water tank. Quiet neighbourhood with good access to transport.",Kirkos,Kirkos,5.0,3.0,145.5,False,63000.0,"Apartment with 5 bedrooms in Kirkos, now available. About 146 square metres of living space. Features a private water tank. Quiet neighbourhood with good access to transport."
"1-bedroom apartment in Yeka available for rent. 61 square metres, well laid out. Features a private water tank. Furnished and ready to move in. Quiet neighbourhood with good access to transport.",Yeka,Yeka,1.0,1.0,61.0,False,24500.0,"1-bedroom apartment in Yeka available for rent. 61 square metres, well laid out. Features a private water tank. Furnished and ready to move in. Quiet neighbourhood with good access to transport."
"1-bedroom unit in Kolfe for long-term rental. 61 square metres, well laid out. Features a private water tank. Well maintained and secure.",Kolfe,Kolfe,1.0,1.0,61.4,False,18500.0,"1-bedroom unit in Kolfe for long-term rental. 61 square metres, well laid out. Features a private water tank. Well maintained and secure."
"2-bedroom unit in Yeka for long-term rental. 78 square metres, well laid out. Well maintained apartment. Well maintained and secure.",Yeka,Yeka,2.0,1.0,78.1,False,26500.0,"2-bedroom unit in Yeka for long-term rental. 78 square metres, well laid out. Well maintained apartment. Well maintained and secure."
4-bedroom unit in Yeka for long-term rental. Floor space of 126 square metres. Features a private water tank. Furnished and ready to move in. Quiet neighbourhood with good access to transport.,Yeka,Yeka,4.0,3.0,125.9,False,54500.0,4-bedroom unit in Yeka for long-term rental. Floor space of 126 square metres. Features a private water tank. Furnished and ready to move in. Quiet neighbourhood with good access to transport.
4-bedroom apartment in Bole available for rent. Floor space of 151 square metres. Well maintained apartment. Ideal for families or professionals.,Bole,Bole,4.0,2.0,150.7,False,62500.0,4-bedroom apartment in Bole available for rent. Floor space of 151 square metres. Well maintained apartment. Ideal for families or professionals.
Rent a 2-bedroom home located in Kirkos. About 94 square metres of living space. Features a private water tank. Furnished and ready to move in. Well maintained and secure.,Kirkos,Kirkos,2.0,1.0,93.9,False,43000.0,Rent a 2-bedroom home located in Kirkos. About 94 square metres of living space. Features a private water tank. Furnished and ready to move in. Well maintained and secure.
"Rent a 4-bedroom home located in Yeka. 123 square metres, well laid out. Well maintained apartment. Close to schools and markets.",Yeka,Yeka,4.0,2.0,123.3,False,44000.0,"Rent a 4-bedroom home located in Yeka. 123 square metres, well laid out. Well maintained apartment. Close to schools and markets."
"Apartment with 4 bedrooms in Kirkos, now available. 129 square metres, well laid out. Well maintained apartment. Ideal for families or professionals.",Kirkos,Kirkos,4.0,3.0,129.2,False,53500.0,"Apartment with 4 bedrooms in Kirkos, now available. 129 square metres, well laid out. Well maintained apartment. Ideal for families or professionals."
"3-bedroom unit in Yeka for long-term rental. 108 square metres, well laid out. Features a private water tank. Comes with a backup generator. Furnished and ready to move in. Quiet neighbourhood with good access to transport.",Yeka,Yeka,3.0,1.0,107.7,False,47000.0,"3-bedroom unit in Yeka for long-term rental. 108 square metres, well laid out. Features a private water tank. Comes with a backup generator. Furnished and ready to move in. Quiet neighbourhood with good access to transport."
"Apartment with 3 bedrooms in Kolfe, now available. Floor space of 99 square metres. Features a private water tank. Ideal for families or professionals.",Kolfe,Kolfe,3.0,2.0,98.8,False,32000.0,"Apartment with 3 bedrooms in Kolfe, now available. Floor space of 99 square metres. Features a private water tank. Ideal for families or professionals."
"Rent a 1-bedroom home located in Akaky Kaliti. 55 square metres, well laid out. Features a private water tank. Comes with a backup generator. Furnished and ready to move in. Close to schools and markets.",Akaky Kaliti,Akaky Kaliti,1.0,1.0,54.8,False,21000.0,"Rent a 1-bedroom home located in Akaky Kaliti. 55 square metres, well laid out. Features a private water tank. Comes with a backup generator. Furnished and ready to move in. Close to schools and markets."
Rent a 2-bedroom home located in Arada. Floor space of 98 square metres. Comes with a backup generator. Well maintained and secure.,Arada,Arada,2.0,2.0,98.1,False,39000.0,Rent a 2-bedroom home located in Arada. Floor space of 98 square metres. Comes with a backup generator. Well maintained and secure.
"Apartment with 3 bedrooms in Nifas Silk, now available. Floor space of 103 square metres. Features a private water tank. Comes with a backup generator. Ideal for families or professionals.",Nifas Silk,Nifas Silk,3.0,1.0,103.0,False,37000.0,"Apartment with 3 bedrooms in Nifas Silk, now available. Floor space of 103 square metres. Features a private water tank. Comes with a backup generator. Ideal for families or professionals."
1-bedroom unit in Lidetta for long-term rental. Floor space of 51 square metres. Comes with a backup generator. Ideal for families or professionals.,Lidetta,Lidetta,1.0,1.0,50.9,False,16500.0,1-bedroom unit in Lidetta for long-term rental. Floor space of 51 square metres. Comes with a backup generator. Ideal for families or professionals.
Rent a 3-bedroom home located in Addis Ketema. About 108 square metres of living space. Features a private water tank. Comes with a backup generator. Well maintained and secure.,Addis Ketema,Addis Ketema,3.0,1.0,107.5,False,34000.0,Rent a 3-bedroom home located in Addis Ketema. About 108 square metres of living space. Features a private water tank. Comes with a backup generator. Well maintained and secure.
"Apartment with 1 bedrooms in Nifas Silk, now available. About 65 square metres of living space. Features a private water tank. Close to schools and markets.",Nifas Silk,Nifas Silk,1.0,1.0,65.4,False,21000.0,"Apartment with 1 bedrooms in Nifas Silk, now available. About 65 square metres of living space. Features a private water tank. Close to schools and markets."
Rent a 4-bedroom home located in Lidetta. About 106 square metres of living space. Furnished and ready to move in. Well maintained and secure.,Lidetta,Lidetta,4.0,2.0,106.3,False,38500.0,Rent a 4-bedroom home located in Lidetta. About 106 square metres of living space. Furnished and ready to move in. Well maintained and secure.
"1-bedroom apartment in Akaky Kaliti available for rent. 64 square metres, well laid out. Features a private water tank. Close to schools and markets.",Akaky Kaliti,Akaky Kaliti,1.0,1.0,63.5,False,17500.0,"1-bedroom apartment in Akaky Kaliti available for rent. 64 square metres, well laid out. Features a private water tank. Close to schools and markets."
"Apartment with 1 bedrooms in Kolfe, now available. 74 square metres, well laid out. Features a private water tank. Ideal for families or professionals.",Kolfe,Kolfe,1.0,1.0,74.4,False,21000.0,"Apartment with 1 bedrooms in Kolfe, now available. 74 square metres, well laid out. Features a private water tank. Ideal for families or professionals."
Rent a 4-bedroom home located in Arada. Floor space of 135 square metres. Furnished and ready to move in. Ideal for families or professionals.,Arada,Arada,4.0,2.0,135.4,False,59500.0,Rent a 4-bedroom home located in Arada. Floor space of 135 square metres. Furnished and ready to move in. Ideal for families or professionals.
2-bedroom unit in Bole for long-term rental. Floor space of 113 square metres. Furnished and ready to move in. Ideal for families or professionals.,Bole,Bole,2.0,1.0,112.8,False,50500.0,2-bedroom unit in Bole for long-term rental. Floor space of 113 square metres. Furnished and ready to move in. Ideal for families or professionals.
"Apartment with 2 bedrooms in Bole, now available. About 101 square metres of living space. Well maintained apartment. Well maintained and secure.",Bole,Bole,2.0,1.0,101.0,False,40000.0,"Apartment with 2 bedrooms in Bole, now available. About 101 square metres of living space. Well maintained apartment. Well maintained and secure."
"2-bedroom unit in Arada for long-term rental. 103 square metres, well laid out. Comes with a backup generator. Furnished and ready to move in. Quiet neighbourhood with good access to transport.",Arada,Arada,2.0,2.0,103.4,False,46500.0,"2-bedroom unit in Arada for long-term rental. 103 square metres, well laid out. Comes with a backup generator. Furnished and ready to move in. Quiet neighbourhood with good access to transport."
2-bedroom apartment in Arada available for rent. About 120 square metres of living space. Well maintained apartment. Close to schools and markets.,Arada,Arada,2.0,1.0,119.6,False,41500.0,2-bedroom apartment in Arada available for rent. About 120 square metres of living space. Well maintained apartment. Close to schools and markets.
Rent a 4-bedroom home located in Kirkos. About 139 square metres of living space. Features a private water tank. Well maintained and secure.,Kirkos,Kirkos,4.0,3.0,139.1,False,58500.0,Rent a 4-bedroom home located in Kirkos. About 139 square metres of living space. Features a private water tank. Well maintained and secure.
4-bedroom unit in Nifas Silk for long-term rental. About 132 square metres of living space. Features a private water tank. Quiet neighbourhood with good access to transport.,Nifas Silk,Nifas Silk,4.0,2.0,132.0,False,44500.0,4-bedroom unit in Nifas Silk for long-term rental. About 132 square metres of living space. Features a private water tank. Quiet neighbourhood with good access to transport.
2-bedroom apartment in Arada available for rent. About 98 square metres of living space. Furnished and ready to move in. Quiet neighbourhood with good access to transport.,Arada,Arada,2.0,2.0,97.7,False,41500.0,2-bedroom apartment in Arada available for rent. About 98 square metres of living space. Furnished and ready to move in. Quiet neighbourhood with good access to transport.
4-bedroom apartment in Lidetta available for rent. Floor space of 123 square metres. Furnished and ready to move in. Quiet neighbourhood with good access to transport.,Lidetta,Lidetta,4.0,3.0,123.3,False,44000.0,4-bedroom apartment in Lidetta available for rent. Floor space of 123 square metres. Furnished and ready to move in. Quiet neighbourhood with good access to transport.
"Apartment with 4 bedrooms in Bole, now available. Floor space of 131 square metres. Features a private water tank. Furnished and ready to move in. Well maintained and secure.",Bole,Bole,4.0,2.0,131.3,False,66500.0,"Apartment with 4 bedrooms in Bole, now available. Floor space of 131 square metres. Features a private water tank. Furnished and ready to move in. Well maintained and secure."
"Apartment with 3 bedrooms in Yeka, now available. Floor space of 100 square metres. Features a private water tank. Close to schools and markets.",Yeka,Yeka,3.0,1.0,100.2,False,36000.0,"Apartment with 3 bedrooms in Yeka, now available. Floor space of 100 square metres. Features a private water tank. Close to schools and markets."
3-bedroom apartment in Kolfe available for rent. Floor space of 113 square metres. Well maintained apartment. Ideal for families or professionals.,Kolfe,Kolfe,3.0,2.0,112.8,False,33500.0,3-bedroom apartment in Kolfe available for rent. Floor space of 113 square metres. Well maintained apartment. Ideal for families or professionals.
"Apartment with 5 bedrooms in Lidetta, now available. About 144 square metres of living space. Features a private water tank. Furnished and ready to move in. Ideal for families or professionals.",Lidetta,Lidetta,5.0,3.0,144.2,False,53500.0,"Apartment with 5 bedrooms in Lidetta, now available. About 144 square metres of living space. Features a private water tank. Furnished and ready to move in. Ideal for families or professionals."
"3-bedroom unit in Addis Ketema for long-term rental. 100 square metres, well laid out. Features a private water tank. Furnished and ready to move in. Ideal for families or professionals.",Addis Ketema,Addis Ketema,3.0,2.0,99.8,False,36000.0,"3-bedroom unit in Addis Ketema for long-term rental. 100 square metres, well laid out. Features a private water tank. Furnished and ready to move in. Ideal for families or professionals."
2-bedroom apartment in Lidetta available for rent. Floor space of 91 square metres. Well maintained apartment. Ideal for families or professionals.,Lidetta,Lidetta,2.0,2.0,91.0,False,26000.0,2-bedroom apartment in Lidetta available for rent. Floor space of 91 square metres. Well maintained apartment. Ideal for families or professionals.
Rent a 3-bedroom home located in Lidetta. About 106 square metres of living space. Well maintained apartment. Ideal for families or professionals.,Lidetta,Lidetta,3.0,2.0,106.3,False,31500.0,Rent a 3-bedroom home located in Lidetta. About 106 square metres of living space. Well maintained apartment. Ideal for families or professionals.
5-bedroom apartment in Yeka available for rent. About 129 square metres of living space. Features a private water tank. Well maintained and secure.,Yeka,Yeka,5.0,3.0,128.9,False,50500.0,5-bedroom apartment in Yeka available for rent. About 129 square metres of living space. Features a private water tank. Well maintained and secure.
4-bedroom unit in Kirkos for long-term rental. About 112 square metres of living space. Features a private water tank. Comes with a backup generator. Quiet neighbourhood with good access to transport.,Kirkos,Kirkos,4.0,3.0,112.5,False,53000.0,4-bedroom unit in Kirkos for long-term rental. About 112 square metres of living space. Features a private water tank. Comes with a backup generator. Quiet neighbourhood with good access to transport.
1-bedroom apartment in Yeka available for rent. Floor space of 50 square metres. Features a private water tank. Comes with a backup generator. Close to schools and markets.,Yeka,Yeka,1.0,1.0,50.2,False,21000.0,1-bedroom apartment in Yeka available for rent. Floor space of 50 square metres. Features a private water tank. Comes with a backup generator. Close to schools and markets.
Rent a 3-bedroom home located in Nifas Silk. About 97 square metres of living space. Well maintained apartment. Quiet neighbourhood with good access to transport.,Nifas Silk,Nifas Silk,3.0,2.0,97.4,False,32500.0,Rent a 3-bedroom home located in Nifas Silk. About 97 square metres of living space. Well maintained apartment. Quiet neighbourhood with good access to transport.
"Apartment with 4 bedrooms in Akaky Kaliti, now available. Floor space of 135 square metres. Features a private water tank. Comes with a backup generator. Ideal for families or professionals.",Akaky Kaliti,Akaky Kaliti,4.0,2.0,135.0,False,41000.0,"Apartment with 4 bedrooms in Akaky Kaliti, now available. Floor space of 135 square metres. Features a private water tank. Comes with a backup generator. Ideal for families or professionals."
"2-bedroom apartment in Kirkos available for rent. 89 square metres, well laid out. Features a private water tank. Ideal for families or professionals.",Kirkos,Kirkos,2.0,1.0,88.6,False,36000.0,"2-bedroom apartment in Kirkos available for rent. 89 square metres, well laid out. Features a private water tank. Ideal for families or professionals."
"Apartment with 5 bedrooms in Arada, now available. 165 square metres, well laid out. Well maintained apartment. Quiet neighbourhood with good access to transport.",Arada,Arada,5.0,3.0,164.8,False,64000.0,"Apartment with 5 bedrooms in Arada, now available. 165 square metres, well laid out. Well maintained apartment. Quiet neighbourhood with good access to transport."
"5-bedroom apartment in Yeka available for rent. 161 square metres, well laid out. Features a private water tank. Close to schools and markets.",Yeka,Yeka,5.0,3.0,161.0,False,59000.0,"5-bedroom apartment in Yeka available for rent. 161 square metres, well laid out. Features a private water tank. Close to schools and markets."
Rent a 5-bedroom home located in Bole. About 165 square metres of living space. Features a private water tank. Ideal for families or professionals.,Bole,Bole,5.0,3.0,164.9,False,72500.0,Rent a 5-bedroom home located in Bole. About 165 square metres of living space. Features a private water tank. Ideal for families or professionals.
"1-bedroom unit in Yeka for long-term rental. 71 square metres, well laid out. Features a private water tank. Quiet neighbourhood with good access to transport.",Yeka,Yeka,1.0,1.0,71.3,False,24000.0,"1-bedroom unit in Yeka for long-term rental. 71 square metres, well laid out. Features a private water tank. Quiet neighbourhood with good access to transport."
"Apartment with 3 bedrooms in Bole, now available. About 110 square metres of living space. Well maintained apartment. Ideal for families or professionals.",Bole,Bole,3.0,2.0,110.5,False,46500.0,"Apartment with 3 bedrooms in Bole, now available. About 110 square metres of living space. Well maintained apartment. Ideal for families or professionals."
Rent a 3-bedroom home located in Akaky Kaliti. Floor space of 121 square metres. Features a private water tank. Comes with a backup generator. Well maintained and secure.,Akaky Kaliti,Akaky Kaliti,3.0,1.0,121.2,False,35000.0,Rent a 3-bedroom home located in Akaky Kaliti. Floor space of 121 square metres. Features a private water tank. Comes with a backup generator. Well maintained and secure.
"4-bedroom apartment in Kirkos available for rent. 141 square metres, well laid out. Well maintained apartment. Well maintained and secure.",Kirkos,Kirkos,4.0,2.0,141.0,False,56500.0,"4-bedroom apartment in Kirkos available for rent. 141 square metres, well laid out. Well maintained apartment. Well maintained and secure."
"Rent a 5-bedroom home located in Lidetta. 156 square metres, well laid out. Well maintained apartment. Ideal for families or professionals.",Lidetta,Lidetta,5.0,3.0,156.5,False,47500.0,"Rent a 5-bedroom home located in Lidetta. 156 square metres, well laid out. Well maintained apartment. Ideal for families or professionals."
Rent a 2-bedroom home located in Gulele. About 101 square metres of living space. Features a private water tank. Close to schools and markets.,Gulele,Gulele,2.0,1.0,101.3,False,30000.0,Rent a 2-bedroom home located in Gulele. About 101 square metres of living space. Features a private water tank. Close to schools and markets.
3-bedroom unit in Yeka for long-term rental. About 80 square metres of living space. Features a private water tank. Furnished and ready to move in. Close to schools and markets.,Yeka,Yeka,3.0,2.0,79.9,False,37000.0,3-bedroom unit in Yeka for long-term rental. About 80 square metres of living space. Features a private water tank. Furnished and ready to move in. Close to schools and markets.
4-bedroom unit in Bole for long-term rental. Floor space of 126 square metres. Features a private water tank. Furnished and ready to move in. Close to schools and markets.,Bole,Bole,4.0,3.0,126.5,False,66000.0,4-bedroom unit in Bole for long-term rental. Floor space of 126 square metres. Features a private water tank. Furnished and ready to move in. Close to schools and markets.
"Apartment with 4 bedrooms in Kolfe, now available. 126 square metres, well laid out. Features a private water tank. Quiet neighbourhood with good access to transport.",Kolfe,Kolfe,4.0,3.0,126.3,False,41500.0,"Apartment with 4 bedrooms in Kolfe, now available. 126 square metres, well laid out. Features a private water tank. Quiet neighbourhood with good access to transport."
4-bedroom apartment in Yeka available for rent. Floor space of 144 square metres. Features a private water tank. Ideal for families or professionals.,Yeka,Yeka,4.0,3.0,143.8,False,52500.0,4-bedroom apartment in Yeka available for rent. Floor space of 144 square metres. Features a private water tank. Ideal for families or professionals.
2-bedroom unit in Akaky Kaliti for long-term rental. About 105 square metres of living space. Features a private water tank. Close to schools and markets.,Akaky Kaliti,Akaky Kaliti,2.0,1.0,104.9,False,27500.0,2-bedroom unit in Akaky Kaliti for long-term rental. About 105 square metres of living space. Features a private water tank. Close to schools and markets.
"Apartment with 5 bedrooms in Bole, now available. 135 square metres, well laid out. Features a private water tank. Furnished and ready to move in. Close to schools and markets.",Bole,Bole,5.0,3.0,134.6,False,71500.0,"Apartment with 5 bedrooms in Bole, now available. 135 square metres, well laid out. Features a private water tank. Furnished and ready to move in. Close to schools and markets."
1-bedroom unit in Gulele for long-term rental. Floor space of 81 square metres. Well maintained apartment. Well maintained and secure.,Gulele,Gulele,1.0,1.0,80.9,False,21500.0,1-bedroom unit in Gulele for long-term rental. Floor space of 81 square metres. Well maintained apartment. Well maintained and secure.
3-bedroom apartment in Kolfe available for rent. Floor space of 94 square metres. Comes with a backup generator. Ideal for families or professionals.,Kolfe,Kolfe,3.0,1.0,93.9,False,30500.0,3-bedroom apartment in Kolfe available for rent. Floor space of 94 square metres. Comes with a backup generator. Ideal for families or professionals.
Rent a 4-bedroom home located in Yeka. Floor space of 116 square metres. Features a private water tank. Furnished and ready to move in. Quiet neighbourhood with good access to transport.,Yeka,Yeka,4.0,3.0,116.3,False,52000.0,Rent a 4-bedroom home located in Yeka. Floor space of 116 square metres. Features a private water tank. Furnished and ready to move in. Quiet neighbourhood with good access to transport.
"Apartment with 1 bedrooms in Yeka, now available. Floor space of 61 square metres. Features a private water tank. Quiet neighbourhood with good access to transport.",Yeka,Yeka,1.0,1.0,61.2,False,21500.0,"Apartment with 1 bedrooms in Yeka, now available. Floor space of 61 square metres. Features a private water tank. Quiet neighbourhood with good access to transport."
"Apartment with 3 bedrooms in Addis Ketema, now available. 104 square metres, well laid out. Features a private water tank. Well maintained and secure.",Addis Ketema,Addis Ketema,3.0,2.0,104.2,False,32000.0,"Apartment with 3 bedrooms in Addis Ketema, now available. 104 square metres, well laid out. Features a private water tank. Well maintained and secure."
3-bedroom apartment in Yeka available for rent. Floor space of 89 square metres. Features a private water tank. Well maintained and secure.,Yeka,Yeka,3.0,2.0,89.3,False,34500.0,3-bedroom apartment in Yeka available for rent. Floor space of 89 square metres. Features a private water tank. Well maintained and secure.
"Apartment with 4 bedrooms in Kirkos, now available. Floor space of 138 square metres. Comes with a backup generator. Quiet neighbourhood with good access to transport.",Kirkos,Kirkos,4.0,3.0,137.8,False,59000.0,"Apartment with 4 bedrooms in Kirkos, now available. Floor space of 138 square metres. Comes with a backup generator. Quiet neighbourhood with good access to transport."
1-bedroom apartment in Kirkos available for rent. About 72 square metres of living space. Features a private water tank. Furnished and ready to move in. Well maintained and secure.,Kirkos,Kirkos,1.0,1.0,72.2,False,32500.0,1-bedroom apartment in Kirkos available for rent. About 72 square metres of living space. Features a private water tank. Furnished and ready to move in. Well maintained and secure.
"Apartment with 2 bedrooms in Yeka, now available. 99 square metres, well laid out. Comes with a backup generator. Ideal for families or professionals.",Yeka,Yeka,2.0,1.0,98.6,False,34500.0,"Apartment with 2 bedrooms in Yeka, now available. 99 square metres, well laid out. Comes with a backup generator. Ideal for families or professionals."
Rent a 2-bedroom home located in Kolfe. About 81 square metres of living space. Features a private water tank. Comes with a backup generator. Furnished and ready to move in. Close to schools and markets.,Kolfe,Kolfe,2.0,1.0,80.8,False,31500.0,Rent a 2-bedroom home located in Kolfe. About 81 square metres of living space. Features a private water tank. Comes with a backup generator. Furnished and ready to move in. Close to schools and markets.
Rent a 4-bedroom home located in Kolfe. Floor space of 130 square metres. Comes with a backup generator. Furnished and ready to move in. Ideal for families or professionals.,Kolfe,Kolfe,4.0,2.0,129.5,False,48000.0,Rent a 4-bedroom home located in Kolfe. Floor space of 130 square metres. Comes with a backup generator. Furnished and ready to move in. Ideal for families or professionals.
Rent a 2-bedroom home located in Kirkos. About 86 square metres of living space. Well maintained apartment. Close to schools and markets.,Kirkos,Kirkos,2.0,1.0,85.6,False,33000.0,Rent a 2-bedroom home located in Kirkos. About 86 square metres of living space. Well maintained apartment. Close to schools and markets.
"3-bedroom apartment in Lidetta available for rent. 128 square metres, well laid out. Furnished and ready to move in. Quiet neighbourhood with good access to transport.",Lidetta,Lidetta,3.0,2.0,128.3,False,41500.0,"3-bedroom apartment in Lidetta available for rent. 128 square metres, well laid out. Furnished and ready to move in. Quiet neighbourhood with good access to transport."
"4-bedroom apartment in Yeka available for rent. 96 square metres, well laid out. Furnished and ready to move in. Close to schools and markets.",Yeka,Yeka,4.0,2.0,96.0,False,42000.0,"4-bedroom apartment in Yeka available for rent. 96 square metres, well laid out. Furnished and ready to move in. Close to schools and markets."
"4-bedroom unit in Bole for long-term rental. 118 square metres, well laid out. Well maintained apartment. Ideal for families or professionals.",Bole,Bole,4.0,2.0,118.5,False,51500.0,"4-bedroom unit in Bole for long-term rental. 118 square metres, well laid out. Well maintained apartment. Ideal for families or professionals."
1-bedroom apartment in Nifas Silk available for rent. Floor space of 64 square metres. Features a private water tank. Well maintained and secure.,Nifas Silk,Nifas Silk,1.0,1.0,64.1,False,20500.0,1-bedroom apartment in Nifas Silk available for rent. Floor space of 64 square metres. Features a private water tank. Well maintained and secure.
"Apartment with 5 bedrooms in Addis Ketema, now available. About 139 square metres of living space. Features a private water tank. Quiet neighbourhood with good access to transport.",Addis Ketema,Addis Ketema,5.0,3.0,139.0,False,45000.0,"Apartment with 5 bedrooms in Addis Ketema, now available. About 139 square metres of living space. Features a private water tank. Quiet neighbourhood with good access to transport."
"Apartment with 1 bedrooms in Bole, now available. 61 square metres, well laid out. Well maintained apartment. Close to schools and markets.",Bole,Bole,1.0,1.0,60.9,False,24000.0,"Apartment with 1 bedrooms in Bole, now available. 61 square metres, well laid out. Well maintained apartment. Close to schools and markets."
"Apartment with 1 bedrooms in Yeka, now available. Floor space of 62 square metres. Features a private water tank. Ideal for families or professionals.",Yeka,Yeka,1.0,1.0,62.5,False,22000.0,"Apartment with 1 bedrooms in Yeka, now available. Floor space of 62 square metres. Features a private water tank. Ideal for families or professionals."
"Apartment with 1 bedrooms in Arada, now available. Floor space of 56 square metres. Comes with a backup generator. Furnished and ready to move in. Quiet neighbourhood with good access to transport.",Arada,Arada,1.0,1.0,56.1,False,26500.0,"Apartment with 1 bedrooms in Arada, now available. Floor space of 56 square metres. Comes with a backup generator. Furnished and ready to move in. Quiet neighbourhood with good access to transport."
Rent a 2-bedroom home located in Kolfe. Floor space of 87 square metres. Features a private water tank. Close to schools and markets.,Kolfe,Kolfe,2.0,2.0,86.8,False,27500.0,Rent a 2-bedroom home located in Kolfe. Floor space of 87 square metres. Features a private water tank. Close to schools and markets.
"5-bedroom unit in Bole for long-term rental. 160 square metres, well laid out. Well maintained apartment. Quiet neighbourhood with good access to transport.",Bole,Bole,5.0,3.0,159.5,False,69000.0,"5-bedroom unit in Bole for long-term rental. 160 square metres, well laid out. Well maintained apartment. Quiet neighbourhood with good access to transport."
Rent a 2-bedroom home located in Kirkos. Floor space of 83 square metres. Well maintained apartment. Close to schools and markets.,Kirkos,Kirkos,2.0,1.0,83.2,False,32000.0,Rent a 2-bedroom home located in Kirkos. Floor space of 83 square metres. Well maintained apartment. Close to schools and markets.
"Rent a 4-bedroom home located in Gulele. 125 square metres, well laid out. Features a private water tank. Well maintained and secure.",Gulele,Gulele,4.0,3.0,124.6,False,42000.0,"Rent a 4-bedroom home located in Gulele. 125 square metres, well laid out. Features a private water tank. Well maintained and secure."
"Apartment with 3 bedrooms in Kirkos, now available. 106 square metres, well laid out. Furnished and ready to move in. Close to schools and markets.",Kirkos,Kirkos,3.0,1.0,106.0,False,48000.0,"Apartment with 3 bedrooms in Kirkos, now available. 106 square metres, well laid out. Furnished and ready to move in. Close to schools and markets."
"Apartment with 1 bedrooms in Yeka, now available. 64 square metres, well laid out. Features a private water tank. Ideal for families or professionals.",Yeka,Yeka,1.0,1.0,63.9,False,22000.0,"Apartment with 1 bedrooms in Yeka, now available. 64 square metres, well laid out. Features a private water tank. Ideal for families or professionals."
Rent a 3-bedroom home located in Yeka. Floor space of 87 square metres. Well maintained apartment. Close to schools and markets.,Yeka,Yeka,3.0,2.0,87.1,False,32000.0,Rent a 3-bedroom home located in Yeka. Floor space of 87 square metres. Well maintained apartment. Close to schools and markets.
"Apartment with 1 bedrooms in Kirkos, now available. 70 square metres, well laid out. Well maintained apartment. Well maintained and secure.",Kirkos,Kirkos,1.0,1.0,69.5,False,25500.0,"Apartment with 1 bedrooms in Kirkos, now available. 70 square metres, well laid out. Well maintained apartment. Well maintained and secure."
Rent a 3-bedroom home located in Arada. Floor space of 103 square metres. Features a private water tank. Well maintained and secure.,Arada,Arada,3.0,2.0,102.6,False,41500.0,Rent a 3-bedroom home located in Arada. Floor space of 103 square metres. Features a private water tank. Well maintained and secure.
3-bedroom unit in Lidetta for long-term rental. About 123 square metres of living space. Furnished and ready to move in. Quiet neighbourhood with good access to transport.,Lidetta,Lidetta,3.0,2.0,123.1,False,40000.0,3-bedroom unit in Lidetta for long-term rental. About 123 square metres of living space. Furnished and ready to move in. Quiet neighbourhood with good access to transport.
3-bedroom apartment in Nifas Silk available for rent. About 115 square metres of living space. Features a private water tank. Comes with a backup generator. Well maintained and secure.,Nifas Silk,Nifas Silk,3.0,2.0,115.1,False,41000.0,3-bedroom apartment in Nifas Silk available for rent. About 115 square metres of living space. Features a private water tank. Comes with a backup generator. Well maintained and secure.
2-bedroom unit in Gulele for long-term rental. Floor space of 100 square metres. Well maintained apartment. Quiet neighbourhood with good access to transport.,Gulele,Gulele,2.0,1.0,100.0,False,28000.0,2-bedroom unit in Gulele for long-term rental. Floor space of 100 square metres. Well maintained apartment. Quiet neighbourhood with good access to transport.
"Rent a 4-bedroom home located in Addis Ketema. 118 square metres, well laid out. Features a private water tank. Quiet neighbourhood with good access to transport.",Addis Ketema,Addis Ketema,4.0,2.0,117.9,False,37000.0,"Rent a 4-bedroom home located in Addis Ketema. 118 square metres, well laid out. Features a private water tank. Quiet neighbourhood with good access to transport."
"Apartment with 3 bedrooms in Kirkos, now available. Floor space of 104 square metres. Furnished and ready to move in. Close to schools and markets.",Kirkos,Kirkos,3.0,2.0,103.5,False,48500.0,"Apartment with 3 bedrooms in Kirkos, now available. Floor space of 104 square metres. Furnished and ready to move in. Close to schools and markets."
"Apartment with 2 bedrooms in Kirkos, now available. Floor space of 71 square metres. Well maintained apartment. Well maintained and secure.",Kirkos,Kirkos,2.0,1.0,71.1,False,28500.0,"Apartment with 2 bedrooms in Kirkos, now available. Floor space of 71 square metres. Well maintained apartment. Well maintained and secure."
3-bedroom unit in Akaky Kaliti for long-term rental. Floor space of 100 square metres. Well maintained apartment. Well maintained and secure.,Akaky Kaliti,Akaky Kaliti,3.0,2.0,99.5,False,28000.0,3-bedroom unit in Akaky Kaliti for long-term rental. Floor space of 100 square metres. Well maintained apartment. Well maintained and secure.
1-bedroom unit in Yeka for long-term rental. Floor space of 79 square metres. Well maintained apartment. Well maintained and secure.,Yeka,Yeka,1.0,1.0,79.0,False,24500.0,1-bedroom unit in Yeka for long-term rental. Floor space of 79 square metres. Well maintained apartment. Well maintained and secure.
Rent a 5-bedroom home located in Gulele. Floor space of 170 square metres. Features a private water tank. Comes with a backup generator. Quiet neighbourhood with good access to transport.,Gulele,Gulele,5.0,3.0,169.8,False,57000.0,Rent a 5-bedroom home located in Gulele. Floor space of 170 square metres. Features a private water tank. Comes with a backup generator. Quiet neighbourhood with good access to transport.
"Apartment with 4 bedrooms in Kolfe, now available. About 116 square metres of living space. Comes with a backup generator. Close to schools and markets.",Kolfe,Kolfe,4.0,3.0,116.2,False,40000.0,"Apartment with 4 bedrooms in Kolfe, now available. About 116 square metres of living space. Comes with a backup generator. Close to schools and markets."
"2-bedroom unit in Bole for long-term rental. 80 square metres, well laid out. Furnished and ready to move in. Ideal for families or professionals.",Bole,Bole,2.0,2.0,80.5,False,39500.0,"2-bedroom unit in Bole for long-term rental. 80 square metres, well laid out. Furnished and ready to move in. Ideal for families or professionals."
"Apartment with 4 bedrooms in Arada, now available. 129 square metres, well laid out. Well maintained apartment. Well maintained and secure.",Arada,Arada,4.0,3.0,129.1,False,51000.0,"Apartment with 4 bedrooms in Arada, now available. 129 square metres, well laid out. Well maintained apartment. Well maintained and secure."
"Apartment with 4 bedrooms in Yeka, now available. Floor space of 137 square metres. Comes with a backup generator. Furnished and ready to move in. Ideal for families or professionals.",Yeka,Yeka,4.0,2.0,137.0,False,57500.0,"Apartment with 4 bedrooms in Yeka, now available. Floor space of 137 square metres. Comes with a backup generator. Furnished and ready to move in. Ideal for families or professionals."
"Apartment with 4 bedrooms in Yeka, now available. 109 square metres, well laid out. Features a private water tank. Quiet neighbourhood with good access to transport.",Yeka,Yeka,4.0,1.0,108.9,False,40500.0,"Apartment with 4 bedrooms in Yeka, now available. 109 square metres, well laid out. Features a private water tank. Quiet neighbourhood with good access to transport."
1-bedroom apartment in Arada available for rent. About 45 square metres of living space. Features a private water tank. Well maintained and secure.,Arada,Arada,1.0,1.0,44.8,False,18500.0,1-bedroom apartment in Arada available for rent. About 45 square metres of living space. Features a private water tank. Well maintained and secure.
Rent a 5-bedroom home located in Yeka. Floor space of 158 square metres. Features a private water tank. Furnished and ready to move in. Close to schools and markets.,Yeka,Yeka,5.0,3.0,157.9,False,67000.0,Rent a 5-bedroom home located in Yeka. Floor space of 158 square metres. Features a private water tank. Furnished and ready to move in. Close to schools and markets.
5-bedroom apartment in Kolfe available for rent. About 129 square metres of living space. Features a private water tank. Quiet neighbourhood with good access to transport.,Kolfe,Kolfe,5.0,3.0,128.6,False,44000.0,5-bedroom apartment in Kolfe available for rent. About 129 square metres of living space. Features a private water tank. Quiet neighbourhood with good access to transport.
"Rent a 5-bedroom home located in Akaky Kaliti. 147 square metres, well laid out. Features a private water tank. Quiet neighbourhood with good access to transport.",Akaky Kaliti,Akaky Kaliti,5.0,3.0,146.6,False,44500.0,"Rent a 5-bedroom home located in Akaky Kaliti. 147 square metres, well laid out. Features a private water tank. Quiet neighbourhood with good access to transport."
5-bedroom apartment in Kolfe available for rent. About 154 square metres of living space. Features a private water tank. Close to schools and markets.,Kolfe,Kolfe,5.0,3.0,153.9,False,49500.0,5-bedroom apartment in Kolfe available for rent. About 154 square metres of living space. Features a private water tank. Close to schools and markets.
5-bedroom apartment in Yeka available for rent. Floor space of 157 square metres. Comes with a backup generator. Well maintained and secure.,Yeka,Yeka,5.0,3.0,157.0,False,59000.0,5-bedroom apartment in Yeka available for rent. Floor space of 157 square metres. Comes with a backup generator. Well maintained and secure.
4-bedroom apartment in Yeka available for rent. Floor space of 128 square metres. Features a private water tank. Ideal for families or professionals.,Yeka,Yeka,4.0,2.0,128.3,False,47000.0,4-bedroom apartment in Yeka available for rent. Floor space of 128 square metres. Features a private water tank. Ideal for families or professionals.
"Apartment with 1 bedrooms in Yeka, now available. About 60 square metres of living space. Features a private water tank. Comes with a backup generator. Well maintained and secure.",Yeka,Yeka,1.0,1.0,59.6,False,23500.0,"Apartment with 1 bedrooms in Yeka, now available. About 60 square metres of living space. Features a private water tank. Comes with a backup generator. Well maintained and secure."
3-bedroom unit in Bole for long-term rental. About 118 square metres of living space. Well maintained apartment. Well maintained and secure.,Bole,Bole,3.0,2.0,118.1,False,49000.0,3-bedroom unit in Bole for long-term rental. About 118 square metres of living space. Well maintained apartment. Well maintained and secure.
"Apartment with 2 bedrooms in Akaky Kaliti, now available. About 89 square metres of living space. Features a private water tank. Well maintained and secure.",Akaky Kaliti,Akaky Kaliti,2.0,2.0,89.4,False,25500.0,"Apartment with 2 bedrooms in Akaky Kaliti, now available. About 89 square metres of living space. Features a private water tank. Well maintained and secure."
"Apartment with 2 bedrooms in Kirkos, now available. About 78 square metres of living space. Furnished and ready to move in. Ideal for families or professionals.",Kirkos,Kirkos,2.0,1.0,78.2,False,35000.0,"Apartment with 2 bedrooms in Kirkos, now available. About 78 square metres of living space. Furnished and ready to move in. Ideal for families or professionals."
"Apartment with 5 bedrooms in Yeka, now available. Floor space of 152 square metres. Comes with a backup generator. Furnished and ready to move in. Close to schools and markets.",Yeka,Yeka,5.0,3.0,152.5,False,66500.0,"Apartment with 5 bedrooms in Yeka, now available. Floor space of 152 square metres. Comes with a backup generator. Furnished and ready to move in. Close to schools and markets."
"5-bedroom apartment in Lidetta available for rent. 157 square metres, well laid out. Well maintained apartment. Quiet neighbourhood with good access to transport.",Lidetta,Lidetta,5.0,3.0,156.6,False,47500.0,"5-bedroom apartment in Lidetta available for rent. 157 square metres, well laid out. Well maintained apartment. Quiet neighbourhood with good access to transport."
"Apartment with 3 bedrooms in Kirkos, now available. Floor space of 129 square metres. Well maintained apartment. Quiet neighbourhood with good access to transport.",Kirkos,Kirkos,3.0,2.0,128.6,False,50000.0,"Apartment with 3 bedrooms in Kirkos, now available. Floor space of 129 square metres. Well maintained apartment. Quiet neighbourhood with good access to transport."
"Apartment with 4 bedrooms in Bole, now available. Floor space of 139 square metres. Features a private water tank. Furnished and ready to move in. Well maintained and secure.",Bole,Bole,4.0,2.0,139.4,False,69500.0,"Apartment with 4 bedrooms in Bole, now available. Floor space of 139 square metres. Features a private water tank. Furnished and ready to move in. Well maintained and secure."
Rent a 1-bedroom home located in Bole. About 79 square metres of living space. Features a private water tank. Comes with a backup generator. Well maintained and secure.,Bole,Bole,1.0,1.0,78.6,False,34500.0,Rent a 1-bedroom home located in Bole. About 79 square metres of living space. Features a private water tank. Comes with a backup generator. Well maintained and secure.
"2-bedroom apartment in Nifas Silk available for rent. 79 square metres, well laid out. Well maintained apartment. Well maintained and secure.",Nifas Silk,Nifas Silk,2.0,2.0,78.7,False,25500.0,"2-bedroom apartment in Nifas Silk available for rent. 79 square metres, well laid out. Well maintained apartment. Well maintained and secure."
5-bedroom unit in Kolfe for long-term rental. About 146 square metres of living space. Features a private water tank. Well maintained and secure.,Kolfe,Kolfe,5.0,3.0,145.7,False,47500.0,5-bedroom unit in Kolfe for long-term rental. About 146 square metres of living space. Features a private water tank. Well maintained and secure.
"Apartment with 3 bedrooms in Yeka, now available. 105 square metres, well laid out. Furnished and ready to move in. Ideal for families or professionals.",Yeka,Yeka,3.0,2.0,105.2,False,42500.0,"Apartment with 3 bedrooms in Yeka, now available. 105 square metres, well laid out. Furnished and ready to move in. Ideal for families or professionals."
3-bedroom unit in Akaky Kaliti for long-term rental. About 106 square metres of living space. Features a private water tank. Comes with a backup generator. Close to schools and markets.,Akaky Kaliti,Akaky Kaliti,3.0,2.0,106.3,False,33500.0,3-bedroom unit in Akaky Kaliti for long-term rental. About 106 square metres of living space. Features a private water tank. Comes with a backup generator. Close to schools and markets.
"Apartment with 3 bedrooms in Lidetta, now available. 96 square metres, well laid out. Features a private water tank. Furnished and ready to move in. Quiet neighbourhood with good access to transport.",Lidetta,Lidetta,3.0,2.0,95.9,False,35500.0,"Apartment with 3 bedrooms in Lidetta, now available. 96 square metres, well laid out. Features a private water tank. Furnished and ready to move in. Quiet neighbourhood with good access to transport."
Rent a 2-bedroom home located in Lidetta. Floor space of 101 square metres. Well maintained apartment. Well maintained and secure.,Lidetta,Lidetta,2.0,2.0,101.2,False,28000.0,Rent a 2-bedroom home located in Lidetta. Floor space of 101 square metres. Well maintained apartment. Well maintained and secure.
5-bedroom apartment in Yeka available for rent. Floor space of 163 square metres. Furnished and ready to move in. Ideal for families or professionals.,Yeka,Yeka,5.0,3.0,162.6,False,66500.0,5-bedroom apartment in Yeka available for rent. Floor space of 163 square metres. Furnished and ready to move in. Ideal for families or professionals.
4-bedroom apartment in Bole available for rent. Floor space of 126 square metres. Well maintained apartment. Well maintained and secure.,Bole,Bole,4.0,2.0,126.3,False,54000.0,4-bedroom apartment in Bole available for rent. Floor space of 126 square metres. Well maintained apartment. Well maintained and secure.
"4-bedroom apartment in Lidetta available for rent. 138 square metres, well laid out. Features a private water tank. Well maintained and secure.",Lidetta,Lidetta,4.0,2.0,137.7,False,42000.0,"4-bedroom apartment in Lidetta available for rent. 138 square metres, well laid out. Features a private water tank. Well maintained and secure."
"Rent a 2-bedroom home located in Yeka. 89 square metres, well laid out. Furnished and ready to move in. Close to schools and markets.",Yeka,Yeka,2.0,1.0,88.7,False,33500.0,"Rent a 2-bedroom home located in Yeka. 89 square metres, well laid out. Furnished and ready to move in. Close to schools and markets."
"4-bedroom unit in Nifas Silk for long-term rental. 139 square metres, well laid out. Features a private water tank. Quiet neighbourhood with good access to transport.",Nifas Silk,Nifas Silk,4.0,2.0,138.6,False,46500.0,"4-bedroom unit in Nifas Silk for long-term rental. 139 square metres, well laid out. Features a private water tank. Quiet neighbourhood with good access to transport."
5-bedroom apartment in Kolfe available for rent. About 136 square metres of living space. Comes with a backup generator. Close to schools and markets.,Kolfe,Kolfe,5.0,3.0,135.9,False,46500.0,5-bedroom apartment in Kolfe available for rent. About 136 square metres of living space. Comes with a backup generator. Close to schools and markets.
Rent a 4-bedroom home located in Bole. About 128 square metres of living space. Well maintained apartment. Close to schools and markets.,Bole,Bole,4.0,2.0,128.3,False,55000.0,Rent a 4-bedroom home located in Bole. About 128 square metres of living space. Well maintained apartment. Close to schools and markets.
3-bedroom apartment in Kolfe available for rent. Floor space of 107 square metres. Well maintained apartment. Ideal for families or professionals.,Kolfe,Kolfe,3.0,2.0,107.3,False,32000.0,3-bedroom apartment in Kolfe available for rent. Floor space of 107 square metres. Well maintained apartment. Ideal for families or professionals.
Rent a 2-bedroom home located in Akaky Kaliti. Floor space of 94 square metres. Features a private water tank. Well maintained and secure.,Akaky Kaliti,Akaky Kaliti,2.0,1.0,93.5,False,25000.0,Rent a 2-bedroom home located in Akaky Kaliti. Floor space of 94 square metres. Features a private water tank. Well maintained and secure.
Rent a 3-bedroom home located in Gulele. About 100 square metres of living space. Well maintained apartment. Well maintained and secure.,Gulele,Gulele,3.0,2.0,100.5,False,31500.0,Rent a 3-bedroom home located in Gulele. About 100 square metres of living space. Well maintained apartment. Well maintained and secure.
"Apartment with 2 bedrooms in Kirkos, now available. Floor space of 56 square metres. Comes with a backup generator. Ideal for families or professionals.",Kirkos,Kirkos,2.0,1.0,56.0,False,26000.0,"Apartment with 2 bedrooms in Kirkos, now available. Floor space of 56 square metres. Comes with a backup generator. Ideal for families or professionals."
4-bedroom unit in Lidetta for long-term rental. Floor space of 117 square metres. Features a private water tank. Comes with a backup generator. Close to schools and markets.,Lidetta,Lidetta,4.0,3.0,117.0,False,41500.0,4-bedroom unit in Lidetta for long-term rental. Floor space of 117 square metres. Features a private water tank. Comes with a backup generator. Close to schools and markets.
"Apartment with 1 bedrooms in Arada, now available. Floor space of 63 square metres. Comes with a backup generator. Furnished and ready to move in. Ideal for families or professionals.",Arada,Arada,1.0,1.0,63.3,False,28500.0,"Apartment with 1 bedrooms in Arada, now available. Floor space of 63 square metres. Comes with a backup generator. Furnished and ready to move in. Ideal for families or professionals."
"Apartment with 1 bedrooms in Gulele, now available. Floor space of 65 square metres. Well maintained apartment. Well maintained and secure.",Gulele,Gulele,1.0,1.0,64.8,False,18000.0,"Apartment with 1 bedrooms in Gulele, now available. Floor space of 65 square metres. Well maintained apartment. Well maintained and secure."
"Apartment with 4 bedrooms in Kolfe, now available. Floor space of 150 square metres. Furnished and ready to move in. Quiet neighbourhood with good access to transport.",Kolfe,Kolfe,4.0,2.0,150.2,False,50000.0,"Apartment with 4 bedrooms in Kolfe, now available. Floor space of 150 square metres. Furnished and ready to move in. Quiet neighbourhood with good access to transport."
"Rent a 2-bedroom home located in Gulele. 93 square metres, well laid out. Features a private water tank. Well maintained and secure.",Gulele,Gulele,2.0,2.0,93.0,False,29500.0,"Rent a 2-bedroom home located in Gulele. 93 square metres, well laid out. Features a private water tank. Well maintained and secure."
"3-bedroom unit in Yeka for long-term rental. 109 square metres, well laid out. Furnished and ready to move in. Close to schools and markets.",Yeka,Yeka,3.0,1.0,109.0,False,42000.0,"3-bedroom unit in Yeka for long-term rental. 109 square metres, well laid out. Furnished and ready to move in. Close to schools and markets."
"3-bedroom apartment in Bole available for rent. 108 square metres, well laid out. Furnished and ready to move in. Quiet neighbourhood with good access to transport.",Bole,Bole,3.0,1.0,107.6,False,51000.0,"3-bedroom apartment in Bole available for rent. 108 square metres, well laid out. Furnished and ready to move in. Quiet neighbourhood with good access to transport."
3-bedroom apartment in Yeka available for rent. About 121 square metres of living space. Well maintained apartment. Ideal for families or professionals.,Yeka,Yeka,3.0,3.0,121.3,False,42500.0,3-bedroom apartment in Yeka available for rent. About 121 square metres of living space. Well maintained apartment. Ideal for families or professionals.
4-bedroom apartment in Arada available for rent. Floor space of 123 square metres. Well maintained apartment. Quiet neighbourhood with good access to transport.,Arada,Arada,4.0,3.0,122.9,False,49500.0,4-bedroom apartment in Arada available for rent. Floor space of 123 square metres. Well maintained apartment. Quiet neighbourhood with good access to transport.
2-bedroom apartment in Arada available for rent. Floor space of 84 square metres. Furnished and ready to move in. Ideal for families or professionals.,Arada,Arada,2.0,1.0,84.3,False,35500.0,2-bedroom apartment in Arada available for rent. Floor space of 84 square metres. Furnished and ready to move in. Ideal for families or professionals.
Rent a 4-bedroom home located in Nifas Silk. Floor space of 117 square metres. Features a private water tank. Ideal for families or professionals.,Nifas Silk,Nifas Silk,4.0,2.0,116.9,False,41000.0,Rent a 4-bedroom home located in Nifas Silk. Floor space of 117 square metres. Features a private water tank. Ideal for families or professionals.
2-bedroom apartment in Kirkos available for rent. Floor space of 103 square metres. Well maintained apartment. Close to schools and markets.,Kirkos,Kirkos,2.0,1.0,103.0,False,38500.0,2-bedroom apartment in Kirkos available for rent. Floor space of 103 square metres. Well maintained apartment. Close to schools and markets.
2-bedroom apartment in Kolfe available for rent. About 91 square metres of living space. Features a private water tank. Comes with a backup generator. Close to schools and markets.,Kolfe,Kolfe,2.0,2.0,90.7,False,30500.0,2-bedroom apartment in Kolfe available for rent. About 91 square metres of living space. Features a private water tank. Comes with a backup generator. Close to schools and markets.
"Apartment with 3 bedrooms in Akaky Kaliti, now available. About 100 square metres of living space. Features a private water tank. Comes with a backup generator. Close to schools and markets.",Akaky Kaliti,Akaky Kaliti,3.0,3.0,99.5,False,33500.0,"Apartment with 3 bedrooms in Akaky Kaliti, now available. About 100 square metres of living space. Features a private water tank. Comes with a backup generator. Close to schools and markets."
Rent a 5-bedroom home located in Yeka. Floor space of 151 square metres. Features a private water tank. Furnished and ready to move in. Well maintained and secure.,Yeka,Yeka,5.0,3.0,150.6,False,65000.0,Rent a 5-bedroom home located in Yeka. Floor space of 151 square metres. Features a private water tank. Furnished and ready to move in. Well maintained and secure.
"2-bedroom apartment in Gulele available for rent. 92 square metres, well laid out. Features a private water tank. Comes with a backup generator. Furnished and ready to move in. Well maintained and secure.",Gulele,Gulele,2.0,1.0,92.1,False,35500.0,"2-bedroom apartment in Gulele available for rent. 92 square metres, well laid out. Features a private water tank. Comes with a backup generator. Furnished and ready to move in. Well maintained and secure."
"3-bedroom apartment in Gulele available for rent. 105 square metres, well laid out. Well maintained apartment. Well maintained and secure.",Gulele,Gulele,3.0,2.0,105.0,False,32500.0,"3-bedroom apartment in Gulele available for rent. 105 square metres, well laid out. Well maintained apartment. Well maintained and secure."
"1-bedroom unit in Arada for long-term rental. 58 square metres, well laid out. Furnished and ready to move in. Ideal for families or professionals.",Arada,Arada,1.0,1.0,57.6,False,24000.0,"1-bedroom unit in Arada for long-term rental. 58 square metres, well laid out. Furnished and ready to move in. Ideal for families or professionals."
1-bedroom unit in Yeka for long-term rental. About 56 square metres of living space. Features a private water tank. Ideal for families or professionals.,Yeka,Yeka,1.0,1.0,56.1,False,20000.0,1-bedroom unit in Yeka for long-term rental. About 56 square metres of living space. Features a private water tank. Ideal for families or professionals.
"Apartment with 4 bedrooms in Kolfe, now available. Floor space of 134 square metres. Comes with a backup generator. Quiet neighbourhood with good access to transport.",Kolfe,Kolfe,4.0,2.0,134.1,False,42500.0,"Apartment with 4 bedrooms in Kolfe, now available. Floor space of 134 square metres. Comes with a backup generator. Quiet neighbourhood with good access to transport."
"4-bedroom apartment in Addis Ketema available for rent. 126 square metres, well laid out. Comes with a backup generator. Close to schools and markets.",Addis Ketema,Addis Ketema,4.0,2.0,125.7,False,39500.0,"4-bedroom apartment in Addis Ketema available for rent. 126 square metres, well laid out. Comes with a backup generator. Close to schools and markets."
"Apartment with 2 bedrooms in Gulele, now available. Floor space of 81 square metres. Well maintained apartment. Close to schools and markets.",Gulele,Gulele,2.0,1.0,80.6,False,23500.0,"Apartment with 2 bedrooms in Gulele, now available. Floor space of 81 square metres. Well maintained apartment. Close to schools and markets."
"4-bedroom apartment in Akaky Kaliti available for rent. 114 square metres, well laid out. Comes with a backup generator. Quiet neighbourhood with good access to transport.",Akaky Kaliti,Akaky Kaliti,4.0,2.0,114.0,False,35500.0,"4-bedroom apartment in Akaky Kaliti available for rent. 114 square metres, well laid out. Comes with a backup generator. Quiet neighbourhood with good access to transport."
"Apartment with 2 bedrooms in Addis Ketema, now available. Floor space of 87 square metres. Well maintained apartment. Close to schools and markets.",Addis Ketema,Addis Ketema,2.0,1.0,86.9,False,23500.0,"Apartment with 2 bedrooms in Addis Ketema, now available. Floor space of 87 square metres. Well maintained apartment. Close to schools and markets."
2-bedroom apartment in Kirkos available for rent. Floor space of 84 square metres. Furnished and ready to move in. Quiet neighbourhood with good access to transport.,Kirkos,Kirkos,2.0,1.0,83.8,False,37500.0,2-bedroom apartment in Kirkos available for rent. Floor space of 84 square metres. Furnished and ready to move in. Quiet neighbourhood with good access to transport.
3-bedroom apartment in Nifas Silk available for rent. Floor space of 104 square metres. Well maintained apartment. Close to schools and markets.,Nifas Silk,Nifas Silk,3.0,1.0,104.1,False,33000.0,3-bedroom apartment in Nifas Silk available for rent. Floor space of 104 square metres. Well maintained apartment. Close to schools and markets.
"Rent a 2-bedroom home located in Arada. 88 square metres, well laid out. Comes with a backup generator. Furnished and ready to move in. Well maintained and secure.",Arada,Arada,2.0,1.0,88.4,False,40000.0,"Rent a 2-bedroom home located in Arada. 88 square metres, well laid out. Comes with a backup generator. Furnished and ready to move in. Well maintained and secure."
5-bedroom unit in Addis Ketema for long-term rental. About 161 square metres of living space. Features a private water tank. Comes with a backup generator. Quiet neighbourhood with good access to transport.,Addis Ketema,Addis Ketema,5.0,3.0,161.0,False,52000.0,5-bedroom unit in Addis Ketema for long-term rental. About 161 square metres of living space. Features a private water tank. Comes with a backup generator. Quiet neighbourhood with good access to transport.
3-bedroom unit in Bole for long-term rental. About 116 square metres of living space. Well maintained apartment. Quiet neighbourhood with good access to transport.,Bole,Bole,3.0,2.0,116.4,False,48500.0,3-bedroom unit in Bole for long-term rental. About 116 square metres of living space. Well maintained apartment. Quiet neighbourhood with good access to transport.
"2-bedroom unit in Kirkos for long-term rental. 93 square metres, well laid out. Well maintained apartment. Quiet neighbourhood with good access to transport.",Kirkos,Kirkos,2.0,2.0,92.6,False,36500.0,"2-bedroom unit in Kirkos for long-term rental. 93 square metres, well laid out. Well maintained apartment. Quiet neighbourhood with good access to transport."
3-bedroom unit in Lidetta for long-term rental. Floor space of 105 square metres. Furnished and ready to move in. Ideal for families or professionals.,Lidetta,Lidetta,3.0,2.0,105.1,False,35500.0,3-bedroom unit in Lidetta for long-term rental. Floor space of 105 square metres. Furnished and ready to move in. Ideal for families or professionals.
"Apartment with 4 bedrooms in Yeka, now available. About 123 square metres of living space. Well maintained apartment. Quiet neighbourhood with good access to transport.",Yeka,Yeka,4.0,3.0,123.2,False,45000.0,"Apartment with 4 bedrooms in Yeka, now available. About 123 square metres of living space. Well maintained apartment. Quiet neighbourhood with good access to transport."
2-bedroom apartment in Kolfe available for rent. About 74 square metres of living space. Features a private water tank. Well maintained and secure.,Kolfe,Kolfe,2.0,1.0,73.5,False,23000.0,2-bedroom apartment in Kolfe available for rent. About 74 square metres of living space. Features a private water tank. Well maintained and secure.
5-bedroom unit in Kirkos for long-term rental. Floor space of 145 square metres. Comes with a backup generator. Furnished and ready to move in. Quiet neighbourhood with good access to transport.,Kirkos,Kirkos,5.0,3.0,144.9,False,73000.0,5-bedroom unit in Kirkos for long-term rental. Floor space of 145 square metres. Comes with a backup generator. Furnished and ready to move in. Quiet neighbourhood with good access to transport.
"Rent a 3-bedroom home located in Addis Ketema. 108 square metres, well laid out. Comes with a backup generator. Furnished and ready to move in. Close to schools and markets.",Addis Ketema,Addis Ketema,3.0,1.0,108.2,False,37500.0,"Rent a 3-bedroom home located in Addis Ketema. 108 square metres, well laid out. Comes with a backup generator. Furnished and ready to move in. Close to schools and markets."
"Apartment with 4 bedrooms in Lidetta, now available. Floor space of 121 square metres. Well maintained apartment. Well maintained and secure.",Lidetta,Lidetta,4.0,2.0,120.6,False,36500.0,"Apartment with 4 bedrooms in Lidetta, now available. Floor space of 121 square metres. Well maintained apartment. Well maintained and secure."
5-bedroom apartment in Yeka available for rent. Floor space of 153 square metres. Well maintained apartment. Well maintained and secure.,Yeka,Yeka,5.0,3.0,153.2,False,55000.0,5-bedroom apartment in Yeka available for rent. Floor space of 153 square metres. Well maintained apartment. Well maintained and secure.
3-bedroom apartment in Kolfe available for rent. About 96 square metres of living space. Well maintained apartment. Close to schools and markets.,Kolfe,Kolfe,3.0,2.0,96.4,False,29500.0,3-bedroom apartment in Kolfe available for rent. About 96 square metres of living space. Well maintained apartment. Close to schools and markets.
1-bedroom apartment in Kirkos available for rent. About 44 square metres of living space. Well maintained apartment. Well maintained and secure.,Kirkos,Kirkos,1.0,1.0,44.1,False,17500.0,1-bedroom apartment in Kirkos available for rent. About 44 square metres of living space. Well maintained apartment. Well maintained and secure.
"Rent a 4-bedroom home located in Nifas Silk. 140 square metres, well laid out. Furnished and ready to move in. Close to schools and markets.",Nifas Silk,Nifas Silk,4.0,2.0,139.8,False,51500.0,"Rent a 4-bedroom home located in Nifas Silk. 140 square metres, well laid out. Furnished and ready to move in. Close to schools and markets."
1-bedroom unit in Nifas Silk for long-term rental. About 58 square metres of living space. Features a private water tank. Close to schools and markets.,Nifas Silk,Nifas Silk,1.0,1.0,58.3,False,19000.0,1-bedroom unit in Nifas Silk for long-term rental. About 58 square metres of living space. Features a private water tank. Close to schools and markets.
Rent a 3-bedroom home located in Kolfe. About 98 square metres of living space. Furnished and ready to move in. Close to schools and markets.,Kolfe,Kolfe,3.0,2.0,98.0,False,34500.0,Rent a 3-bedroom home located in Kolfe. About 98 square metres of living space. Furnished and ready to move in. Close to schools and markets.
"Apartment with 5 bedrooms in Bole, now available. About 139 square metres of living space. Features a private water tank. Furnished and ready to move in. Close to schools and markets.",Bole,Bole,5.0,3.0,138.9,False,73000.0,"Apartment with 5 bedrooms in Bole, now available. About 139 square metres of living space. Features a private water tank. Furnished and ready to move in. Close to schools and markets."
"3-bedroom apartment in Yeka available for rent. 113 square metres, well laid out. Comes with a backup generator. Ideal for families or professionals.",Yeka,Yeka,3.0,2.0,113.1,False,41500.0,"3-bedroom apartment in Yeka available for rent. 113 square metres, well laid out. Comes with a backup generator. Ideal for families or professionals."
"4-bedroom apartment in Gulele available for rent. 146 square metres, well laid out. Features a private water tank. Furnished and ready to move in. Well maintained and secure.",Gulele,Gulele,4.0,2.0,146.5,False,53000.0,"4-bedroom apartment in Gulele available for rent. 146 square metres, well laid out. Features a private water tank. Furnished and ready to move in. Well maintained and secure."
3-bedroom unit in Nifas Silk for long-term rental. Floor space of 103 square metres. Features a private water tank. Furnished and ready to move in. Close to schools and markets.,Nifas Silk,Nifas Silk,3.0,1.0,103.2,False,39500.0,3-bedroom unit in Nifas Silk for long-term rental. Floor space of 103 square metres. Features a private water tank. Furnished and ready to move in. Close to schools and markets.
"2-bedroom unit in Arada for long-term rental. 83 square metres, well laid out. Furnished and ready to move in. Well maintained and secure.",Arada,Arada,2.0,1.0,83.4,False,35000.0,"2-bedroom unit in Arada for long-term rental. 83 square metres, well laid out. Furnished and ready to move in. Well maintained and secure."
2-bedroom apartment in Bole available for rent. Floor space of 99 square metres. Features a private water tank. Comes with a backup generator. Furnished and ready to move in. Well maintained and secure.,Bole,Bole,2.0,1.0,98.9,False,50000.0,2-bedroom apartment in Bole available for rent. Floor space of 99 square metres. Features a private water tank. Comes with a backup generator. Furnished and ready to move in. Well maintained and secure.
3-bedroom apartment in Kirkos available for rent. About 86 square metres of living space. Well maintained apartment. Ideal for families or professionals.,Kirkos,Kirkos,3.0,1.0,86.3,False,35500.0,3-bedroom apartment in Kirkos available for rent. About 86 square metres of living space. Well maintained apartment. Ideal for families or professionals.
1-bedroom unit in Lidetta for long-term rental. About 88 square metres of living space. Furnished and ready to move in. Close to schools and markets.,Lidetta,Lidetta,1.0,1.0,87.6,False,25000.0,1-bedroom unit in Lidetta for long-term rental. About 88 square metres of living space. Furnished and ready to move in. Close to schools and markets.
3-bedroom unit in Bole for long-term rental. About 137 square metres of living space. Features a private water tank. Quiet neighbourhood with good access to transport.,Bole,Bole,3.0,2.0,137.3,False,57500.0,3-bedroom unit in Bole for long-term rental. About 137 square metres of living space. Features a private water tank. Quiet neighbourhood with good access to transport.
"3-bedroom unit in Kirkos for long-term rental. 76 square metres, well laid out. Well maintained apartment. Well maintained and secure.",Kirkos,Kirkos,3.0,2.0,75.5,False,33000.0,"3-bedroom unit in Kirkos for long-term rental. 76 square metres, well laid out. Well maintained apartment. Well maintained and secure."
5-bedroom unit in Akaky Kaliti for long-term rental. About 151 square metres of living space. Features a private water tank. Ideal for families or professionals.,Akaky Kaliti,Akaky Kaliti,5.0,3.0,150.8,False,45000.0,5-bedroom unit in Akaky Kaliti for long-term rental. About 151 square metres of living space. Features a private water tank. Ideal for families or professionals.
"Apartment with 1 bedrooms in Bole, now available. About 55 square metres of living space. Features a private water tank. Close to schools and markets.",Bole,Bole,1.0,2.0,55.4,False,25000.0,"Apartment with 1 bedrooms in Bole, now available. About 55 square metres of living space. Features a private water tank. Close to schools and markets."
"Apartment with 5 bedrooms in Gulele, now available. About 149 square metres of living space. Features a private water tank. Comes with a backup generator. Quiet neighbourhood with good access to transport.",Gulele,Gulele,5.0,3.0,148.8,False,52500.0,"Apartment with 5 bedrooms in Gulele, now available. About 149 square metres of living space. Features a private water tank. Comes with a backup generator. Quiet neighbourhood with good access to transport."
3-bedroom apartment in Yeka available for rent. Floor space of 103 square metres. Furnished and ready to move in. Close to schools and markets.,Yeka,Yeka,3.0,2.0,103.0,False,41500.0,3-bedroom apartment in Yeka available for rent. Floor space of 103 square metres. Furnished and ready to move in. Close to schools and markets.
4-bedroom apartment in Lidetta available for rent. Floor space of 140 square metres. Furnished and ready to move in. Well maintained and secure.,Lidetta,Lidetta,4.0,3.0,139.7,False,48000.0,4-bedroom apartment in Lidetta available for rent. Floor space of 140 square metres. Furnished and ready to move in. Well maintained and secure.
Rent a 3-bedroom home located in Gulele. Floor space of 107 square metres. Features a private water tank. Well maintained and secure.,Gulele,Gulele,3.0,3.0,106.6,False,36000.0,Rent a 3-bedroom home located in Gulele. Floor space of 107 square metres. Features a private water tank. Well maintained and secure.
2-bedroom unit in Lidetta for long-term rental. Floor space of 75 square metres. Well maintained apartment. Well maintained and secure.,Lidetta,Lidetta,2.0,1.0,75.1,False,21500.0,2-bedroom unit in Lidetta for long-term rental. Floor space of 75 square metres. Well maintained apartment. Well maintained and secure.
Rent a 5-bedroom home located in Yeka. About 150 square metres of living space. Comes with a backup generator. Quiet neighbourhood with good access to transport.,Yeka,Yeka,5.0,2.0,149.9,False,55500.0,Rent a 5-bedroom home located in Yeka. About 150 square metres of living space. Comes with a backup generator. Quiet neighbourhood with good access to transport.
"2-bedroom apartment in Arada available for rent. 92 square metres, well laid out. Furnished and ready to move in. Quiet neighbourhood with good access to transport.",Arada,Arada,2.0,1.0,92.2,False,38000.0,"2-bedroom apartment in Arada available for rent. 92 square metres, well laid out. Furnished and ready to move in. Quiet neighbourhood with good access to transport."
Rent a 1-bedroom home located in Kolfe. Floor space of 50 square metres. Well maintained apartment. Well maintained and secure.,Kolfe,Kolfe,1.0,1.0,49.8,False,14000.0,Rent a 1-bedroom home located in Kolfe. Floor space of 50 square metres. Well maintained apartment. Well maintained and secure.
"4-bedroom apartment in Yeka available for rent. 110 square metres, well laid out. Features a private water tank. Ideal for families or professionals.",Yeka,Yeka,4.0,2.0,110.2,False,42000.0,"4-bedroom apartment in Yeka available for rent. 110 square metres, well laid out. Features a private water tank. Ideal for families or professionals."
4-bedroom apartment in Yeka available for rent. About 154 square metres of living space. Features a private water tank. Close to schools and markets.,Yeka,Yeka,4.0,3.0,153.9,False,55000.0,4-bedroom apartment in Yeka available for rent. About 154 square metres of living space. Features a private water tank. Close to schools and markets.
"5-bedroom unit in Bole for long-term rental. 144 square metres, well laid out. Features a private water tank. Furnished and ready to move in. Ideal for families or professionals.",Bole,Bole,5.0,3.0,144.3,False,75500.0,"5-bedroom unit in Bole for long-term rental. 144 square metres, well laid out. Features a private water tank. Furnished and ready to move in. Ideal for families or professionals."
3-bedroom unit in Addis Ketema for long-term rental. About 106 square metres of living space. Features a private water tank. Quiet neighbourhood with good access to transport.,Addis Ketema,Addis Ketema,3.0,2.0,106.4,False,32500.0,3-bedroom unit in Addis Ketema for long-term rental. About 106 square metres of living space. Features a private water tank. Quiet neighbourhood with good access to transport.
1-bedroom unit in Gulele for long-term rental. About 59 square metres of living space. Features a private water tank. Well maintained and secure.,Gulele,Gulele,1.0,1.0,59.2,False,18500.0,1-bedroom unit in Gulele for long-term rental. About 59 square metres of living space. Features a private water tank. Well maintained and secure.
"Apartment with 1 bedrooms in Nifas Silk, now available. About 71 square metres of living space. Features a private water tank. Comes with a backup generator. Close to schools and markets.",Nifas Silk,Nifas Silk,1.0,1.0,70.6,False,24500.0,"Apartment with 1 bedrooms in Nifas Silk, now available. About 71 square metres of living space. Features a private water tank. Comes with a backup generator. Close to schools and markets."
"3-bedroom apartment in Gulele available for rent. 129 square metres, well laid out. Furnished and ready to move in. Ideal for families or professionals.",Gulele,Gulele,3.0,1.0,129.3,False,42500.0,"3-bedroom apartment in Gulele available for rent. 129 square metres, well laid out. Furnished and ready to move in. Ideal for families or professionals."
Rent a 2-bedroom home located in Arada. About 93 square metres of living space. Furnished and ready to move in. Well maintained and secure.,Arada,Arada,2.0,2.0,93.0,False,40000.0,Rent a 2-bedroom home located in Arada. About 93 square metres of living space. Furnished and ready to move in. Well maintained and secure.
5-bedroom apartment in Arada available for rent. About 134 square metres of living space. Features a private water tank. Well maintained and secure.,Arada,Arada,5.0,3.0,133.8,False,56500.0,5-bedroom apartment in Arada available for rent. About 134 square metres of living space. Features a private water tank. Well maintained and secure.
"Apartment with 1 bedrooms in Kirkos, now available. 47 square metres, well laid out. Features a private water tank. Close to schools and markets.",Kirkos,Kirkos,1.0,1.0,47.4,False,20500.0,"Apartment with 1 bedrooms in Kirkos, now available. 47 square metres, well laid out. Features a private water tank. Close to schools and markets."
"5-bedroom unit in Nifas Silk for long-term rental. 147 square metres, well laid out. Features a private water tank. Close to schools and markets.",Nifas Silk,Nifas Silk,5.0,3.0,147.2,False,51500.0,"5-bedroom unit in Nifas Silk for long-term rental. 147 square metres, well laid out. Features a private water tank. Close to schools and markets."
"Rent a 2-bedroom home located in Yeka. 83 square metres, well laid out. Features a private water tank. Close to schools and markets.",Yeka,Yeka,2.0,1.0,82.8,False,29500.0,"Rent a 2-bedroom home located in Yeka. 83 square metres, well laid out. Features a private water tank. Close to schools and markets."
"Apartment with 1 bedrooms in Lidetta, now available. About 43 square metres of living space. Furnished and ready to move in. Quiet neighbourhood with good access to transport.",Lidetta,Lidetta,1.0,1.0,43.3,False,14500.0,"Apartment with 1 bedrooms in Lidetta, now available. About 43 square metres of living space. Furnished and ready to move in. Quiet neighbourhood with good access to transport."
Rent a 2-bedroom home located in Kolfe. Floor space of 96 square metres. Features a private water tank. Comes with a backup generator. Well maintained and secure.,Kolfe,Kolfe,2.0,1.0,95.8,False,30500.0,Rent a 2-bedroom home located in Kolfe. Floor space of 96 square metres. Features a private water tank. Comes with a backup generator. Well maintained and secure.
1-bedroom unit in Kirkos for long-term rental. Floor space of 51 square metres. Features a private water tank. Well maintained and secure.,Kirkos,Kirkos,1.0,1.0,51.0,False,21500.0,1-bedroom unit in Kirkos for long-term rental. Floor space of 51 square metres. Features a private water tank. Well maintained and secure.
"3-bedroom unit in Nifas Silk for long-term rental. 126 square metres, well laid out. Features a private water tank. Comes with a backup generator. Well maintained and secure.",Nifas Silk,Nifas Silk,3.0,2.0,125.9,False,43500.0,"3-bedroom unit in Nifas Silk for long-term rental. 126 square metres, well laid out. Features a private water tank. Comes with a backup generator. Well maintained and secure."
"Apartment with 2 bedrooms in Bole, now available. About 108 square metres of living space. Features a private water tank. Comes with a backup generator. Furnished and ready to move in. Well maintained and secure.",Bole,Bole,2.0,1.0,107.8,False,53500.0,"Apartment with 2 bedrooms in Bole, now available. About 108 square metres of living space. Features a private water tank. Comes with a backup generator. Furnished and ready to move in. Well maintained and secure."
3-bedroom apartment in Addis Ketema available for rent. Floor space of 105 square metres. Features a private water tank. Comes with a backup generator. Well maintained and secure.,Addis Ketema,Addis Ketema,3.0,2.0,105.0,False,35000.0,3-bedroom apartment in Addis Ketema available for rent. Floor space of 105 square metres. Features a private water tank. Comes with a backup generator. Well maintained and secure.
"3-bedroom apartment in Akaky Kaliti available for rent. 113 square metres, well laid out. Features a private water tank. Ideal for families or professionals.",Akaky Kaliti,Akaky Kaliti,3.0,2.0,113.3,False,32500.0,"3-bedroom apartment in Akaky Kaliti available for rent. 113 square metres, well laid out. Features a private water tank. Ideal for families or professionals."
"Apartment with 1 bedrooms in Akaky Kaliti, now available. Floor space of 49 square metres. Features a private water tank. Ideal for families or professionals.",Akaky Kaliti,Akaky Kaliti,1.0,1.0,49.2,False,14500.0,"Apartment with 1 bedrooms in Akaky Kaliti, now available. Floor space of 49 square metres. Features a private water tank. Ideal for families or professionals."
Rent a 1-bedroom home located in Kirkos. About 72 square metres of living space. Well maintained apartment. Quiet neighbourhood with good access to transport.,Kirkos,Kirkos,1.0,1.0,71.5,False,26500.0,Rent a 1-bedroom home located in Kirkos. About 72 square metres of living space. Well maintained apartment. Quiet neighbourhood with good access to transport.
1-bedroom unit in Bole for long-term rental. About 58 square metres of living space. Furnished and ready to move in. Ideal for families or professionals.,Bole,Bole,1.0,1.0,58.0,False,26500.0,1-bedroom unit in Bole for long-term rental. About 58 square metres of living space. Furnished and ready to move in. Ideal for families or professionals.
1-bedroom apartment in Yeka available for rent. Floor space of 51 square metres. Features a private water tank. Furnished and ready to move in. Well maintained and secure.,Yeka,Yeka,1.0,1.0,51.0,False,21500.0,1-bedroom apartment in Yeka available for rent. Floor space of 51 square metres. Features a private water tank. Furnished and ready to move in. Well maintained and secure.
"Rent a 1-bedroom home located in Bole. 60 square metres, well laid out. Well maintained apartment. Ideal for families or professionals.",Bole,Bole,1.0,1.0,60.5,False,24000.0,"Rent a 1-bedroom home located in Bole. 60 square metres, well laid out. Well maintained apartment. Ideal for families or professionals."
"Apartment with 2 bedrooms in Bole, now available. About 80 square metres of living space. Features a private water tank. Furnished and ready to move in. Well maintained and secure.",Bole,Bole,2.0,1.0,80.4,False,40000.0,"Apartment with 2 bedrooms in Bole, now available. About 80 square metres of living space. Features a private water tank. Furnished and ready to move in. Well maintained and secure."
3-bedroom apartment in Bole available for rent. About 104 square metres of living space. Furnished and ready to move in. Well maintained and secure.,Bole,Bole,3.0,2.0,104.1,False,51000.0,3-bedroom apartment in Bole available for rent. About 104 square metres of living space. Furnished and ready to move in. Well maintained and secure.
2-bedroom unit in Addis Ketema for long-term rental. About 97 square metres of living space. Comes with a backup generator. Ideal for families or professionals.,Addis Ketema,Addis Ketema,2.0,1.0,97.4,False,28000.0,2-bedroom unit in Addis Ketema for long-term rental. About 97 square metres of living space. Comes with a backup generator. Ideal for families or professionals.
Rent a 2-bedroom home located in Bole. About 77 square metres of living space. Furnished and ready to move in. Close to schools and markets.,Bole,Bole,2.0,2.0,76.6,False,38000.0,Rent a 2-bedroom home located in Bole. About 77 square metres of living space. Furnished and ready to move in. Close to schools and markets.
"Apartment with 3 bedrooms in Bole, now available. Floor space of 129 square metres. Features a private water tank. Ideal for families or professionals.",Bole,Bole,3.0,2.0,128.8,False,54500.0,"Apartment with 3 bedrooms in Bole, now available. Floor space of 129 square metres. Features a private water tank. Ideal for families or professionals."
"Apartment with 3 bedrooms in Kolfe, now available. Floor space of 92 square metres. Features a private water tank. Ideal for families or professionals.",Kolfe,Kolfe,3.0,1.0,92.1,False,29500.0,"Apartment with 3 bedrooms in Kolfe, now available. Floor space of 92 square metres. Features a private water tank. Ideal for families or professionals."
2-bedroom unit in Nifas Silk for long-term rental. About 105 square metres of living space. Comes with a backup generator. Furnished and ready to move in. Ideal for families or professionals.,Nifas Silk,Nifas Silk,2.0,1.0,105.4,False,38500.0,2-bedroom unit in Nifas Silk for long-term rental. About 105 square metres of living space. Comes with a backup generator. Furnished and ready to move in. Ideal for families or professionals.
2-bedroom apartment in Kolfe available for rent. Floor space of 74 square metres. Well maintained apartment. Close to schools and markets.,Kolfe,Kolfe,2.0,1.0,73.8,False,21500.0,2-bedroom apartment in Kolfe available for rent. Floor space of 74 square metres. Well maintained apartment. Close to schools and markets.
3-bedroom unit in Nifas Silk for long-term rental. Floor space of 108 square metres. Features a private water tank. Quiet neighbourhood with good access to transport.,Nifas Silk,Nifas Silk,3.0,2.0,108.0,False,36500.0,3-bedroom unit in Nifas Silk for long-term rental. Floor space of 108 square metres. Features a private water tank. Quiet neighbourhood with good access to transport.
"Apartment with 1 bedrooms in Lidetta, now available. Floor space of 58 square metres. Features a private water tank. Close to schools and markets.",Lidetta,Lidetta,1.0,1.0,58.1,False,17500.0,"Apartment with 1 bedrooms in Lidetta, now available. Floor space of 58 square metres. Features a private water tank. Close to schools and markets."
"Apartment with 3 bedrooms in Nifas Silk, now available. About 104 square metres of living space. Features a private water tank. Close to schools and markets.",Nifas Silk,Nifas Silk,3.0,2.0,103.9,False,35500.0,"Apartment with 3 bedrooms in Nifas Silk, now available. About 104 square metres of living space. Features a private water tank. Close to schools and markets."
"Apartment with 5 bedrooms in Arada, now available. 162 square metres, well laid out. Features a private water tank. Quiet neighbourhood with good access to transport.",Arada,Arada,5.0,3.0,161.6,False,65000.0,"Apartment with 5 bedrooms in Arada, now available. 162 square metres, well laid out. Features a private water tank. Quiet neighbourhood with good access to transport."
Rent a 2-bedroom home located in Gulele. Floor space of 104 square metres. Features a private water tank. Ideal for families or professionals.,Gulele,Gulele,2.0,1.0,104.0,False,31000.0,Rent a 2-bedroom home located in Gulele. Floor space of 104 square metres. Features a private water tank. Ideal for families or professionals.
1-bedroom unit in Kirkos for long-term rental. About 78 square metres of living space. Furnished and ready to move in. Quiet neighbourhood with good access to transport.,Kirkos,Kirkos,1.0,1.0,78.3,False,32500.0,1-bedroom unit in Kirkos for long-term rental. About 78 square metres of living space. Furnished and ready to move in. Quiet neighbourhood with good access to transport.
"4-bedroom apartment in Kirkos available for rent. 125 square metres, well laid out. Well maintained apartment. Quiet neighbourhood with good access to transport.",Kirkos,Kirkos,4.0,2.0,125.1,False,51000.0,"4-bedroom apartment in Kirkos available for rent. 125 square metres, well laid out. Well maintained apartment. Quiet neighbourhood with good access to transport."
"Apartment with 1 bedrooms in Arada, now available. About 66 square metres of living space. Features a private water tank. Comes with a backup generator. Ideal for families or professionals.",Arada,Arada,1.0,1.0,66.2,False,27500.0,"Apartment with 1 bedrooms in Arada, now available. About 66 square metres of living space. Features a private water tank. Comes with a backup generator. Ideal for families or professionals."
"Apartment with 1 bedrooms in Bole, now available. About 55 square metres of living space. Well maintained apartment. Quiet neighbourhood with good access to transport.",Bole,Bole,1.0,1.0,54.6,False,22000.0,"Apartment with 1 bedrooms in Bole, now available. About 55 square metres of living space. Well maintained apartment. Quiet neighbourhood with good access to transport."
"Apartment with 1 bedrooms in Kolfe, now available. About 52 square metres of living space. Comes with a backup generator. Ideal for families or professionals.",Kolfe,Kolfe,1.0,1.0,52.1,False,17000.0,"Apartment with 1 bedrooms in Kolfe, now available. About 52 square metres of living space. Comes with a backup generator. Ideal for families or professionals."
"Apartment with 5 bedrooms in Yeka, now available. About 138 square metres of living space. Well maintained apartment. Quiet neighbourhood with good access to transport.",Yeka,Yeka,5.0,3.0,138.2,False,51000.0,"Apartment with 5 bedrooms in Yeka, now available. About 138 square metres of living space. Well maintained apartment. Quiet neighbourhood with good access to transport."
"Rent a 5-bedroom home located in Bole. 147 square metres, well laid out. Features a private water tank. Furnished and ready to move in. Quiet neighbourhood with good access to transport.",Bole,Bole,5.0,3.0,146.7,False,76000.0,"Rent a 5-bedroom home located in Bole. 147 square metres, well laid out. Features a private water tank. Furnished and ready to move in. Quiet neighbourhood with good access to transport."
"Rent a 3-bedroom home located in Yeka. 111 square metres, well laid out. Features a private water tank. Ideal for families or professionals.",Yeka,Yeka,3.0,2.0,111.0,False,40000.0,"Rent a 3-bedroom home located in Yeka. 111 square metres, well laid out. Features a private water tank. Ideal for families or professionals."
"Rent a 4-bedroom home located in Lidetta. 107 square metres, well laid out. Features a private water tank. Ideal for families or professionals.",Lidetta,Lidetta,4.0,3.0,107.1,False,36500.0,"Rent a 4-bedroom home located in Lidetta. 107 square metres, well laid out. Features a private water tank. Ideal for families or professionals."
"Rent a 4-bedroom home located in Kirkos. 129 square metres, well laid out. Features a private water tank. Furnished and ready to move in. Quiet neighbourhood with good access to transport.",Kirkos,Kirkos,4.0,2.0,129.4,False,62500.0,"Rent a 4-bedroom home located in Kirkos. 129 square metres, well laid out. Features a private water tank. Furnished and ready to move in. Quiet neighbourhood with good access to transport."
"Apartment with 4 bedrooms in Gulele, now available. Floor space of 148 square metres. Features a private water tank. Close to schools and markets.",Gulele,Gulele,4.0,1.0,148.2,False,45000.0,"Apartment with 4 bedrooms in Gulele, now available. Floor space of 148 square metres. Features a private water tank. Close to schools and markets."
"Apartment with 3 bedrooms in Lidetta, now available. 122 square metres, well laid out. Features a private water tank. Comes with a backup generator. Quiet neighbourhood with good access to transport.",Lidetta,Lidetta,3.0,1.0,121.5,False,37500.0,"Apartment with 3 bedrooms in Lidetta, now available. 122 square metres, well laid out. Features a private water tank. Comes with a backup generator. Quiet neighbourhood with good access to transport."
"5-bedroom apartment in Bole available for rent. 145 square metres, well laid out. Features a private water tank. Comes with a backup generator. Furnished and ready to move in. Ideal for families or professionals.",Bole,Bole,5.0,3.0,145.0,False,78500.0,"5-bedroom apartment in Bole available for rent. 145 square metres, well laid out. Features a private water tank. Comes with a backup generator. Furnished and ready to move in. Ideal for families or professionals."
"4-bedroom unit in Kolfe for long-term rental. 113 square metres, well laid out. Features a private water tank. Comes with a backup generator. Ideal for families or professionals.",Kolfe,Kolfe,4.0,2.0,113.2,False,40000.0,"4-bedroom unit in Kolfe for long-term rental. 113 square metres, well laid out. Features a private water tank. Comes with a backup generator. Ideal for families or professionals."
1-bedroom apartment in Yeka available for rent. About 70 square metres of living space. Well maintained apartment. Well maintained and secure.,Yeka,Yeka,1.0,1.0,69.5,False,22000.0,1-bedroom apartment in Yeka available for rent. About 70 square metres of living space. Well maintained apartment. Well maintained and secure.
2-bedroom apartment in Yeka available for rent. About 58 square metres of living space. Well maintained apartment. Quiet neighbourhood with good access to transport.,Yeka,Yeka,2.0,2.0,58.2,False,22000.0,2-bedroom apartment in Yeka available for rent. About 58 square metres of living space. Well maintained apartment. Quiet neighbourhood with good access to transport.
5-bedroom unit in Gulele for long-term rental. Floor space of 165 square metres. Features a private water tank. Well maintained and secure.,Gulele,Gulele,5.0,3.0,165.3,False,53500.0,5-bedroom unit in Gulele for long-term rental. Floor space of 165 square metres. Features a private water tank. Well maintained and secure.
"Apartment with 3 bedrooms in Akaky Kaliti, now available. Floor space of 105 square metres. Comes with a backup generator. Ideal for families or professionals.",Akaky Kaliti,Akaky Kaliti,3.0,1.0,105.4,False,30500.0,"Apartment with 3 bedrooms in Akaky Kaliti, now available. Floor space of 105 square metres. Comes with a backup generator. Ideal for families or professionals."
Rent a 2-bedroom home located in Yeka. Floor space of 108 square metres. Features a private water tank. Comes with a backup generator. Close to schools and markets.,Yeka,Yeka,2.0,1.0,108.0,False,38500.0,Rent a 2-bedroom home located in Yeka. Floor space of 108 square metres. Features a private water tank. Comes with a backup generator. Close to schools and markets.
"5-bedroom unit in Nifas Silk for long-term rental. 131 square metres, well laid out. Features a private water tank. Close to schools and markets.",Nifas Silk,Nifas Silk,5.0,3.0,131.3,False,48000.0,"5-bedroom unit in Nifas Silk for long-term rental. 131 square metres, well laid out. Features a private water tank. Close to schools and markets."
"4-bedroom unit in Yeka for long-term rental. 141 square metres, well laid out. Comes with a backup generator. Close to schools and markets.",Yeka,Yeka,4.0,2.0,141.0,False,51000.0,"4-bedroom unit in Yeka for long-term rental. 141 square metres, well laid out. Comes with a backup generator. Close to schools and markets."
3-bedroom apartment in Arada available for rent. About 107 square metres of living space. Well maintained apartment. Ideal for families or professionals.,Arada,Arada,3.0,2.0,106.8,False,41000.0,3-bedroom apartment in Arada available for rent. About 107 square metres of living space. Well maintained apartment. Ideal for families or professionals.
3-bedroom apartment in Nifas Silk available for rent. Floor space of 104 square metres. Features a private water tank. Furnished and ready to move in. Quiet neighbourhood with good access to transport.,Nifas Silk,Nifas Silk,3.0,3.0,104.0,False,42500.0,3-bedroom apartment in Nifas Silk available for rent. Floor space of 104 square metres. Features a private water tank. Furnished and ready to move in. Quiet neighbourhood with good access to transport.
1-bedroom unit in Nifas Silk for long-term rental. Floor space of 48 square metres. Features a private water tank. Quiet neighbourhood with good access to transport.,Nifas Silk,Nifas Silk,1.0,1.0,47.6,False,16500.0,1-bedroom unit in Nifas Silk for long-term rental. Floor space of 48 square metres. Features a private water tank. Quiet neighbourhood with good access to transport.
"Apartment with 2 bedrooms in Nifas Silk, now available. 93 square metres, well laid out. Features a private water tank. Ideal for families or professionals.",Nifas Silk,Nifas Silk,2.0,1.0,93.1,False,29500.0,"Apartment with 2 bedrooms in Nifas Silk, now available. 93 square metres, well laid out. Features a private water tank. Ideal for families or professionals."
"3-bedroom unit in Bole for long-term rental. 116 square metres, well laid out. Furnished and ready to move in. Close to schools and markets.",Bole,Bole,3.0,2.0,116.1,False,55500.0,"3-bedroom unit in Bole for long-term rental. 116 square metres, well laid out. Furnished and ready to move in. Close to schools and markets."
5-bedroom apartment in Gulele available for rent. Floor space of 173 square metres. Features a private water tank. Close to schools and markets.,Gulele,Gulele,5.0,3.0,173.4,False,55500.0,5-bedroom apartment in Gulele available for rent. Floor space of 173 square metres. Features a private water tank. Close to schools and markets.
Rent a 2-bedroom home located in Gulele. Floor space of 98 square metres. Features a private water tank. Furnished and ready to move in. Ideal for families or professionals.,Gulele,Gulele,2.0,2.0,98.1,False,35500.0,Rent a 2-bedroom home located in Gulele. Floor space of 98 square metres. Features a private water tank. Furnished and ready to move in. Ideal for families or professionals.
"Rent a 1-bedroom home located in Gulele. 57 square metres, well laid out. Features a private water tank. Quiet neighbourhood with good access to transport.",Gulele,Gulele,1.0,1.0,56.9,False,18000.0,"Rent a 1-bedroom home located in Gulele. 57 square metres, well laid out. Features a private water tank. Quiet neighbourhood with good access to transport."
"3-bedroom unit in Bole for long-term rental. 96 square metres, well laid out. Well maintained apartment. Quiet neighbourhood with good access to transport.",Bole,Bole,3.0,2.0,96.0,False,41500.0,"3-bedroom unit in Bole for long-term rental. 96 square metres, well laid out. Well maintained apartment. Quiet neighbourhood with good access to transport."
5-bedroom unit in Kirkos for long-term rental. Floor space of 136 square metres. Features a private water tank. Ideal for families or professionals.,Kirkos,Kirkos,5.0,3.0,135.6,False,60000.0,5-bedroom unit in Kirkos for long-term rental. Floor space of 136 square metres. Features a private water tank. Ideal for families or professionals.
Rent a 3-bedroom home located in Kirkos. Floor space of 126 square metres. Furnished and ready to move in. Quiet neighbourhood with good access to transport.,Kirkos,Kirkos,3.0,2.0,125.7,False,56500.0,Rent a 3-bedroom home located in Kirkos. Floor space of 126 square metres. Furnished and ready to move in. Quiet neighbourhood with good access to transport.
"Apartment with 2 bedrooms in Bole, now available. Floor space of 77 square metres. Comes with a backup generator. Ideal for families or professionals.",Bole,Bole,2.0,1.0,76.7,False,34500.0,"Apartment with 2 bedrooms in Bole, now available. Floor space of 77 square metres. Comes with a backup generator. Ideal for families or professionals."
Rent a 4-bedroom home located in Yeka. Floor space of 148 square metres. Features a private water tank. Well maintained and secure.,Yeka,Yeka,4.0,2.0,147.8,False,52000.0,Rent a 4-bedroom home located in Yeka. Floor space of 148 square metres. Features a private water tank. Well maintained and secure.
"Rent a 4-bedroom home located in Kirkos. 136 square metres, well laid out. Well maintained apartment. Close to schools and markets.",Kirkos,Kirkos,4.0,2.0,136.3,False,55000.0,"Rent a 4-bedroom home located in Kirkos. 136 square metres, well laid out. Well maintained apartment. Close to schools and markets."
"Rent a 2-bedroom home located in Gulele. 90 square metres, well laid out. Features a private water tank. Furnished and ready to move in. Close to schools and markets.",Gulele,Gulele,2.0,1.0,90.0,False,32000.0,"Rent a 2-bedroom home located in Gulele. 90 square metres, well laid out. Features a private water tank. Furnished and ready to move in. Close to schools and markets."
5-bedroom apartment in Yeka available for rent. Floor space of 148 square metres. Features a private water tank. Furnished and ready to move in. Close to schools and markets.,Yeka,Yeka,5.0,3.0,148.3,False,64000.0,5-bedroom apartment in Yeka available for rent. Floor space of 148 square metres. Features a private water tank. Furnished and ready to move in. Close to schools and markets.
3-bedroom apartment in Kolfe available for rent. Floor space of 116 square metres. Features a private water tank. Comes with a backup generator. Close to schools and markets.,Kolfe,Kolfe,3.0,1.0,115.9,False,37000.0,3-bedroom apartment in Kolfe available for rent. Floor space of 116 square metres. Features a private water tank. Comes with a backup generator. Close to schools and markets.
"1-bedroom unit in Arada for long-term rental. 64 square metres, well laid out. Furnished and ready to move in. Well maintained and secure.",Arada,Arada,1.0,1.0,63.8,False,26000.0,"1-bedroom unit in Arada for long-term rental. 64 square metres, well laid out. Furnished and ready to move in. Well maintained and secure."
3-bedroom apartment in Kolfe available for rent. About 104 square metres of living space. Well maintained apartment. Close to schools and markets.,Kolfe,Kolfe,3.0,1.0,103.6,False,30000.0,3-bedroom apartment in Kolfe available for rent. About 104 square metres of living space. Well maintained apartment. Close to schools and markets.
"Apartment with 5 bedrooms in Arada, now available. About 160 square metres of living space. Furnished and ready to move in. Quiet neighbourhood with good access to transport.",Arada,Arada,5.0,3.0,160.4,False,72000.0,"Apartment with 5 bedrooms in Arada, now available. About 160 square metres of living space. Furnished and ready to move in. Quiet neighbourhood with good access to transport."
"2-bedroom apartment in Arada available for rent. 84 square metres, well laid out. Furnished and ready to move in. Close to schools and markets.",Arada,Arada,2.0,1.0,84.3,False,35500.0,"2-bedroom apartment in Arada available for rent. 84 square metres, well laid out. Furnished and ready to move in. Close to schools and markets."
3-bedroom unit in Nifas Silk for long-term rental. About 98 square metres of living space. Features a private water tank. Well maintained and secure.,Nifas Silk,Nifas Silk,3.0,2.0,98.4,False,34500.0,3-bedroom unit in Nifas Silk for long-term rental. About 98 square metres of living space. Features a private water tank. Well maintained and secure.
4-bedroom unit in Akaky Kaliti for long-term rental. Floor space of 137 square metres. Features a private water tank. Comes with a backup generator. Close to schools and markets.,Akaky Kaliti,Akaky Kaliti,4.0,2.0,137.2,False,41500.0,4-bedroom unit in Akaky Kaliti for long-term rental. Floor space of 137 square metres. Features a private water tank. Comes with a backup generator. Close to schools and markets.
"Apartment with 4 bedrooms in Arada, now available. About 129 square metres of living space. Features a private water tank. Ideal for families or professionals.",Arada,Arada,4.0,3.0,129.2,False,53000.0,"Apartment with 4 bedrooms in Arada, now available. About 129 square metres of living space. Features a private water tank. Ideal for families or professionals."
Rent a 5-bedroom home located in Arada. About 158 square metres of living space. Features a private water tank. Well maintained and secure.,Arada,Arada,5.0,3.0,157.9,False,64000.0,Rent a 5-bedroom home located in Arada. About 158 square metres of living space. Features a private water tank. Well maintained and secure.
1-bedroom unit in Nifas Silk for long-term rental. About 59 square metres of living space. Well maintained apartment. Ideal for families or professionals.,Nifas Silk,Nifas Silk,1.0,1.0,58.6,False,17500.0,1-bedroom unit in Nifas Silk for long-term rental. About 59 square metres of living space. Well maintained apartment. Ideal for families or professionals.
"Apartment with 3 bedrooms in Gulele, now available. About 94 square metres of living space. Well maintained apartment. Quiet neighbourhood with good access to transport.",Gulele,Gulele,3.0,2.0,93.5,False,30000.0,"Apartment with 3 bedrooms in Gulele, now available. About 94 square metres of living space. Well maintained apartment. Quiet neighbourhood with good access to transport."
3-bedroom apartment in Bole available for rent. About 129 square metres of living space. Furnished and ready to move in. Close to schools and markets.,Bole,Bole,3.0,1.0,128.8,False,59500.0,3-bedroom apartment in Bole available for rent. About 129 square metres of living space. Furnished and ready to move in. Close to schools and markets.
"Rent a 1-bedroom home located in Arada. 83 square metres, well laid out. Features a private water tank. Well maintained and secure.",Arada,Arada,1.0,1.0,82.6,False,30000.0,"Rent a 1-bedroom home located in Arada. 83 square metres, well laid out. Features a private water tank. Well maintained and secure."
"Rent a 4-bedroom home located in Arada. 141 square metres, well laid out. Features a private water tank. Ideal for families or professionals.",Arada,Arada,4.0,2.0,140.6,False,55000.0,"Rent a 4-bedroom home located in Arada. 141 square metres, well laid out. Features a private water tank. Ideal for families or professionals."
"1-bedroom apartment in Akaky Kaliti available for rent. 59 square metres, well laid out. Features a private water tank. Comes with a backup generator. Well maintained and secure.",Akaky Kaliti,Akaky Kaliti,1.0,2.0,59.3,False,20500.0,"1-bedroom apartment in Akaky Kaliti available for rent. 59 square metres, well laid out. Features a private water tank. Comes with a backup generator. Well maintained and secure."
Rent a 3-bedroom home located in Arada. Floor space of 104 square metres. Well maintained apartment. Close to schools and markets.,Arada,Arada,3.0,2.0,104.4,False,40500.0,Rent a 3-bedroom home located in Arada. Floor space of 104 square metres. Well maintained apartment. Close to schools and markets.
"Rent a 2-bedroom home located in Arada. 103 square metres, well laid out. Features a private water tank. Close to schools and markets.",Arada,Arada,2.0,2.0,102.6,False,39500.0,"Rent a 2-bedroom home located in Arada. 103 square metres, well laid out. Features a private water tank. Close to schools and markets."
1-bedroom unit in Addis Ketema for long-term rental. About 60 square metres of living space. Features a private water tank. Quiet neighbourhood with good access to transport.,Addis Ketema,Addis Ketema,1.0,1.0,59.8,False,17500.0,1-bedroom unit in Addis Ketema for long-term rental. About 60 square metres of living space. Features a private water tank. Quiet neighbourhood with good access to transport.
"5-bedroom apartment in Arada available for rent. 144 square metres, well laid out. Features a private water tank. Ideal for families or professionals.",Arada,Arada,5.0,3.0,144.4,False,59500.0,"5-bedroom apartment in Arada available for rent. 144 square metres, well laid out. Features a private water tank. Ideal for families or professionals."
2-bedroom unit in Yeka for long-term rental. About 108 square metres of living space. Well maintained apartment. Ideal for families or professionals.,Yeka,Yeka,2.0,1.0,108.5,False,34500.0,2-bedroom unit in Yeka for long-term rental. About 108 square metres of living space. Well maintained apartment. Ideal for families or professionals.
"Rent a 2-bedroom home located in Yeka. 85 square metres, well laid out. Well maintained apartment. Quiet neighbourhood with good access to transport.",Yeka,Yeka,2.0,2.0,85.4,False,29500.0,"Rent a 2-bedroom home located in Yeka. 85 square metres, well laid out. Well maintained apartment. Quiet neighbourhood with good access to transport."
"Rent a 5-bedroom home located in Bole. 173 square metres, well laid out. Well maintained apartment. Close to schools and markets.",Bole,Bole,5.0,2.0,173.2,False,72500.0,"Rent a 5-bedroom home located in Bole. 173 square metres, well laid out. Well maintained apartment. Close to schools and markets."
5-bedroom unit in Bole for long-term rental. Floor space of 135 square metres. Features a private water tank. Furnished and ready to move in. Quiet neighbourhood with good access to transport.,Bole,Bole,5.0,3.0,135.2,False,71500.0,5-bedroom unit in Bole for long-term rental. Floor space of 135 square metres. Features a private water tank. Furnished and ready to move in. Quiet neighbourhood with good access to transport.
1-bedroom apartment in Kirkos available for rent. Floor space of 70 square metres. Well maintained apartment. Ideal for families or professionals.,Kirkos,Kirkos,1.0,1.0,70.2,False,26000.0,1-bedroom apartment in Kirkos available for rent. Floor space of 70 square metres. Well maintained apartment. Ideal for families or professionals.
"Apartment with 2 bedrooms in Kolfe, now available. About 111 square metres of living space. Features a private water tank. Well maintained and secure.",Kolfe,Kolfe,2.0,1.0,110.9,False,31000.0,"Apartment with 2 bedrooms in Kolfe, now available. About 111 square metres of living space. Features a private water tank. Well maintained and secure."
Rent a 4-bedroom home located in Gulele. About 130 square metres of living space. Features a private water tank. Comes with a backup generator. Close to schools and markets.,Gulele,Gulele,4.0,2.0,130.4,False,45000.0,Rent a 4-bedroom home located in Gulele. About 130 square metres of living space. Features a private water tank. Comes with a backup generator. Close to schools and markets.
Rent a 4-bedroom home located in Bole. About 127 square metres of living space. Furnished and ready to move in. Ideal for families or professionals.,Bole,Bole,4.0,3.0,126.8,False,64000.0,Rent a 4-bedroom home located in Bole. About 127 square metres of living space. Furnished and ready to move in. Ideal for families or professionals.
"5-bedroom unit in Nifas Silk for long-term rental. 138 square metres, well laid out. Features a private water tank. Furnished and ready to move in. Quiet neighbourhood with good access to transport.",Nifas Silk,Nifas Silk,5.0,3.0,138.0,False,57000.0,"5-bedroom unit in Nifas Silk for long-term rental. 138 square metres, well laid out. Features a private water tank. Furnished and ready to move in. Quiet neighbourhood with good access to transport."
"Apartment with 3 bedrooms in Bole, now available. Floor space of 121 square metres. Furnished and ready to move in. Close to schools and markets.",Bole,Bole,3.0,2.0,121.0,False,57500.0,"Apartment with 3 bedrooms in Bole, now available. Floor space of 121 square metres. Furnished and ready to move in. Close to schools and markets."
"1-bedroom unit in Akaky Kaliti for long-term rental. 55 square metres, well laid out. Well maintained apartment. Well maintained and secure.",Akaky Kaliti,Akaky Kaliti,1.0,1.0,54.8,False,14000.0,"1-bedroom unit in Akaky Kaliti for long-term rental. 55 square metres, well laid out. Well maintained apartment. Well maintained and secure."
"Rent a 5-bedroom home located in Bole. 151 square metres, well laid out. Well maintained apartment. Close to schools and markets.",Bole,Bole,5.0,2.0,150.9,False,64500.0,"Rent a 5-bedroom home located in Bole. 151 square metres, well laid out. Well maintained apartment. Close to schools and markets."
"1-bedroom unit in Nifas Silk for long-term rental. 49 square metres, well laid out. Features a private water tank. Well maintained and secure.",Nifas Silk,Nifas Silk,1.0,1.0,49.2,False,17000.0,"1-bedroom unit in Nifas Silk for long-term rental. 49 square metres, well laid out. Features a private water tank. Well maintained and secure."
"1-bedroom unit in Kirkos for long-term rental. 83 square metres, well laid out. Furnished and ready to move in. Quiet neighbourhood with good access to transport.",Kirkos,Kirkos,1.0,1.0,82.7,False,34500.0,"1-bedroom unit in Kirkos for long-term rental. 83 square metres, well laid out. Furnished and ready to move in. Quiet neighbourhood with good access to transport."
"4-bedroom apartment in Nifas Silk available for rent. 144 square metres, well laid out. Well maintained apartment. Ideal for families or professionals.",Nifas Silk,Nifas Silk,4.0,2.0,143.9,False,45500.0,"4-bedroom apartment in Nifas Silk available for rent. 144 square metres, well laid out. Well maintained apartment. Ideal for families or professionals."
4-bedroom unit in Kirkos for long-term rental. About 130 square metres of living space. Features a private water tank. Ideal for families or professionals.,Kirkos,Kirkos,4.0,3.0,129.6,False,55500.0,4-bedroom unit in Kirkos for long-term rental. About 130 square metres of living space. Features a private water tank. Ideal for families or professionals.
1-bedroom unit in Kolfe for long-term rental. Floor space of 50 square metres. Features a private water tank. Well maintained and secure.,Kolfe,Kolfe,1.0,1.0,50.2,False,16000.0,1-bedroom unit in Kolfe for long-term rental. Floor space of 50 square metres. Features a private water tank. Well maintained and secure.
Rent a 1-bedroom home located in Yeka. Floor space of 82 square metres. Features a private water tank. Comes with a backup generator. Furnished and ready to move in. Ideal for families or professionals.,Yeka,Yeka,1.0,1.0,82.4,False,34000.0,Rent a 1-bedroom home located in Yeka. Floor space of 82 square metres. Features a private water tank. Comes with a backup generator. Furnished and ready to move in. Ideal for families or professionals.
3-bedroom unit in Akaky Kaliti for long-term rental. Floor space of 104 square metres. Features a private water tank. Comes with a backup generator. Quiet neighbourhood with good access to transport.,Akaky Kaliti,Akaky Kaliti,3.0,2.0,103.6,False,33000.0,3-bedroom unit in Akaky Kaliti for long-term rental. Floor space of 104 square metres. Features a private water tank. Comes with a backup generator. Quiet neighbourhood with good access to transport.
"Apartment with 2 bedrooms in Arada, now available. 73 square metres, well laid out. Well maintained apartment. Close to schools and markets.",Arada,Arada,2.0,1.0,72.7,False,27500.0,"Apartment with 2 bedrooms in Arada, now available. 73 square metres, well laid out. Well maintained apartment. Close to schools and markets."
"4-bedroom apartment in Kolfe available for rent. 109 square metres, well laid out. Features a private water tank. Ideal for families or professionals.",Kolfe,Kolfe,4.0,2.0,108.9,False,36500.0,"4-bedroom apartment in Kolfe available for rent. 109 square metres, well laid out. Features a private water tank. Ideal for families or professionals."
3-bedroom unit in Lidetta for long-term rental. Floor space of 100 square metres. Well maintained apartment. Close to schools and markets.,Lidetta,Lidetta,3.0,2.0,100.2,False,30000.0,3-bedroom unit in Lidetta for long-term rental. Floor space of 100 square metres. Well maintained apartment. Close to schools and markets.
Rent a 3-bedroom home located in Addis Ketema. Floor space of 90 square metres. Features a private water tank. Comes with a backup generator. Well maintained and secure.,Addis Ketema,Addis Ketema,3.0,3.0,90.5,False,33000.0,Rent a 3-bedroom home located in Addis Ketema. Floor space of 90 square metres. Features a private water tank. Comes with a backup generator. Well maintained and secure.
"3-bedroom apartment in Yeka available for rent. 100 square metres, well laid out. Features a private water tank. Quiet neighbourhood with good access to transport.",Yeka,Yeka,3.0,2.0,100.5,False,37500.0,"3-bedroom apartment in Yeka available for rent. 100 square metres, well laid out. Features a private water tank. Quiet neighbourhood with good access to transport."
2-bedroom unit in Yeka for long-term rental. About 95 square metres of living space. Features a private water tank. Furnished and ready to move in. Quiet neighbourhood with good access to transport.,Yeka,Yeka,2.0,1.0,94.9,False,37500.0,2-bedroom unit in Yeka for long-term rental. About 95 square metres of living space. Features a private water tank. Furnished and ready to move in. Quiet neighbourhood with good access to transport.
Rent a 2-bedroom home located in Yeka. About 82 square metres of living space. Furnished and ready to move in. Quiet neighbourhood with good access to transport.,Yeka,Yeka,2.0,1.0,81.5,False,31500.0,Rent a 2-bedroom home located in Yeka. About 82 square metres of living space. Furnished and ready to move in. Quiet neighbourhood with good access to transport.
4-bedroom apartment in Yeka available for rent. About 134 square metres of living space. Features a private water tank. Ideal for families or professionals.,Yeka,Yeka,4.0,3.0,134.3,False,50000.0,4-bedroom apartment in Yeka available for rent. About 134 square metres of living space. Features a private water tank. Ideal for families or professionals.
3-bedroom apartment in Nifas Silk available for rent. About 99 square metres of living space. Furnished and ready to move in. Well maintained and secure.,Nifas Silk,Nifas Silk,3.0,2.0,99.3,False,38000.0,3-bedroom apartment in Nifas Silk available for rent. About 99 square metres of living space. Furnished and ready to move in. Well maintained and secure.
"Rent a 3-bedroom home located in Addis Ketema. 109 square metres, well laid out. Features a private water tank. Close to schools and markets.",Addis Ketema,Addis Ketema,3.0,2.0,108.8,False,33000.0,"Rent a 3-bedroom home located in Addis Ketema. 109 square metres, well laid out. Features a private water tank. Close to schools and markets."
"3-bedroom apartment in Addis Ketema available for rent. 131 square metres, well laid out. Well maintained apartment. Well maintained and secure.",Addis Ketema,Addis Ketema,3.0,1.0,131.1,False,34500.0,"3-bedroom apartment in Addis Ketema available for rent. 131 square metres, well laid out. Well maintained apartment. Well maintained and secure."
2-bedroom unit in Arada for long-term rental. Floor space of 82 square metres. Features a private water tank. Quiet neighbourhood with good access to transport.,Arada,Arada,2.0,1.0,81.8,False,32000.0,2-bedroom unit in Arada for long-term rental. Floor space of 82 square metres. Features a private water tank. Quiet neighbourhood with good access to transport.
5-bedroom unit in Nifas Silk for long-term rental. Floor space of 157 square metres. Features a private water tank. Furnished and ready to move in. Quiet neighbourhood with good access to transport.,Nifas Silk,Nifas Silk,5.0,3.0,156.6,False,62000.0,5-bedroom unit in Nifas Silk for long-term rental. Floor space of 157 square metres. Features a private water tank. Furnished and ready to move in. Quiet neighbourhood with good access to transport.
3-bedroom apartment in Lidetta available for rent. About 89 square metres of living space. Features a private water tank. Furnished and ready to move in. Ideal for families or professionals.,Lidetta,Lidetta,3.0,2.0,89.2,False,34000.0,3-bedroom apartment in Lidetta available for rent. About 89 square metres of living space. Features a private water tank. Furnished and ready to move in. Ideal for families or professionals.
Rent a 4-bedroom home located in Akaky Kaliti. Floor space of 148 square metres. Features a private water tank. Close to schools and markets.,Akaky Kaliti,Akaky Kaliti,4.0,2.0,148.2,False,41000.0,Rent a 4-bedroom home located in Akaky Kaliti. Floor space of 148 square metres. Features a private water tank. Close to schools and markets.
"5-bedroom unit in Yeka for long-term rental. 146 square metres, well laid out. Comes with a backup generator. Well maintained and secure.",Yeka,Yeka,5.0,3.0,146.3,False,56000.0,"5-bedroom unit in Yeka for long-term rental. 146 square metres, well laid out. Comes with a backup generator. Well maintained and secure."
5-bedroom unit in Arada for long-term rental. About 165 square metres of living space. Furnished and ready to move in. Well maintained and secure.,Arada,Arada,5.0,3.0,164.6,False,73500.0,5-bedroom unit in Arada for long-term rental. About 165 square metres of living space. Furnished and ready to move in. Well maintained and secure.
"Apartment with 4 bedrooms in Lidetta, now available. About 128 square metres of living space. Well maintained apartment. Close to schools and markets.",Lidetta,Lidetta,4.0,2.0,128.5,False,38000.0,"Apartment with 4 bedrooms in Lidetta, now available. About 128 square metres of living space. Well maintained apartment. Close to schools and markets."
4-bedroom apartment in Yeka available for rent. About 137 square metres of living space. Features a private water tank. Furnished and ready to move in. Ideal for families or professionals.,Yeka,Yeka,4.0,3.0,137.3,False,58000.0,4-bedroom apartment in Yeka available for rent. About 137 square metres of living space. Features a private water tank. Furnished and ready to move in. Ideal for families or professionals.
3-bedroom unit in Kirkos for long-term rental. Floor space of 116 square metres. Furnished and ready to move in. Quiet neighbourhood with good access to transport.,Kirkos,Kirkos,3.0,2.0,116.1,False,53000.0,3-bedroom unit in Kirkos for long-term rental. Floor space of 116 square metres. Furnished and ready to move in. Quiet neighbourhood with good access to transport.
4-bedroom unit in Addis Ketema for long-term rental. About 125 square metres of living space. Comes with a backup generator. Quiet neighbourhood with good access to transport.,Addis Ketema,Addis Ketema,4.0,2.0,124.6,False,39500.0,4-bedroom unit in Addis Ketema for long-term rental. About 125 square metres of living space. Comes with a backup generator. Quiet neighbourhood with good access to transport.
2-bedroom unit in Addis Ketema for long-term rental. About 99 square metres of living space. Comes with a backup generator. Quiet neighbourhood with good access to transport.,Addis Ketema,Addis Ketema,2.0,2.0,99.1,False,29500.0,2-bedroom unit in Addis Ketema for long-term rental. About 99 square metres of living space. Comes with a backup generator. Quiet neighbourhood with good access to transport.
"Rent a 4-bedroom home located in Akaky Kaliti. 121 square metres, well laid out. Features a private water tank. Close to schools and markets.",Akaky Kaliti,Akaky Kaliti,4.0,2.0,120.9,False,36000.0,"Rent a 4-bedroom home located in Akaky Kaliti. 121 square metres, well laid out. Features a private water tank. Close to schools and markets."
1-bedroom apartment in Kolfe available for rent. About 73 square metres of living space. Comes with a backup generator. Well maintained and secure.,Kolfe,Kolfe,1.0,1.0,73.3,False,22000.0,1-bedroom apartment in Kolfe available for rent. About 73 square metres of living space. Comes with a backup generator. Well maintained and secure.
"Apartment with 5 bedrooms in Yeka, now available. Floor space of 147 square metres. Features a private water tank. Comes with a backup generator. Ideal for families or professionals.",Yeka,Yeka,5.0,3.0,147.3,False,58000.0,"Apartment with 5 bedrooms in Yeka, now available. Floor space of 147 square metres. Features a private water tank. Comes with a backup generator. Ideal for families or professionals."
2-bedroom unit in Kirkos for long-term rental. About 90 square metres of living space. Furnished and ready to move in. Close to schools and markets.,Kirkos,Kirkos,2.0,1.0,90.2,False,39500.0,2-bedroom unit in Kirkos for long-term rental. About 90 square metres of living space. Furnished and ready to move in. Close to schools and markets.
"4-bedroom unit in Arada for long-term rental. 124 square metres, well laid out. Features a private water tank. Ideal for families or professionals.",Arada,Arada,4.0,2.0,124.5,False,50500.0,"4-bedroom unit in Arada for long-term rental. 124 square metres, well laid out. Features a private water tank. Ideal for families or professionals."
Rent a 1-bedroom home located in Nifas Silk. Floor space of 65 square metres. Features a private water tank. Quiet neighbourhood with good access to transport.,Nifas Silk,Nifas Silk,1.0,1.0,64.6,False,20500.0,Rent a 1-bedroom home located in Nifas Silk. Floor space of 65 square metres. Features a private water tank. Quiet neighbourhood with good access to transport.
1-bedroom apartment in Arada available for rent. Floor space of 51 square metres. Well maintained apartment. Well maintained and secure.,Arada,Arada,1.0,1.0,51.1,False,18500.0,1-bedroom apartment in Arada available for rent. Floor space of 51 square metres. Well maintained apartment. Well maintained and secure.
Rent a 5-bedroom home located in Nifas Silk. Floor space of 155 square metres. Features a private water tank. Quiet neighbourhood with good access to transport.,Nifas Silk,Nifas Silk,5.0,3.0,155.0,False,53500.0,Rent a 5-bedroom home located in Nifas Silk. Floor space of 155 square metres. Features a private water tank. Quiet neighbourhood with good access to transport.
"5-bedroom unit in Kirkos for long-term rental. 152 square metres, well laid out. Features a private water tank. Quiet neighbourhood with good access to transport.",Kirkos,Kirkos,5.0,2.0,152.5,False,64000.0,"5-bedroom unit in Kirkos for long-term rental. 152 square metres, well laid out. Features a private water tank. Quiet neighbourhood with good access to transport."
Rent a 2-bedroom home located in Gulele. Floor space of 80 square metres. Features a private water tank. Comes with a backup generator. Furnished and ready to move in. Quiet neighbourhood with good access to transport.,Gulele,Gulele,2.0,2.0,79.5,False,33500.0,Rent a 2-bedroom home located in Gulele. Floor space of 80 square metres. Features a private water tank. Comes with a backup generator. Furnished and ready to move in. Quiet neighbourhood with good access to transport.
"1-bedroom apartment in Kirkos available for rent. 63 square metres, well laid out. Well maintained apartment. Quiet neighbourhood with good access to transport.",Kirkos,Kirkos,1.0,1.0,63.3,False,23500.0,"1-bedroom apartment in Kirkos available for rent. 63 square metres, well laid out. Well maintained apartment. Quiet neighbourhood with good access to transport."
"Apartment with 5 bedrooms in Kirkos, now available. 154 square metres, well laid out. Well maintained apartment. Well maintained and secure.",Kirkos,Kirkos,5.0,3.0,153.6,False,64000.0,"Apartment with 5 bedrooms in Kirkos, now available. 154 square metres, well laid out. Well maintained apartment. Well maintained and secure."
Rent a 5-bedroom home located in Bole. About 145 square metres of living space. Well maintained apartment. Well maintained and secure.,Bole,Bole,5.0,2.0,144.6,False,62500.0,Rent a 5-bedroom home located in Bole. About 145 square metres of living space. Well maintained apartment. Well maintained and secure.
"Rent a 1-bedroom home located in Yeka. 62 square metres, well laid out. Features a private water tank. Well maintained and secure.",Yeka,Yeka,1.0,1.0,62.5,False,22000.0,"Rent a 1-bedroom home located in Yeka. 62 square metres, well laid out. Features a private water tank. Well maintained and secure."
4-bedroom apartment in Lidetta available for rent. About 118 square metres of living space. Well maintained apartment. Well maintained and secure.,Lidetta,Lidetta,4.0,2.0,117.9,False,36000.0,4-bedroom apartment in Lidetta available for rent. About 118 square metres of living space. Well maintained apartment. Well maintained and secure.
"Apartment with 2 bedrooms in Kirkos, now available. 114 square metres, well laid out. Well maintained apartment. Quiet neighbourhood with good access to transport.",Kirkos,Kirkos,2.0,2.0,114.1,False,43500.0,"Apartment with 2 bedrooms in Kirkos, now available. 114 square metres, well laid out. Well maintained apartment. Quiet neighbourhood with good access to transport."
4-bedroom apartment in Yeka available for rent. About 143 square metres of living space. Well maintained apartment. Well maintained and secure.,Yeka,Yeka,4.0,2.0,142.7,False,49000.0,4-bedroom apartment in Yeka available for rent. About 143 square metres of living space. Well maintained apartment. Well maintained and secure.
"3-bedroom apartment in Kolfe available for rent. 111 square metres, well laid out. Features a private water tank. Comes with a backup generator. Ideal for families or professionals.",Kolfe,Kolfe,3.0,2.0,111.3,False,37500.0,"3-bedroom apartment in Kolfe available for rent. 111 square metres, well laid out. Features a private water tank. Comes with a backup generator. Ideal for families or professionals."
Rent a 1-bedroom home located in Arada. About 78 square metres of living space. Well maintained apartment. Ideal for families or professionals.,Arada,Arada,1.0,1.0,78.1,False,27000.0,Rent a 1-bedroom home located in Arada. About 78 square metres of living space. Well maintained apartment. Ideal for families or professionals.
2-bedroom unit in Bole for long-term rental. About 62 square metres of living space. Features a private water tank. Well maintained and secure.,Bole,Bole,2.0,1.0,62.2,False,28500.0,2-bedroom unit in Bole for long-term rental. About 62 square metres of living space. Features a private water tank. Well maintained and secure.
3-bedroom apartment in Yeka available for rent. About 77 square metres of living space. Features a private water tank. Well maintained and secure.,Yeka,Yeka,3.0,2.0,77.3,False,31500.0,3-bedroom apartment in Yeka available for rent. About 77 square metres of living space. Features a private water tank. Well maintained and secure.
"Apartment with 4 bedrooms in Bole, now available. Floor space of 125 square metres. Comes with a backup generator. Quiet neighbourhood with good access to transport.",Bole,Bole,4.0,3.0,125.2,False,57500.0,"Apartment with 4 bedrooms in Bole, now available. Floor space of 125 square metres. Comes with a backup generator. Quiet neighbourhood with good access to transport."
1-bedroom apartment in Nifas Silk available for rent. Floor space of 48 square metres. Features a private water tank. Quiet neighbourhood with good access to transport.,Nifas Silk,Nifas Silk,1.0,1.0,47.5,False,16500.0,1-bedroom apartment in Nifas Silk available for rent. Floor space of 48 square metres. Features a private water tank. Quiet neighbourhood with good access to transport.
5-bedroom unit in Yeka for long-term rental. About 149 square metres of living space. Features a private water tank. Well maintained and secure.,Yeka,Yeka,5.0,2.0,149.2,False,54500.0,5-bedroom unit in Yeka for long-term rental. About 149 square metres of living space. Features a private water tank. Well maintained and secure.
4-bedroom apartment in Bole available for rent. Floor space of 132 square metres. Well maintained apartment. Quiet neighbourhood with good access to transport.,Bole,Bole,4.0,2.0,132.5,False,56000.0,4-bedroom apartment in Bole available for rent. Floor space of 132 square metres. Well maintained apartment. Quiet neighbourhood with good access to transport.
Rent a 5-bedroom home located in Bole. Floor space of 163 square metres. Features a private water tank. Furnished and ready to move in. Quiet neighbourhood with good access to transport.,Bole,Bole,5.0,3.0,163.0,False,82500.0,Rent a 5-bedroom home located in Bole. Floor space of 163 square metres. Features a private water tank. Furnished and ready to move in. Quiet neighbourhood with good access to transport.
"5-bedroom apartment in Nifas Silk available for rent. 138 square metres, well laid out. Features a private water tank. Ideal for families or professionals.",Nifas Silk,Nifas Silk,5.0,3.0,138.3,False,49500.0,"5-bedroom apartment in Nifas Silk available for rent. 138 square metres, well laid out. Features a private water tank. Ideal for families or professionals."
"Apartment with 1 bedrooms in Bole, now available. Floor space of 69 square metres. Well maintained apartment. Well maintained and secure.",Bole,Bole,1.0,1.0,68.8,False,27000.0,"Apartment with 1 bedrooms in Bole, now available. Floor space of 69 square metres. Well maintained apartment. Well maintained and secure."
"Apartment with 1 bedrooms in Lidetta, now available. 64 square metres, well laid out. Well maintained apartment. Well maintained and secure.",Lidetta,Lidetta,1.0,1.0,64.2,False,17000.0,"Apartment with 1 bedrooms in Lidetta, now available. 64 square metres, well laid out. Well maintained apartment. Well maintained and secure."
Rent a 4-bedroom home located in Bole. About 134 square metres of living space. Furnished and ready to move in. Close to schools and markets.,Bole,Bole,4.0,2.0,134.2,False,65500.0,Rent a 4-bedroom home located in Bole. About 134 square metres of living space. Furnished and ready to move in. Close to schools and markets.
Rent a 1-bedroom home located in Nifas Silk. Floor space of 58 square metres. Well maintained apartment. Close to schools and markets.,Nifas Silk,Nifas Silk,1.0,1.0,57.8,False,17500.0,Rent a 1-bedroom home located in Nifas Silk. Floor space of 58 square metres. Well maintained apartment. Close to schools and markets.
1-bedroom apartment in Kirkos available for rent. About 81 square metres of living space. Furnished and ready to move in. Quiet neighbourhood with good access to transport.,Kirkos,Kirkos,1.0,1.0,80.6,False,33500.0,1-bedroom apartment in Kirkos available for rent. About 81 square metres of living space. Furnished and ready to move in. Quiet neighbourhood with good access to transport.
3-bedroom apartment in Kirkos available for rent. Floor space of 107 square metres. Well maintained apartment. Well maintained and secure.,Kirkos,Kirkos,3.0,2.0,106.8,False,43000.0,3-bedroom apartment in Kirkos available for rent. Floor space of 107 square metres. Well maintained apartment. Well maintained and secure.
Rent a 5-bedroom home located in Bole. About 173 square metres of living space. Well maintained apartment. Well maintained and secure.,Bole,Bole,5.0,3.0,173.3,False,73500.0,Rent a 5-bedroom home located in Bole. About 173 square metres of living space. Well maintained apartment. Well maintained and secure.
"4-bedroom apartment in Kolfe available for rent. 120 square metres, well laid out. Comes with a backup generator. Close to schools and markets.",Kolfe,Kolfe,4.0,2.0,120.5,False,39500.0,"4-bedroom apartment in Kolfe available for rent. 120 square metres, well laid out. Comes with a backup generator. Close to schools and markets."
Rent a 3-bedroom home located in Akaky Kaliti. Floor space of 117 square metres. Well maintained apartment. Well maintained and secure.,Akaky Kaliti,Akaky Kaliti,3.0,1.0,116.9,False,30000.0,Rent a 3-bedroom home located in Akaky Kaliti. Floor space of 117 square metres. Well maintained apartment. Well maintained and secure.
1-bedroom apartment in Bole available for rent. Floor space of 63 square metres. Well maintained apartment. Ideal for families or professionals.,Bole,Bole,1.0,1.0,63.3,False,25000.0,1-bedroom apartment in Bole available for rent. Floor space of 63 square metres. Well maintained apartment. Ideal for families or professionals.
Rent a 2-bedroom home located in Bole. About 82 square metres of living space. Well maintained apartment. Close to schools and markets.,Bole,Bole,2.0,1.0,82.1,False,33500.0,Rent a 2-bedroom home located in Bole. About 82 square metres of living space. Well maintained apartment. Close to schools and markets.
Rent a 4-bedroom home located in Akaky Kaliti. About 138 square metres of living space. Well maintained apartment. Close to schools and markets.,Akaky Kaliti,Akaky Kaliti,4.0,3.0,137.6,False,38500.0,Rent a 4-bedroom home located in Akaky Kaliti. About 138 square metres of living space. Well maintained apartment. Close to schools and markets.
1-bedroom unit in Arada for long-term rental. Floor space of 60 square metres. Furnished and ready to move in. Quiet neighbourhood with good access to transport.,Arada,Arada,1.0,1.0,60.4,False,24500.0,1-bedroom unit in Arada for long-term rental. Floor space of 60 square metres. Furnished and ready to move in. Quiet neighbourhood with good access to transport.
3-bedroom unit in Bole for long-term rental. About 76 square metres of living space. Furnished and ready to move in. Quiet neighbourhood with good access to transport.,Bole,Bole,3.0,2.0,76.1,False,40000.0,3-bedroom unit in Bole for long-term rental. About 76 square metres of living space. Furnished and ready to move in. Quiet neighbourhood with good access to transport.
"Apartment with 1 bedrooms in Yeka, now available. About 30 square metres of living space. Features a private water tank. Furnished and ready to move in. Quiet neighbourhood with good access to transport.",Yeka,Yeka,1.0,1.0,30.0,False,15000.0,"Apartment with 1 bedrooms in Yeka, now available. About 30 square metres of living space. Features a private water tank. Furnished and ready to move in. Quiet neighbourhood with good access to transport."
"Apartment with 2 bedrooms in Nifas Silk, now available. About 101 square metres of living space. Comes with a backup generator. Close to schools and markets.",Nifas Silk,Nifas Silk,2.0,1.0,101.3,False,32500.0,"Apartment with 2 bedrooms in Nifas Silk, now available. About 101 square metres of living space. Comes with a backup generator. Close to schools and markets."
"2-bedroom apartment in Gulele available for rent. 101 square metres, well laid out. Well maintained apartment. Well maintained and secure.",Gulele,Gulele,2.0,1.0,100.8,False,28500.0,"2-bedroom apartment in Gulele available for rent. 101 square metres, well laid out. Well maintained apartment. Well maintained and secure."
4-bedroom apartment in Nifas Silk available for rent. Floor space of 153 square metres. Features a private water tank. Close to schools and markets.,Nifas Silk,Nifas Silk,4.0,2.0,152.6,False,49500.0,4-bedroom apartment in Nifas Silk available for rent. Floor space of 153 square metres. Features a private water tank. Close to schools and markets.
"5-bedroom apartment in Addis Ketema available for rent. 152 square metres, well laid out. Features a private water tank. Ideal for families or professionals.",Addis Ketema,Addis Ketema,5.0,3.0,151.8,False,47500.0,"5-bedroom apartment in Addis Ketema available for rent. 152 square metres, well laid out. Features a private water tank. Ideal for families or professionals."
1-bedroom unit in Arada for long-term rental. About 48 square metres of living space. Furnished and ready to move in. Well maintained and secure.,Arada,Arada,1.0,1.0,48.5,False,20500.0,1-bedroom unit in Arada for long-term rental. About 48 square metres of living space. Furnished and ready to move in. Well maintained and secure.
4-bedroom unit in Yeka for long-term rental. Floor space of 125 square metres. Well maintained apartment. Quiet neighbourhood with good access to transport.,Yeka,Yeka,4.0,2.0,125.0,False,44500.0,4-bedroom unit in Yeka for long-term rental. Floor space of 125 square metres. Well maintained apartment. Quiet neighbourhood with good access to transport.
Rent a 4-bedroom home located in Arada. Floor space of 130 square metres. Furnished and ready to move in. Well maintained and secure.,Arada,Arada,4.0,3.0,130.1,False,59000.0,Rent a 4-bedroom home located in Arada. Floor space of 130 square metres. Furnished and ready to move in. Well maintained and secure.
"Rent a 5-bedroom home located in Kirkos. 140 square metres, well laid out. Furnished and ready to move in. Well maintained and secure.",Kirkos,Kirkos,5.0,2.0,139.9,False,67000.0,"Rent a 5-bedroom home located in Kirkos. 140 square metres, well laid out. Furnished and ready to move in. Well maintained and secure."
"Apartment with 5 bedrooms in Yeka, now available. 172 square metres, well laid out. Features a private water tank. Furnished and ready to move in. Close to schools and markets.",Yeka,Yeka,5.0,3.0,171.8,False,71000.0,"Apartment with 5 bedrooms in Yeka, now available. 172 square metres, well laid out. Features a private water tank. Furnished and ready to move in. Close to schools and markets."
Rent a 1-bedroom home located in Bole. About 91 square metres of living space. Well maintained apartment. Well maintained and secure.,Bole,Bole,1.0,1.0,90.9,False,34500.0,Rent a 1-bedroom home located in Bole. About 91 square metres of living space. Well maintained apartment. Well maintained and secure.
"Apartment with 4 bedrooms in Kirkos, now available. Floor space of 136 square metres. Well maintained apartment. Well maintained and secure.",Kirkos,Kirkos,4.0,2.0,135.7,False,54500.0,"Apartment with 4 bedrooms in Kirkos, now available. Floor space of 136 square metres. Well maintained apartment. Well maintained and secure."
"Apartment with 3 bedrooms in Gulele, now available. 108 square metres, well laid out. Features a private water tank. Ideal for families or professionals.",Gulele,Gulele,3.0,1.0,107.9,False,34000.0,"Apartment with 3 bedrooms in Gulele, now available. 108 square metres, well laid out. Features a private water tank. Ideal for families or professionals."
1-bedroom unit in Bole for long-term rental. About 48 square metres of living space. Furnished and ready to move in. Close to schools and markets.,Bole,Bole,1.0,1.0,48.5,False,23000.0,1-bedroom unit in Bole for long-term rental. About 48 square metres of living space. Furnished and ready to move in. Close to schools and markets.
"2-bedroom apartment in Kirkos available for rent. 105 square metres, well laid out. Features a private water tank. Quiet neighbourhood with good access to transport.",Kirkos,Kirkos,2.0,1.0,104.6,False,41000.0,"2-bedroom apartment in Kirkos available for rent. 105 square metres, well laid out. Features a private water tank. Quiet neighbourhood with good access to transport."
"5-bedroom unit in Nifas Silk for long-term rental. 153 square metres, well laid out. Features a private water tank. Close to schools and markets.",Nifas Silk,Nifas Silk,5.0,3.0,152.9,False,53000.0,"5-bedroom unit in Nifas Silk for long-term rental. 153 square metres, well laid out. Features a private water tank. Close to schools and markets."
3-bedroom unit in Nifas Silk for long-term rental. Floor space of 104 square metres. Features a private water tank. Quiet neighbourhood with good access to transport.,Nifas Silk,Nifas Silk,3.0,1.0,104.5,False,34500.0,3-bedroom unit in Nifas Silk for long-term rental. Floor space of 104 square metres. Features a private water tank. Quiet neighbourhood with good access to transport.
2-bedroom unit in Kolfe for long-term rental. Floor space of 92 square metres. Features a private water tank. Furnished and ready to move in. Close to schools and markets.,Kolfe,Kolfe,2.0,1.0,91.8,False,31000.0,2-bedroom unit in Kolfe for long-term rental. Floor space of 92 square metres. Features a private water tank. Furnished and ready to move in. Close to schools and markets.
"Apartment with 2 bedrooms in Kolfe, now available. 79 square metres, well laid out. Features a private water tank. Comes with a backup generator. Ideal for families or professionals.",Kolfe,Kolfe,2.0,1.0,79.0,False,27000.0,"Apartment with 2 bedrooms in Kolfe, now available. 79 square metres, well laid out. Features a private water tank. Comes with a backup generator. Ideal for families or professionals."
Rent a 5-bedroom home located in Gulele. Floor space of 154 square metres. Features a private water tank. Well maintained and secure.,Gulele,Gulele,5.0,3.0,153.8,False,51000.0,Rent a 5-bedroom home located in Gulele. Floor space of 154 square metres. Features a private water tank. Well maintained and secure.
"Apartment with 2 bedrooms in Bole, now available. About 69 square metres of living space. Features a private water tank. Quiet neighbourhood with good access to transport.",Bole,Bole,2.0,2.0,68.7,False,32000.0,"Apartment with 2 bedrooms in Bole, now available. About 69 square metres of living space. Features a private water tank. Quiet neighbourhood with good access to transport."
1-bedroom apartment in Arada available for rent. Floor space of 77 square metres. Features a private water tank. Well maintained and secure.,Arada,Arada,1.0,1.0,77.0,False,28500.0,1-bedroom apartment in Arada available for rent. Floor space of 77 square metres. Features a private water tank. Well maintained and secure.
"3-bedroom apartment in Nifas Silk available for rent. 107 square metres, well laid out. Features a private water tank. Quiet neighbourhood with good access to transport.",Nifas Silk,Nifas Silk,3.0,1.0,106.7,False,35000.0,"3-bedroom apartment in Nifas Silk available for rent. 107 square metres, well laid out. Features a private water tank. Quiet neighbourhood with good access to transport."
"5-bedroom unit in Yeka for long-term rental. 166 square metres, well laid out. Well maintained apartment. Well maintained and secure.",Yeka,Yeka,5.0,3.0,165.9,False,58500.0,"5-bedroom unit in Yeka for long-term rental. 166 square metres, well laid out. Well maintained apartment. Well maintained and secure."
"Apartment with 1 bedrooms in Bole, now available. Floor space of 62 square metres. Furnished and ready to move in. Close to schools and markets.",Bole,Bole,1.0,1.0,61.6,False,28000.0,"Apartment with 1 bedrooms in Bole, now available. Floor space of 62 square metres. Furnished and ready to move in. Close to schools and markets."
"Apartment with 2 bedrooms in Yeka, now available. About 84 square metres of living space. Features a private water tank. Comes with a backup generator. Furnished and ready to move in. Close to schools and markets.",Yeka,Yeka,2.0,1.0,84.4,False,37000.0,"Apartment with 2 bedrooms in Yeka, now available. About 84 square metres of living space. Features a private water tank. Comes with a backup generator. Furnished and ready to move in. Close to schools and markets."
"Apartment with 3 bedrooms in Arada, now available. About 94 square metres of living space. Well maintained apartment. Close to schools and markets.",Arada,Arada,3.0,1.0,93.5,False,36000.0,"Apartment with 3 bedrooms in Arada, now available. About 94 square metres of living space. Well maintained apartment. Close to schools and markets."
1-bedroom apartment in Kirkos available for rent. Floor space of 73 square metres. Furnished and ready to move in. Well maintained and secure.,Kirkos,Kirkos,1.0,1.0,73.1,False,31000.0,1-bedroom apartment in Kirkos available for rent. Floor space of 73 square metres. Furnished and ready to move in. Well maintained and secure.
4-bedroom unit in Bole for long-term rental. Floor space of 120 square metres. Furnished and ready to move in. Close to schools and markets.,Bole,Bole,4.0,3.0,119.5,False,61000.0,4-bedroom unit in Bole for long-term rental. Floor space of 120 square metres. Furnished and ready to move in. Close to schools and markets.
"Rent a 2-bedroom home located in Kolfe. 80 square metres, well laid out. Comes with a backup generator. Quiet neighbourhood with good access to transport.",Kolfe,Kolfe,2.0,1.0,80.2,False,25500.0,"Rent a 2-bedroom home located in Kolfe. 80 square metres, well laid out. Comes with a backup generator. Quiet neighbourhood with good access to transport."
"1-bedroom unit in Akaky Kaliti for long-term rental. 64 square metres, well laid out. Well maintained apartment. Well maintained and secure.",Akaky Kaliti,Akaky Kaliti,1.0,1.0,64.0,False,15500.0,"1-bedroom unit in Akaky Kaliti for long-term rental. 64 square metres, well laid out. Well maintained apartment. Well maintained and secure."
2-bedroom apartment in Yeka available for rent. Floor space of 88 square metres. Comes with a backup generator. Furnished and ready to move in. Quiet neighbourhood with good access to transport.,Yeka,Yeka,2.0,1.0,87.5,False,36000.0,2-bedroom apartment in Yeka available for rent. Floor space of 88 square metres. Comes with a backup generator. Furnished and ready to move in. Quiet neighbourhood with good access to transport.
5-bedroom unit in Akaky Kaliti for long-term rental. Floor space of 132 square metres. Comes with a backup generator. Close to schools and markets.,Akaky Kaliti,Akaky Kaliti,5.0,3.0,131.5,False,42000.0,5-bedroom unit in Akaky Kaliti for long-term rental. Floor space of 132 square metres. Comes with a backup generator. Close to schools and markets.
5-bedroom unit in Bole for long-term rental. About 149 square metres of living space. Features a private water tank. Close to schools and markets.,Bole,Bole,5.0,3.0,149.2,False,67000.0,5-bedroom unit in Bole for long-term rental. About 149 square metres of living space. Features a private water tank. Close to schools and markets.
Rent a 3-bedroom home located in Akaky Kaliti. About 118 square metres of living space. Comes with a backup generator. Ideal for families or professionals.,Akaky Kaliti,Akaky Kaliti,3.0,2.0,117.5,False,34000.0,Rent a 3-bedroom home located in Akaky Kaliti. About 118 square metres of living space. Comes with a backup generator. Ideal for families or professionals.
"Apartment with 3 bedrooms in Addis Ketema, now available. 104 square metres, well laid out. Well maintained apartment. Well maintained and secure.",Addis Ketema,Addis Ketema,3.0,2.0,103.5,False,30000.0,"Apartment with 3 bedrooms in Addis Ketema, now available. 104 square metres, well laid out. Well maintained apartment. Well maintained and secure."
5-bedroom apartment in Bole available for rent. About 149 square metres of living space. Well maintained apartment. Ideal for families or professionals.,Bole,Bole,5.0,3.0,149.3,False,65500.0,5-bedroom apartment in Bole available for rent. About 149 square metres of living space. Well maintained apartment. Ideal for families or professionals.
"Apartment with 1 bedrooms in Kolfe, now available. Floor space of 66 square metres. Features a private water tank. Comes with a backup generator. Quiet neighbourhood with good access to transport.",Kolfe,Kolfe,1.0,1.0,65.9,False,22000.0,"Apartment with 1 bedrooms in Kolfe, now available. Floor space of 66 square metres. Features a private water tank. Comes with a backup generator. Quiet neighbourhood with good access to transport."
4-bedroom apartment in Addis Ketema available for rent. About 128 square metres of living space. Comes with a backup generator. Close to schools and markets.,Addis Ketema,Addis Ketema,4.0,2.0,128.5,False,40000.0,4-bedroom apartment in Addis Ketema available for rent. About 128 square metres of living space. Comes with a backup generator. Close to schools and markets.
"Apartment with 4 bedrooms in Akaky Kaliti, now available. Floor space of 118 square metres. Features a private water tank. Comes with a backup generator. Close to schools and markets.",Akaky Kaliti,Akaky Kaliti,4.0,3.0,117.6,False,39000.0,"Apartment with 4 bedrooms in Akaky Kaliti, now available. Floor space of 118 square metres. Features a private water tank. Comes with a backup generator. Close to schools and markets."
4-bedroom apartment in Addis Ketema available for rent. About 130 square metres of living space. Furnished and ready to move in. Ideal for families or professionals.,Addis Ketema,Addis Ketema,4.0,2.0,129.6,False,43500.0,4-bedroom apartment in Addis Ketema available for rent. About 130 square metres of living space. Furnished and ready to move in. Ideal for families or professionals.
"2-bedroom apartment in Arada available for rent. 98 square metres, well laid out. Well maintained apartment. Close to schools and markets.",Arada,Arada,2.0,2.0,97.9,False,36000.0,"2-bedroom apartment in Arada available for rent. 98 square metres, well laid out. Well maintained apartment. Close to schools and markets."
"Apartment with 4 bedrooms in Bole, now available. 117 square metres, well laid out. Well maintained apartment. Ideal for families or professionals.",Bole,Bole,4.0,3.0,117.4,False,52500.0,"Apartment with 4 bedrooms in Bole, now available. 117 square metres, well laid out. Well maintained apartment. Ideal for families or professionals."
4-bedroom apartment in Lidetta available for rent. About 126 square metres of living space. Furnished and ready to move in. Quiet neighbourhood with good access to transport.,Lidetta,Lidetta,4.0,2.0,125.5,False,43000.0,4-bedroom apartment in Lidetta available for rent. About 126 square metres of living space. Furnished and ready to move in. Quiet neighbourhood with good access to transport.
5-bedroom unit in Nifas Silk for long-term rental. Floor space of 135 square metres. Features a private water tank. Close to schools and markets.,Nifas Silk,Nifas Silk,5.0,3.0,135.4,False,49000.0,5-bedroom unit in Nifas Silk for long-term rental. Floor space of 135 square metres. Features a private water tank. Close to schools and markets.
"Rent a 1-bedroom home located in Nifas Silk. 75 square metres, well laid out. Features a private water tank. Ideal for families or professionals.",Nifas Silk,Nifas Silk,1.0,1.0,75.3,False,23500.0,"Rent a 1-bedroom home located in Nifas Silk. 75 square metres, well laid out. Features a private water tank. Ideal for families or professionals."
Rent a 4-bedroom home located in Kirkos. Floor space of 129 square metres. Comes with a backup generator. Furnished and ready to move in. Close to schools and markets.,Kirkos,Kirkos,4.0,2.0,128.9,False,63500.0,Rent a 4-bedroom home located in Kirkos. Floor space of 129 square metres. Comes with a backup generator. Furnished and ready to move in. Close to schools and markets.
"Apartment with 5 bedrooms in Nifas Silk, now available. 142 square metres, well laid out. Well maintained apartment. Well maintained and secure.",Nifas Silk,Nifas Silk,5.0,3.0,141.8,False,48500.0,"Apartment with 5 bedrooms in Nifas Silk, now available. 142 square metres, well laid out. Well maintained apartment. Well maintained and secure."
"Rent a 2-bedroom home located in Bole. 87 square metres, well laid out. Furnished and ready to move in. Close to schools and markets.",Bole,Bole,2.0,1.0,87.1,False,40500.0,"Rent a 2-bedroom home located in Bole. 87 square metres, well laid out. Furnished and ready to move in. Close to schools and markets."
"Rent a 4-bedroom home located in Gulele. 116 square metres, well laid out. Furnished and ready to move in. Ideal for families or professionals.",Gulele,Gulele,4.0,3.0,115.6,False,44000.0,"Rent a 4-bedroom home located in Gulele. 116 square metres, well laid out. Furnished and ready to move in. Ideal for families or professionals."
"Apartment with 1 bedrooms in Bole, now available. Floor space of 52 square metres. Features a private water tank. Close to schools and markets.",Bole,Bole,1.0,1.0,51.6,False,22500.0,"Apartment with 1 bedrooms in Bole, now available. Floor space of 52 square metres. Features a private water tank. Close to schools and markets."
4-bedroom unit in Gulele for long-term rental. Floor space of 112 square metres. Comes with a backup generator. Well maintained and secure.,Gulele,Gulele,4.0,2.0,112.5,False,39000.0,4-bedroom unit in Gulele for long-term rental. Floor space of 112 square metres. Comes with a backup generator. Well maintained and secure.
"Apartment with 4 bedrooms in Lidetta, now available. 117 square metres, well laid out. Well maintained apartment. Quiet neighbourhood with good access to transport.",Lidetta,Lidetta,4.0,2.0,117.2,False,36000.0,"Apartment with 4 bedrooms in Lidetta, now available. 117 square metres, well laid out. Well maintained apartment. Quiet neighbourhood with good access to transport."
"Apartment with 1 bedrooms in Arada, now available. Floor space of 80 square metres. Features a private water tank. Ideal for families or professionals.",Arada,Arada,1.0,1.0,80.3,False,29500.0,"Apartment with 1 bedrooms in Arada, now available. Floor space of 80 square metres. Features a private water tank. Ideal for families or professionals."
"Rent a 1-bedroom home located in Arada. 55 square metres, well laid out. Well maintained apartment. Ideal for families or professionals.",Arada,Arada,1.0,1.0,55.2,False,20000.0,"Rent a 1-bedroom home located in Arada. 55 square metres, well laid out. Well maintained apartment. Ideal for families or professionals."
"4-bedroom apartment in Yeka available for rent. 136 square metres, well laid out. Features a private water tank. Ideal for families or professionals.",Yeka,Yeka,4.0,2.0,135.6,False,49000.0,"4-bedroom apartment in Yeka available for rent. 136 square metres, well laid out. Features a private water tank. Ideal for families or professionals."
2-bedroom apartment in Addis Ketema available for rent. About 76 square metres of living space. Features a private water tank. Close to schools and markets.,Addis Ketema,Addis Ketema,2.0,2.0,76.0,False,24000.0,2-bedroom apartment in Addis Ketema available for rent. About 76 square metres of living space. Features a private water tank. Close to schools and markets.
Rent a 3-bedroom home located in Gulele. About 117 square metres of living space. Features a private water tank. Comes with a backup generator. Ideal for families or professionals.,Gulele,Gulele,3.0,2.0,117.1,False,39500.0,Rent a 3-bedroom home located in Gulele. About 117 square metres of living space. Features a private water tank. Comes with a backup generator. Ideal for families or professionals.
1-bedroom apartment in Kirkos available for rent. Floor space of 52 square metres. Features a private water tank. Quiet neighbourhood with good access to transport.,Kirkos,Kirkos,1.0,1.0,51.7,False,21500.0,1-bedroom apartment in Kirkos available for rent. Floor space of 52 square metres. Features a private water tank. Quiet neighbourhood with good access to transport.
5-bedroom unit in Bole for long-term rental. Floor space of 152 square metres. Features a private water tank. Quiet neighbourhood with good access to transport.,Bole,Bole,5.0,3.0,152.5,False,68000.0,5-bedroom unit in Bole for long-term rental. Floor space of 152 square metres. Features a private water tank. Quiet neighbourhood with good access to transport.
Rent a 3-bedroom home located in Yeka. About 109 square metres of living space. Features a private water tank. Ideal for families or professionals.,Yeka,Yeka,3.0,2.0,108.6,False,39500.0,Rent a 3-bedroom home located in Yeka. About 109 square metres of living space. Features a private water tank. Ideal for families or professionals.
"5-bedroom apartment in Arada available for rent. 180 square metres, well laid out. Features a private water tank. Close to schools and markets.",Arada,Arada,5.0,3.0,179.9,False,70500.0,"5-bedroom apartment in Arada available for rent. 180 square metres, well laid out. Features a private water tank. Close to schools and markets."
Rent a 1-bedroom home located in Akaky Kaliti. About 72 square metres of living space. Well maintained apartment. Quiet neighbourhood with good access to transport.,Akaky Kaliti,Akaky Kaliti,1.0,1.0,71.6,False,17000.0,Rent a 1-bedroom home located in Akaky Kaliti. About 72 square metres of living space. Well maintained apartment. Quiet neighbourhood with good access to transport.
2-bedroom unit in Gulele for long-term rental. Floor space of 79 square metres. Features a private water tank. Ideal for families or professionals.,Gulele,Gulele,2.0,1.0,78.9,False,25000.0,2-bedroom unit in Gulele for long-term rental. Floor space of 79 square metres. Features a private water tank. Ideal for families or professionals.
4-bedroom apartment in Yeka available for rent. Floor space of 138 square metres. Features a private water tank. Quiet neighbourhood with good access to transport.,Yeka,Yeka,4.0,3.0,138.2,False,51000.0,4-bedroom apartment in Yeka available for rent. Floor space of 138 square metres. Features a private water tank. Quiet neighbourhood with good access to transport.
4-bedroom unit in Lidetta for long-term rental. About 156 square metres of living space. Well maintained apartment. Quiet neighbourhood with good access to transport.,Lidetta,Lidetta,4.0,2.0,155.7,False,44000.0,4-bedroom unit in Lidetta for long-term rental. About 156 square metres of living space. Well maintained apartment. Quiet neighbourhood with good access to transport.
"Apartment with 4 bedrooms in Kirkos, now available. Floor space of 110 square metres. Well maintained apartment. Well maintained and secure.",Kirkos,Kirkos,4.0,3.0,110.4,False,47500.0,"Apartment with 4 bedrooms in Kirkos, now available. Floor space of 110 square metres. Well maintained apartment. Well maintained and secure."
"5-bedroom apartment in Lidetta available for rent. 142 square metres, well laid out. Features a private water tank. Ideal for families or professionals.",Lidetta,Lidetta,5.0,3.0,141.9,False,46000.0,"5-bedroom apartment in Lidetta available for rent. 142 square metres, well laid out. Features a private water tank. Ideal for families or professionals."
"5-bedroom unit in Yeka for long-term rental. 149 square metres, well laid out. Features a private water tank. Well maintained and secure.",Yeka,Yeka,5.0,2.0,149.2,False,54500.0,"5-bedroom unit in Yeka for long-term rental. 149 square metres, well laid out. Features a private water tank. Well maintained and secure."
Rent a 1-bedroom home located in Nifas Silk. About 59 square metres of living space. Features a private water tank. Comes with a backup generator. Well maintained and secure.,Nifas Silk,Nifas Silk,1.0,1.0,59.0,False,22000.0,Rent a 1-bedroom home located in Nifas Silk. About 59 square metres of living space. Features a private water tank. Comes with a backup generator. Well maintained and secure.
2-bedroom apartment in Akaky Kaliti available for rent. About 82 square metres of living space. Features a private water tank. Well maintained and secure.,Akaky Kaliti,Akaky Kaliti,2.0,1.0,82.0,False,23000.0,2-bedroom apartment in Akaky Kaliti available for rent. About 82 square metres of living space. Features a private water tank. Well maintained and secure.
5-bedroom apartment in Yeka available for rent. About 136 square metres of living space. Features a private water tank. Comes with a backup generator. Furnished and ready to move in. Well maintained and secure.,Yeka,Yeka,5.0,3.0,136.3,False,63500.0,5-bedroom apartment in Yeka available for rent. About 136 square metres of living space. Features a private water tank. Comes with a backup generator. Furnished and ready to move in. Well maintained and secure.
"Rent a 3-bedroom home located in Gulele. 125 square metres, well laid out. Features a private water tank. Furnished and ready to move in. Close to schools and markets.",Gulele,Gulele,3.0,2.0,124.8,False,44500.0,"Rent a 3-bedroom home located in Gulele. 125 square metres, well laid out. Features a private water tank. Furnished and ready to move in. Close to schools and markets."
5-bedroom apartment in Addis Ketema available for rent. About 135 square metres of living space. Features a private water tank. Comes with a backup generator. Close to schools and markets.,Addis Ketema,Addis Ketema,5.0,3.0,134.9,False,46500.0,5-bedroom apartment in Addis Ketema available for rent. About 135 square metres of living space. Features a private water tank. Comes with a backup generator. Close to schools and markets.
3-bedroom apartment in Bole available for rent. Floor space of 106 square metres. Furnished and ready to move in. Close to schools and markets.,Bole,Bole,3.0,2.0,105.6,False,51500.0,3-bedroom apartment in Bole available for rent. Floor space of 106 square metres. Furnished and ready to move in. Close to schools and markets.
"Apartment with 1 bedrooms in Bole, now available. About 76 square metres of living space. Furnished and ready to move in. Quiet neighbourhood with good access to transport.",Bole,Bole,1.0,1.0,76.5,False,34000.0,"Apartment with 1 bedrooms in Bole, now available. About 76 square metres of living space. Furnished and ready to move in. Quiet neighbourhood with good access to transport."
Rent a 3-bedroom home located in Gulele. Floor space of 108 square metres. Features a private water tank. Comes with a backup generator. Furnished and ready to move in. Quiet neighbourhood with good access to transport.,Gulele,Gulele,3.0,1.0,107.6,False,42000.0,Rent a 3-bedroom home located in Gulele. Floor space of 108 square metres. Features a private water tank. Comes with a backup generator. Furnished and ready to move in. Quiet neighbourhood with good access to transport.
"Apartment with 5 bedrooms in Kirkos, now available. Floor space of 140 square metres. Well maintained apartment. Ideal for families or professionals.",Kirkos,Kirkos,5.0,3.0,140.2,False,59500.0,"Apartment with 5 bedrooms in Kirkos, now available. Floor space of 140 square metres. Well maintained apartment. Ideal for families or professionals."
"4-bedroom unit in Bole for long-term rental. 114 square metres, well laid out. Well maintained apartment. Well maintained and secure.",Bole,Bole,4.0,3.0,113.8,False,51000.0,"4-bedroom unit in Bole for long-term rental. 114 square metres, well laid out. Well maintained apartment. Well maintained and secure."
"Apartment with 1 bedrooms in Arada, now available. Floor space of 61 square metres. Well maintained apartment. Quiet neighbourhood with good access to transport.",Arada,Arada,1.0,1.0,61.2,False,22000.0,"Apartment with 1 bedrooms in Arada, now available. Floor space of 61 square metres. Well maintained apartment. Quiet neighbourhood with good access to transport."
Rent a 2-bedroom home located in Kolfe. About 77 square metres of living space. Comes with a backup generator. Ideal for families or professionals.,Kolfe,Kolfe,2.0,2.0,76.9,False,26000.0,Rent a 2-bedroom home located in Kolfe. About 77 square metres of living space. Comes with a backup generator. Ideal for families or professionals.
Rent a 5-bedroom home located in Yeka. Floor space of 154 square metres. Features a private water tank. Ideal for families or professionals.,Yeka,Yeka,5.0,3.0,154.5,False,57500.0,Rent a 5-bedroom home located in Yeka. Floor space of 154 square metres. Features a private water tank. Ideal for families or professionals.
"Rent a 5-bedroom home located in Kirkos. 135 square metres, well laid out. Furnished and ready to move in. Quiet neighbourhood with good access to transport.",Kirkos,Kirkos,5.0,3.0,135.2,False,66500.0,"Rent a 5-bedroom home located in Kirkos. 135 square metres, well laid out. Furnished and ready to move in. Quiet neighbourhood with good access to transport."
"4-bedroom apartment in Lidetta available for rent. 140 square metres, well laid out. Well maintained apartment. Well maintained and secure.",Lidetta,Lidetta,4.0,2.0,139.8,False,40500.0,"4-bedroom apartment in Lidetta available for rent. 140 square metres, well laid out. Well maintained apartment. Well maintained and secure."
"1-bedroom unit in Arada for long-term rental. 65 square metres, well laid out. Furnished and ready to move in. Close to schools and markets.",Arada,Arada,1.0,1.0,65.4,False,26500.0,"1-bedroom unit in Arada for long-term rental. 65 square metres, well laid out. Furnished and ready to move in. Close to schools and markets."
